"target","chain_range"
"class_indicator[1,1]",1
"class_indicator[1,2]",1
"class_indicator[1,3]",0
"class_indicator[2,1]",0.041
"class_indicator[2,2]",0.041
"class_indicator[2,3]",0
"class_indicator[3,1]",0.341
"class_indicator[3,2]",0.341
"class_indicator[3,3]",0
"class_indicator[4,1]",0.2205
"class_indicator[4,2]",0.2205
"class_indicator[4,3]",0
"class_indicator[5,1]",0.197
"class_indicator[5,2]",0.197
"class_indicator[5,3]",0
"class_indicator[6,1]",0.0475
"class_indicator[6,2]",0.0475
"class_indicator[6,3]",0
"class_indicator[7,1]",0.129
"class_indicator[7,2]",0.129
"class_indicator[7,3]",0
"class_indicator[8,1]",0.2985
"class_indicator[8,2]",0.2985
"class_indicator[8,3]",0
"class_indicator[9,1]",0.247
"class_indicator[9,2]",0.247
"class_indicator[9,3]",0
"class_indicator[10,1]",0.274
"class_indicator[10,2]",0.274
"class_indicator[10,3]",0
"class_indicator[11,1]",0.0445
"class_indicator[11,2]",0.0445
"class_indicator[11,3]",0
"class_indicator[12,1]",0.2005
"class_indicator[12,2]",0.2005
"class_indicator[12,3]",0
"class_indicator[13,1]",0.268
"class_indicator[13,2]",0.268
"class_indicator[13,3]",0
"class_indicator[14,1]",0.083
"class_indicator[14,2]",0.083
"class_indicator[14,3]",0
"class_indicator[15,1]",0.1805
"class_indicator[15,2]",0.1805
"class_indicator[15,3]",0
"class_indicator[16,1]",0.066
"class_indicator[16,2]",0.066
"class_indicator[16,3]",0
"class_indicator[17,1]",0.4135
"class_indicator[17,2]",0.4135
"class_indicator[17,3]",0
"class_indicator[18,1]",0.2245
"class_indicator[18,2]",0.2245
"class_indicator[18,3]",0
"class_indicator[19,1]",1
"class_indicator[19,2]",1
"class_indicator[19,3]",0
"class_indicator[20,1]",1
"class_indicator[20,2]",1
"class_indicator[20,3]",0
"class_indicator[21,1]",0.2595
"class_indicator[21,2]",0.2595
"class_indicator[21,3]",0
"class_indicator[22,1]",0.4015
"class_indicator[22,2]",0.4015
"class_indicator[22,3]",0
"class_indicator[23,1]",0.4235
"class_indicator[23,2]",0.4235
"class_indicator[23,3]",0
"class_indicator[24,1]",0.228
"class_indicator[24,2]",0.228
"class_indicator[24,3]",0
"class_indicator[25,1]",0.2965
"class_indicator[25,2]",0.2965
"class_indicator[25,3]",0
"class_indicator[26,1]",0.3015
"class_indicator[26,2]",0.3015
"class_indicator[26,3]",0
"class_indicator[27,1]",0.32
"class_indicator[27,2]",0.32
"class_indicator[27,3]",0
"class_indicator[28,1]",0.2435
"class_indicator[28,2]",0.2435
"class_indicator[28,3]",0
"class_indicator[29,1]",0.246
"class_indicator[29,2]",0.246
"class_indicator[29,3]",0
"class_indicator[30,1]",0.399
"class_indicator[30,2]",0.399
"class_indicator[30,3]",0
"class_indicator[31,1]",0.5605
"class_indicator[31,2]",0.5605
"class_indicator[31,3]",0
"class_indicator[32,1]",0.3755
"class_indicator[32,2]",0.3755
"class_indicator[32,3]",0
"class_indicator[33,1]",0.412
"class_indicator[33,2]",0.412
"class_indicator[33,3]",0
"class_indicator[34,1]",0.313
"class_indicator[34,2]",0.313
"class_indicator[34,3]",0
"class_indicator[35,1]",0.2335
"class_indicator[35,2]",0.2335
"class_indicator[35,3]",0
"class_indicator[36,1]",0.192
"class_indicator[36,2]",0.192
"class_indicator[36,3]",0
"class_indicator[37,1]",0.2165
"class_indicator[37,2]",0.2165
"class_indicator[37,3]",0
"class_indicator[38,1]",1
"class_indicator[38,2]",1
"class_indicator[38,3]",0
"class_indicator[39,1]",0.2115
"class_indicator[39,2]",0.2115
"class_indicator[39,3]",0
"class_indicator[40,1]",0.318
"class_indicator[40,2]",0.318
"class_indicator[40,3]",0
"class_indicator[41,1]",0.2405
"class_indicator[41,2]",0.2405
"class_indicator[41,3]",0
"class_indicator[42,1]",0.314
"class_indicator[42,2]",0.314
"class_indicator[42,3]",0
"class_indicator[43,1]",0.632
"class_indicator[43,2]",0.632
"class_indicator[43,3]",0
"class_indicator[44,1]",0.6615
"class_indicator[44,2]",0.6615
"class_indicator[44,3]",0
"class_indicator[45,1]",1
"class_indicator[45,2]",1
"class_indicator[45,3]",0
"class_indicator[46,1]",1
"class_indicator[46,2]",1
"class_indicator[46,3]",0
"class_indicator[47,1]",1
"class_indicator[47,2]",1
"class_indicator[47,3]",0
"class_indicator[48,1]",1
"class_indicator[48,2]",1
"class_indicator[48,3]",0
"class_indicator[49,1]",0.9995
"class_indicator[49,2]",0.9995
"class_indicator[49,3]",0
"class_indicator[50,1]",0.346
"class_indicator[50,2]",0.346
"class_indicator[50,3]",0
"class_indicator[51,1]",0.578
"class_indicator[51,2]",0.578
"class_indicator[51,3]",0
"class_indicator[52,1]",0.3935
"class_indicator[52,2]",0.3935
"class_indicator[52,3]",0
"class_indicator[53,1]",1
"class_indicator[53,2]",1
"class_indicator[53,3]",0
"class_indicator[54,1]",1
"class_indicator[54,2]",1
"class_indicator[54,3]",0
"class_indicator[55,1]",0.72
"class_indicator[55,2]",0.72
"class_indicator[55,3]",0
"class_indicator[56,1]",0.6555
"class_indicator[56,2]",0.6555
"class_indicator[56,3]",0
"class_indicator[57,1]",1
"class_indicator[57,2]",1
"class_indicator[57,3]",0
"class_indicator[58,1]",0.565
"class_indicator[58,2]",0.565
"class_indicator[58,3]",0
"class_indicator[59,1]",0.5615
"class_indicator[59,2]",0.5615
"class_indicator[59,3]",0
"class_indicator[60,1]",0.7395
"class_indicator[60,2]",0.7395
"class_indicator[60,3]",0
"class_indicator[61,1]",0.5035
"class_indicator[61,2]",0.5035
"class_indicator[61,3]",0
"class_indicator[62,1]",0.3965
"class_indicator[62,2]",0.3965
"class_indicator[62,3]",0
"class_indicator[63,1]",1
"class_indicator[63,2]",1
"class_indicator[63,3]",0
"class_indicator[64,1]",0.529
"class_indicator[64,2]",0.529
"class_indicator[64,3]",0
"class_indicator[65,1]",1
"class_indicator[65,2]",1
"class_indicator[65,3]",0
"class_indicator[66,1]",0.4425
"class_indicator[66,2]",0.4425
"class_indicator[66,3]",0
"class_indicator[67,1]",0.4885
"class_indicator[67,2]",0.4885
"class_indicator[67,3]",0
"class_indicator[68,1]",0.5025
"class_indicator[68,2]",0.5025
"class_indicator[68,3]",0
"class_indicator[69,1]",0.406
"class_indicator[69,2]",0.406
"class_indicator[69,3]",0
"class_indicator[70,1]",0.5375
"class_indicator[70,2]",0.5375
"class_indicator[70,3]",0
"class_indicator[71,1]",0.4935
"class_indicator[71,2]",0.4935
"class_indicator[71,3]",0
"class_indicator[72,1]",0.5985
"class_indicator[72,2]",0.5985
"class_indicator[72,3]",0
"class_indicator[73,1]",1
"class_indicator[73,2]",1
"class_indicator[73,3]",0
"class_indicator[74,1]",1
"class_indicator[74,2]",1
"class_indicator[74,3]",0
"class_indicator[75,1]",1
"class_indicator[75,2]",1
"class_indicator[75,3]",0
"class_indicator[76,1]",0.758
"class_indicator[76,2]",0.758
"class_indicator[76,3]",0
"class_indicator[77,1]",0.7095
"class_indicator[77,2]",0.7095
"class_indicator[77,3]",0
"class_indicator[78,1]",0.709
"class_indicator[78,2]",0.709
"class_indicator[78,3]",0
"class_indicator[79,1]",0.882
"class_indicator[79,2]",0.882
"class_indicator[79,3]",0
"class_indicator[80,1]",0.6845
"class_indicator[80,2]",0.6845
"class_indicator[80,3]",0
"class_indicator[81,1]",1
"class_indicator[81,2]",1
"class_indicator[81,3]",0
"class_indicator[82,1]",0.305
"class_indicator[82,2]",0.305
"class_indicator[82,3]",0
"class_indicator[83,1]",1
"class_indicator[83,2]",1
"class_indicator[83,3]",0
"class_indicator[84,1]",0.3345
"class_indicator[84,2]",0.3345
"class_indicator[84,3]",0
"class_indicator[85,1]",0.3765
"class_indicator[85,2]",0.3765
"class_indicator[85,3]",0
"class_indicator[86,1]",0.36
"class_indicator[86,2]",0.36
"class_indicator[86,3]",0
"class_indicator[87,1]",0.4525
"class_indicator[87,2]",0.4525
"class_indicator[87,3]",0
"class_indicator[88,1]",0.376
"class_indicator[88,2]",0.376
"class_indicator[88,3]",0
"class_indicator[89,1]",0.371
"class_indicator[89,2]",0.371
"class_indicator[89,3]",0
"class_indicator[90,1]",0.4195
"class_indicator[90,2]",0.4195
"class_indicator[90,3]",0
"class_indicator[91,1]",0.3245
"class_indicator[91,2]",0.3245
"class_indicator[91,3]",0
"class_indicator[92,1]",0.5815
"class_indicator[92,2]",0.5815
"class_indicator[92,3]",0
"class_indicator[93,1]",0.5605
"class_indicator[93,2]",0.5605
"class_indicator[93,3]",0
"class_indicator[94,1]",0.6435
"class_indicator[94,2]",0.6435
"class_indicator[94,3]",0
"class_indicator[95,1]",0.6395
"class_indicator[95,2]",0.6395
"class_indicator[95,3]",0
"class_indicator[96,1]",0.708
"class_indicator[96,2]",0.708
"class_indicator[96,3]",0
"class_indicator[97,1]",0.6365
"class_indicator[97,2]",0.6365
"class_indicator[97,3]",0
"class_indicator[98,1]",0.5325
"class_indicator[98,2]",0.5325
"class_indicator[98,3]",0
"class_indicator[99,1]",0.584
"class_indicator[99,2]",0.584
"class_indicator[99,3]",0
"class_indicator[100,1]",0.7165
"class_indicator[100,2]",0.7165
"class_indicator[100,3]",0
"class_indicator[101,1]",0.4775
"class_indicator[101,2]",0.4775
"class_indicator[101,3]",0
"class_indicator[102,1]",0.5225
"class_indicator[102,2]",0.5225
"class_indicator[102,3]",0
"class_indicator[103,1]",0.599
"class_indicator[103,2]",0.599
"class_indicator[103,3]",0
"class_indicator[104,1]",0.6985
"class_indicator[104,2]",0.6985
"class_indicator[104,3]",0
"class_indicator[105,1]",0.5865
"class_indicator[105,2]",0.5865
"class_indicator[105,3]",0
"class_indicator[106,1]",0.5345
"class_indicator[106,2]",0.5345
"class_indicator[106,3]",0
"class_indicator[107,1]",0.711
"class_indicator[107,2]",0.711
"class_indicator[107,3]",0
"class_indicator[108,1]",0.408
"class_indicator[108,2]",0.408
"class_indicator[108,3]",0
"class_indicator[109,1]",0.4155
"class_indicator[109,2]",0.4155
"class_indicator[109,3]",0
"class_indicator[110,1]",1
"class_indicator[110,2]",1
"class_indicator[110,3]",0
"class_indicator[111,1]",0.5545
"class_indicator[111,2]",0.5545
"class_indicator[111,3]",0
"class_indicator[112,1]",0.531
"class_indicator[112,2]",0.531
"class_indicator[112,3]",0
"class_indicator[113,1]",0.715
"class_indicator[113,2]",0.715
"class_indicator[113,3]",0
"class_indicator[114,1]",0.7635
"class_indicator[114,2]",0.7635
"class_indicator[114,3]",0
"class_indicator[115,1]",0.8105
"class_indicator[115,2]",0.8105
"class_indicator[115,3]",0
"class_indicator[116,1]",0.7905
"class_indicator[116,2]",0.7905
"class_indicator[116,3]",0
"class_indicator[117,1]",0.777
"class_indicator[117,2]",0.777
"class_indicator[117,3]",0
"class_indicator[118,1]",0.778
"class_indicator[118,2]",0.778
"class_indicator[118,3]",0
"class_indicator[119,1]",0.8005
"class_indicator[119,2]",0.8005
"class_indicator[119,3]",0
"class_indicator[120,1]",0.7055
"class_indicator[120,2]",0.7055
"class_indicator[120,3]",0
"class_indicator[121,1]",0.698
"class_indicator[121,2]",0.698
"class_indicator[121,3]",0
"class_indicator[122,1]",0.681
"class_indicator[122,2]",0.681
"class_indicator[122,3]",0
"class_indicator[123,1]",0.9625
"class_indicator[123,2]",0.9625
"class_indicator[123,3]",0
"class_indicator[124,1]",0.5265
"class_indicator[124,2]",0.5265
"class_indicator[124,3]",0
"class_indicator[125,1]",0.7505
"class_indicator[125,2]",0.7505
"class_indicator[125,3]",0
"class_indicator[126,1]",0.7625
"class_indicator[126,2]",0.7625
"class_indicator[126,3]",0
"class_indicator[127,1]",1
"class_indicator[127,2]",1
"class_indicator[127,3]",0
"class_indicator[128,1]",1
"class_indicator[128,2]",1
"class_indicator[128,3]",0
"class_indicator[129,1]",0.198
"class_indicator[129,2]",0.198
"class_indicator[129,3]",0
"class_indicator[130,1]",0.247
"class_indicator[130,2]",0.247
"class_indicator[130,3]",0
"class_indicator[131,1]",0.4755
"class_indicator[131,2]",0.4755
"class_indicator[131,3]",0
"class_indicator[132,1]",0.609
"class_indicator[132,2]",0.609
"class_indicator[132,3]",0
"class_indicator[133,1]",0.52
"class_indicator[133,2]",0.52
"class_indicator[133,3]",0
"class_indicator[134,1]",0.624
"class_indicator[134,2]",0.624
"class_indicator[134,3]",0
"class_indicator[135,1]",1
"class_indicator[135,2]",1
"class_indicator[135,3]",0
"class_indicator[136,1]",0.264
"class_indicator[136,2]",0.264
"class_indicator[136,3]",0
"class_indicator[137,1]",0.3935
"class_indicator[137,2]",0.3935
"class_indicator[137,3]",0
"class_indicator[138,1]",0.333
"class_indicator[138,2]",0.333
"class_indicator[138,3]",0
"class_indicator[139,1]",0.4715
"class_indicator[139,2]",0.4715
"class_indicator[139,3]",0
"class_indicator[140,1]",0.629
"class_indicator[140,2]",0.629
"class_indicator[140,3]",0
"class_indicator[141,1]",0.235
"class_indicator[141,2]",0.235
"class_indicator[141,3]",0
"class_indicator[142,1]",0.4275
"class_indicator[142,2]",0.4275
"class_indicator[142,3]",0
"class_indicator[143,1]",0.07
"class_indicator[143,2]",0.07
"class_indicator[143,3]",0
