"stan","jags"
"alpha[1]","tau.alpha"
"alpha[2]","nu.alpha"
"alpha[3]","iota.m.alpha"
"alpha[4]","iota.s.alpha"
"alpha[5]","chi.m.alpha"
"alpha[6]","chi.s.alpha"
"b0[1]","beta.tau1"
"b0[2]","beta.nu1"
"b0[3]","beta.iota.m1"
"b0[4]","beta.iota.s1"
"b0[5]","beta.chi.m1"
"b0[6]","beta.chi.s1"
"v[1]","tb"
"v[2]","nb"
"v[3]","imb"
"v[4]","isb"
"v[5]","cmb"
"v[6]","csb"
"mu[1,1]","mu.tau[1]"
"mu[2,1]","mu.tau[2]"
"mu[3,1]","mu.tau[3]"
"mu[4,1]","mu.tau[4]"
"mu[5,1]","mu.tau[5]"
"mu[6,1]","mu.tau[6]"
"mu[7,1]","mu.tau[7]"
"mu[8,1]","mu.tau[8]"
"mu[9,1]","mu.tau[9]"
"mu[10,1]","mu.tau[10]"
"mu[11,1]","mu.tau[11]"
"mu[12,1]","mu.tau[12]"
"mu[13,1]","mu.tau[13]"
"mu[14,1]","mu.tau[14]"
"mu[15,1]","mu.tau[15]"
"mu[16,1]","mu.tau[16]"
"mu[17,1]","mu.tau[17]"
"mu[18,1]","mu.tau[18]"
"mu[19,1]","mu.tau[19]"
"mu[20,1]","mu.tau[20]"
"mu[21,1]","mu.tau[21]"
"mu[22,1]","mu.tau[22]"
"mu[23,1]","mu.tau[23]"
"mu[24,1]","mu.tau[24]"
"mu[25,1]","mu.tau[25]"
"mu[26,1]","mu.tau[26]"
"mu[27,1]","mu.tau[27]"
"mu[28,1]","mu.tau[28]"
"mu[29,1]","mu.tau[29]"
"mu[30,1]","mu.tau[30]"
"mu[31,1]","mu.tau[31]"
"mu[32,1]","mu.tau[32]"
"mu[33,1]","mu.tau[33]"
"mu[34,1]","mu.tau[34]"
"mu[35,1]","mu.tau[35]"
"mu[36,1]","mu.tau[36]"
"mu[37,1]","mu.tau[37]"
"mu[38,1]","mu.tau[38]"
"mu[39,1]","mu.tau[39]"
"mu[40,1]","mu.tau[40]"
"mu[41,1]","mu.tau[41]"
"mu[42,1]","mu.tau[42]"
"mu[43,1]","mu.tau[43]"
"mu[44,1]","mu.tau[44]"
"mu[45,1]","mu.tau[45]"
"mu[46,1]","mu.tau[46]"
"mu[47,1]","mu.tau[47]"
"mu[48,1]","mu.tau[48]"
"mu[49,1]","mu.tau[49]"
"mu[50,1]","mu.tau[50]"
"mu[51,1]","mu.tau[51]"
"mu[52,1]","mu.tau[52]"
"mu[53,1]","mu.tau[53]"
"mu[54,1]","mu.tau[54]"
"mu[55,1]","mu.tau[55]"
"mu[56,1]","mu.tau[56]"
"mu[57,1]","mu.tau[57]"
"mu[58,1]","mu.tau[58]"
"mu[59,1]","mu.tau[59]"
"mu[60,1]","mu.tau[60]"
"mu[61,1]","mu.tau[61]"
"mu[62,1]","mu.tau[62]"
"mu[63,1]","mu.tau[63]"
"mu[64,1]","mu.tau[64]"
"mu[65,1]","mu.tau[65]"
"mu[66,1]","mu.tau[66]"
"mu[67,1]","mu.tau[67]"
"mu[68,1]","mu.tau[68]"
"mu[69,1]","mu.tau[69]"
"mu[70,1]","mu.tau[70]"
"mu[71,1]","mu.tau[71]"
"mu[72,1]","mu.tau[72]"
"mu[73,1]","mu.tau[73]"
"mu[74,1]","mu.tau[74]"
"mu[75,1]","mu.tau[75]"
"mu[76,1]","mu.tau[76]"
"mu[77,1]","mu.tau[77]"
"mu[78,1]","mu.tau[78]"
"mu[79,1]","mu.tau[79]"
"mu[80,1]","mu.tau[80]"
"mu[81,1]","mu.tau[81]"
"mu[82,1]","mu.tau[82]"
"mu[83,1]","mu.tau[83]"
"mu[84,1]","mu.tau[84]"
"mu[85,1]","mu.tau[85]"
"mu[86,1]","mu.tau[86]"
"mu[87,1]","mu.tau[87]"
"mu[88,1]","mu.tau[88]"
"mu[89,1]","mu.tau[89]"
"mu[90,1]","mu.tau[90]"
"mu[91,1]","mu.tau[91]"
"mu[92,1]","mu.tau[92]"
"mu[93,1]","mu.tau[93]"
"mu[94,1]","mu.tau[94]"
"mu[95,1]","mu.tau[95]"
"mu[96,1]","mu.tau[96]"
"mu[97,1]","mu.tau[97]"
"mu[98,1]","mu.tau[98]"
"mu[99,1]","mu.tau[99]"
"mu[100,1]","mu.tau[100]"
"mu[101,1]","mu.tau[101]"
"mu[102,1]","mu.tau[102]"
"mu[103,1]","mu.tau[103]"
"mu[104,1]","mu.tau[104]"
"mu[105,1]","mu.tau[105]"
"mu[106,1]","mu.tau[106]"
"mu[107,1]","mu.tau[107]"
"mu[108,1]","mu.tau[108]"
"mu[109,1]","mu.tau[109]"
"mu[110,1]","mu.tau[110]"
"mu[111,1]","mu.tau[111]"
"mu[112,1]","mu.tau[112]"
"mu[113,1]","mu.tau[113]"
"mu[114,1]","mu.tau[114]"
"mu[115,1]","mu.tau[115]"
"mu[116,1]","mu.tau[116]"
"mu[117,1]","mu.tau[117]"
"mu[118,1]","mu.tau[118]"
"mu[119,1]","mu.tau[119]"
"mu[120,1]","mu.tau[120]"
"mu[121,1]","mu.tau[121]"
"mu[122,1]","mu.tau[122]"
"mu[123,1]","mu.tau[123]"
"mu[124,1]","mu.tau[124]"
"mu[125,1]","mu.tau[125]"
"mu[126,1]","mu.tau[126]"
"mu[127,1]","mu.tau[127]"
"mu[128,1]","mu.tau[128]"
"mu[129,1]","mu.tau[129]"
"mu[130,1]","mu.tau[130]"
"mu[131,1]","mu.tau[131]"
"mu[132,1]","mu.tau[132]"
"mu[133,1]","mu.tau[133]"
"mu[134,1]","mu.tau[134]"
"mu[135,1]","mu.tau[135]"
"mu[136,1]","mu.tau[136]"
"mu[137,1]","mu.tau[137]"
"mu[138,1]","mu.tau[138]"
"mu[139,1]","mu.tau[139]"
"mu[140,1]","mu.tau[140]"
"mu[141,1]","mu.tau[141]"
"mu[142,1]","mu.tau[142]"
"mu[143,1]","mu.tau[143]"
"mu[1,2]","mu.nu[1]"
"mu[2,2]","mu.nu[2]"
"mu[3,2]","mu.nu[3]"
"mu[4,2]","mu.nu[4]"
"mu[5,2]","mu.nu[5]"
"mu[6,2]","mu.nu[6]"
"mu[7,2]","mu.nu[7]"
"mu[8,2]","mu.nu[8]"
"mu[9,2]","mu.nu[9]"
"mu[10,2]","mu.nu[10]"
"mu[11,2]","mu.nu[11]"
"mu[12,2]","mu.nu[12]"
"mu[13,2]","mu.nu[13]"
"mu[14,2]","mu.nu[14]"
"mu[15,2]","mu.nu[15]"
"mu[16,2]","mu.nu[16]"
"mu[17,2]","mu.nu[17]"
"mu[18,2]","mu.nu[18]"
"mu[19,2]","mu.nu[19]"
"mu[20,2]","mu.nu[20]"
"mu[21,2]","mu.nu[21]"
"mu[22,2]","mu.nu[22]"
"mu[23,2]","mu.nu[23]"
"mu[24,2]","mu.nu[24]"
"mu[25,2]","mu.nu[25]"
"mu[26,2]","mu.nu[26]"
"mu[27,2]","mu.nu[27]"
"mu[28,2]","mu.nu[28]"
"mu[29,2]","mu.nu[29]"
"mu[30,2]","mu.nu[30]"
"mu[31,2]","mu.nu[31]"
"mu[32,2]","mu.nu[32]"
"mu[33,2]","mu.nu[33]"
"mu[34,2]","mu.nu[34]"
"mu[35,2]","mu.nu[35]"
"mu[36,2]","mu.nu[36]"
"mu[37,2]","mu.nu[37]"
"mu[38,2]","mu.nu[38]"
"mu[39,2]","mu.nu[39]"
"mu[40,2]","mu.nu[40]"
"mu[41,2]","mu.nu[41]"
"mu[42,2]","mu.nu[42]"
"mu[43,2]","mu.nu[43]"
"mu[44,2]","mu.nu[44]"
"mu[45,2]","mu.nu[45]"
"mu[46,2]","mu.nu[46]"
"mu[47,2]","mu.nu[47]"
"mu[48,2]","mu.nu[48]"
"mu[49,2]","mu.nu[49]"
"mu[50,2]","mu.nu[50]"
"mu[51,2]","mu.nu[51]"
"mu[52,2]","mu.nu[52]"
"mu[53,2]","mu.nu[53]"
"mu[54,2]","mu.nu[54]"
"mu[55,2]","mu.nu[55]"
"mu[56,2]","mu.nu[56]"
"mu[57,2]","mu.nu[57]"
"mu[58,2]","mu.nu[58]"
"mu[59,2]","mu.nu[59]"
"mu[60,2]","mu.nu[60]"
"mu[61,2]","mu.nu[61]"
"mu[62,2]","mu.nu[62]"
"mu[63,2]","mu.nu[63]"
"mu[64,2]","mu.nu[64]"
"mu[65,2]","mu.nu[65]"
"mu[66,2]","mu.nu[66]"
"mu[67,2]","mu.nu[67]"
"mu[68,2]","mu.nu[68]"
"mu[69,2]","mu.nu[69]"
"mu[70,2]","mu.nu[70]"
"mu[71,2]","mu.nu[71]"
"mu[72,2]","mu.nu[72]"
"mu[73,2]","mu.nu[73]"
"mu[74,2]","mu.nu[74]"
"mu[75,2]","mu.nu[75]"
"mu[76,2]","mu.nu[76]"
"mu[77,2]","mu.nu[77]"
"mu[78,2]","mu.nu[78]"
"mu[79,2]","mu.nu[79]"
"mu[80,2]","mu.nu[80]"
"mu[81,2]","mu.nu[81]"
"mu[82,2]","mu.nu[82]"
"mu[83,2]","mu.nu[83]"
"mu[84,2]","mu.nu[84]"
"mu[85,2]","mu.nu[85]"
"mu[86,2]","mu.nu[86]"
"mu[87,2]","mu.nu[87]"
"mu[88,2]","mu.nu[88]"
"mu[89,2]","mu.nu[89]"
"mu[90,2]","mu.nu[90]"
"mu[91,2]","mu.nu[91]"
"mu[92,2]","mu.nu[92]"
"mu[93,2]","mu.nu[93]"
"mu[94,2]","mu.nu[94]"
"mu[95,2]","mu.nu[95]"
"mu[96,2]","mu.nu[96]"
"mu[97,2]","mu.nu[97]"
"mu[98,2]","mu.nu[98]"
"mu[99,2]","mu.nu[99]"
"mu[100,2]","mu.nu[100]"
"mu[101,2]","mu.nu[101]"
"mu[102,2]","mu.nu[102]"
"mu[103,2]","mu.nu[103]"
"mu[104,2]","mu.nu[104]"
"mu[105,2]","mu.nu[105]"
"mu[106,2]","mu.nu[106]"
"mu[107,2]","mu.nu[107]"
"mu[108,2]","mu.nu[108]"
"mu[109,2]","mu.nu[109]"
"mu[110,2]","mu.nu[110]"
"mu[111,2]","mu.nu[111]"
"mu[112,2]","mu.nu[112]"
"mu[113,2]","mu.nu[113]"
"mu[114,2]","mu.nu[114]"
"mu[115,2]","mu.nu[115]"
"mu[116,2]","mu.nu[116]"
"mu[117,2]","mu.nu[117]"
"mu[118,2]","mu.nu[118]"
"mu[119,2]","mu.nu[119]"
"mu[120,2]","mu.nu[120]"
"mu[121,2]","mu.nu[121]"
"mu[122,2]","mu.nu[122]"
"mu[123,2]","mu.nu[123]"
"mu[124,2]","mu.nu[124]"
"mu[125,2]","mu.nu[125]"
"mu[126,2]","mu.nu[126]"
"mu[127,2]","mu.nu[127]"
"mu[128,2]","mu.nu[128]"
"mu[129,2]","mu.nu[129]"
"mu[130,2]","mu.nu[130]"
"mu[131,2]","mu.nu[131]"
"mu[132,2]","mu.nu[132]"
"mu[133,2]","mu.nu[133]"
"mu[134,2]","mu.nu[134]"
"mu[135,2]","mu.nu[135]"
"mu[136,2]","mu.nu[136]"
"mu[137,2]","mu.nu[137]"
"mu[138,2]","mu.nu[138]"
"mu[139,2]","mu.nu[139]"
"mu[140,2]","mu.nu[140]"
"mu[141,2]","mu.nu[141]"
"mu[142,2]","mu.nu[142]"
"mu[143,2]","mu.nu[143]"
"mu[1,3]","mu.iota.m[1]"
"mu[2,3]","mu.iota.m[2]"
"mu[3,3]","mu.iota.m[3]"
"mu[4,3]","mu.iota.m[4]"
"mu[5,3]","mu.iota.m[5]"
"mu[6,3]","mu.iota.m[6]"
"mu[7,3]","mu.iota.m[7]"
"mu[8,3]","mu.iota.m[8]"
"mu[9,3]","mu.iota.m[9]"
"mu[10,3]","mu.iota.m[10]"
"mu[11,3]","mu.iota.m[11]"
"mu[12,3]","mu.iota.m[12]"
"mu[13,3]","mu.iota.m[13]"
"mu[14,3]","mu.iota.m[14]"
"mu[15,3]","mu.iota.m[15]"
"mu[16,3]","mu.iota.m[16]"
"mu[17,3]","mu.iota.m[17]"
"mu[18,3]","mu.iota.m[18]"
"mu[19,3]","mu.iota.m[19]"
"mu[20,3]","mu.iota.m[20]"
"mu[21,3]","mu.iota.m[21]"
"mu[22,3]","mu.iota.m[22]"
"mu[23,3]","mu.iota.m[23]"
"mu[24,3]","mu.iota.m[24]"
"mu[25,3]","mu.iota.m[25]"
"mu[26,3]","mu.iota.m[26]"
"mu[27,3]","mu.iota.m[27]"
"mu[28,3]","mu.iota.m[28]"
"mu[29,3]","mu.iota.m[29]"
"mu[30,3]","mu.iota.m[30]"
"mu[31,3]","mu.iota.m[31]"
"mu[32,3]","mu.iota.m[32]"
"mu[33,3]","mu.iota.m[33]"
"mu[34,3]","mu.iota.m[34]"
"mu[35,3]","mu.iota.m[35]"
"mu[36,3]","mu.iota.m[36]"
"mu[37,3]","mu.iota.m[37]"
"mu[38,3]","mu.iota.m[38]"
"mu[39,3]","mu.iota.m[39]"
"mu[40,3]","mu.iota.m[40]"
"mu[41,3]","mu.iota.m[41]"
"mu[42,3]","mu.iota.m[42]"
"mu[43,3]","mu.iota.m[43]"
"mu[44,3]","mu.iota.m[44]"
"mu[45,3]","mu.iota.m[45]"
"mu[46,3]","mu.iota.m[46]"
"mu[47,3]","mu.iota.m[47]"
"mu[48,3]","mu.iota.m[48]"
"mu[49,3]","mu.iota.m[49]"
"mu[50,3]","mu.iota.m[50]"
"mu[51,3]","mu.iota.m[51]"
"mu[52,3]","mu.iota.m[52]"
"mu[53,3]","mu.iota.m[53]"
"mu[54,3]","mu.iota.m[54]"
"mu[55,3]","mu.iota.m[55]"
"mu[56,3]","mu.iota.m[56]"
"mu[57,3]","mu.iota.m[57]"
"mu[58,3]","mu.iota.m[58]"
"mu[59,3]","mu.iota.m[59]"
"mu[60,3]","mu.iota.m[60]"
"mu[61,3]","mu.iota.m[61]"
"mu[62,3]","mu.iota.m[62]"
"mu[63,3]","mu.iota.m[63]"
"mu[64,3]","mu.iota.m[64]"
"mu[65,3]","mu.iota.m[65]"
"mu[66,3]","mu.iota.m[66]"
"mu[67,3]","mu.iota.m[67]"
"mu[68,3]","mu.iota.m[68]"
"mu[69,3]","mu.iota.m[69]"
"mu[70,3]","mu.iota.m[70]"
"mu[71,3]","mu.iota.m[71]"
"mu[72,3]","mu.iota.m[72]"
"mu[73,3]","mu.iota.m[73]"
"mu[74,3]","mu.iota.m[74]"
"mu[75,3]","mu.iota.m[75]"
"mu[76,3]","mu.iota.m[76]"
"mu[77,3]","mu.iota.m[77]"
"mu[78,3]","mu.iota.m[78]"
"mu[79,3]","mu.iota.m[79]"
"mu[80,3]","mu.iota.m[80]"
"mu[81,3]","mu.iota.m[81]"
"mu[82,3]","mu.iota.m[82]"
"mu[83,3]","mu.iota.m[83]"
"mu[84,3]","mu.iota.m[84]"
"mu[85,3]","mu.iota.m[85]"
"mu[86,3]","mu.iota.m[86]"
"mu[87,3]","mu.iota.m[87]"
"mu[88,3]","mu.iota.m[88]"
"mu[89,3]","mu.iota.m[89]"
"mu[90,3]","mu.iota.m[90]"
"mu[91,3]","mu.iota.m[91]"
"mu[92,3]","mu.iota.m[92]"
"mu[93,3]","mu.iota.m[93]"
"mu[94,3]","mu.iota.m[94]"
"mu[95,3]","mu.iota.m[95]"
"mu[96,3]","mu.iota.m[96]"
"mu[97,3]","mu.iota.m[97]"
"mu[98,3]","mu.iota.m[98]"
"mu[99,3]","mu.iota.m[99]"
"mu[100,3]","mu.iota.m[100]"
"mu[101,3]","mu.iota.m[101]"
"mu[102,3]","mu.iota.m[102]"
"mu[103,3]","mu.iota.m[103]"
"mu[104,3]","mu.iota.m[104]"
"mu[105,3]","mu.iota.m[105]"
"mu[106,3]","mu.iota.m[106]"
"mu[107,3]","mu.iota.m[107]"
"mu[108,3]","mu.iota.m[108]"
"mu[109,3]","mu.iota.m[109]"
"mu[110,3]","mu.iota.m[110]"
"mu[111,3]","mu.iota.m[111]"
"mu[112,3]","mu.iota.m[112]"
"mu[113,3]","mu.iota.m[113]"
"mu[114,3]","mu.iota.m[114]"
"mu[115,3]","mu.iota.m[115]"
"mu[116,3]","mu.iota.m[116]"
"mu[117,3]","mu.iota.m[117]"
"mu[118,3]","mu.iota.m[118]"
"mu[119,3]","mu.iota.m[119]"
"mu[120,3]","mu.iota.m[120]"
"mu[121,3]","mu.iota.m[121]"
"mu[122,3]","mu.iota.m[122]"
"mu[123,3]","mu.iota.m[123]"
"mu[124,3]","mu.iota.m[124]"
"mu[125,3]","mu.iota.m[125]"
"mu[126,3]","mu.iota.m[126]"
"mu[127,3]","mu.iota.m[127]"
"mu[128,3]","mu.iota.m[128]"
"mu[129,3]","mu.iota.m[129]"
"mu[130,3]","mu.iota.m[130]"
"mu[131,3]","mu.iota.m[131]"
"mu[132,3]","mu.iota.m[132]"
"mu[133,3]","mu.iota.m[133]"
"mu[134,3]","mu.iota.m[134]"
"mu[135,3]","mu.iota.m[135]"
"mu[136,3]","mu.iota.m[136]"
"mu[137,3]","mu.iota.m[137]"
"mu[138,3]","mu.iota.m[138]"
"mu[139,3]","mu.iota.m[139]"
"mu[140,3]","mu.iota.m[140]"
"mu[141,3]","mu.iota.m[141]"
"mu[142,3]","mu.iota.m[142]"
"mu[143,3]","mu.iota.m[143]"
"mu[1,4]","mu.iota.s[1]"
"mu[2,4]","mu.iota.s[2]"
"mu[3,4]","mu.iota.s[3]"
"mu[4,4]","mu.iota.s[4]"
"mu[5,4]","mu.iota.s[5]"
"mu[6,4]","mu.iota.s[6]"
"mu[7,4]","mu.iota.s[7]"
"mu[8,4]","mu.iota.s[8]"
"mu[9,4]","mu.iota.s[9]"
"mu[10,4]","mu.iota.s[10]"
"mu[11,4]","mu.iota.s[11]"
"mu[12,4]","mu.iota.s[12]"
"mu[13,4]","mu.iota.s[13]"
"mu[14,4]","mu.iota.s[14]"
"mu[15,4]","mu.iota.s[15]"
"mu[16,4]","mu.iota.s[16]"
"mu[17,4]","mu.iota.s[17]"
"mu[18,4]","mu.iota.s[18]"
"mu[19,4]","mu.iota.s[19]"
"mu[20,4]","mu.iota.s[20]"
"mu[21,4]","mu.iota.s[21]"
"mu[22,4]","mu.iota.s[22]"
"mu[23,4]","mu.iota.s[23]"
"mu[24,4]","mu.iota.s[24]"
"mu[25,4]","mu.iota.s[25]"
"mu[26,4]","mu.iota.s[26]"
"mu[27,4]","mu.iota.s[27]"
"mu[28,4]","mu.iota.s[28]"
"mu[29,4]","mu.iota.s[29]"
"mu[30,4]","mu.iota.s[30]"
"mu[31,4]","mu.iota.s[31]"
"mu[32,4]","mu.iota.s[32]"
"mu[33,4]","mu.iota.s[33]"
"mu[34,4]","mu.iota.s[34]"
"mu[35,4]","mu.iota.s[35]"
"mu[36,4]","mu.iota.s[36]"
"mu[37,4]","mu.iota.s[37]"
"mu[38,4]","mu.iota.s[38]"
"mu[39,4]","mu.iota.s[39]"
"mu[40,4]","mu.iota.s[40]"
"mu[41,4]","mu.iota.s[41]"
"mu[42,4]","mu.iota.s[42]"
"mu[43,4]","mu.iota.s[43]"
"mu[44,4]","mu.iota.s[44]"
"mu[45,4]","mu.iota.s[45]"
"mu[46,4]","mu.iota.s[46]"
"mu[47,4]","mu.iota.s[47]"
"mu[48,4]","mu.iota.s[48]"
"mu[49,4]","mu.iota.s[49]"
"mu[50,4]","mu.iota.s[50]"
"mu[51,4]","mu.iota.s[51]"
"mu[52,4]","mu.iota.s[52]"
"mu[53,4]","mu.iota.s[53]"
"mu[54,4]","mu.iota.s[54]"
"mu[55,4]","mu.iota.s[55]"
"mu[56,4]","mu.iota.s[56]"
"mu[57,4]","mu.iota.s[57]"
"mu[58,4]","mu.iota.s[58]"
"mu[59,4]","mu.iota.s[59]"
"mu[60,4]","mu.iota.s[60]"
"mu[61,4]","mu.iota.s[61]"
"mu[62,4]","mu.iota.s[62]"
"mu[63,4]","mu.iota.s[63]"
"mu[64,4]","mu.iota.s[64]"
"mu[65,4]","mu.iota.s[65]"
"mu[66,4]","mu.iota.s[66]"
"mu[67,4]","mu.iota.s[67]"
"mu[68,4]","mu.iota.s[68]"
"mu[69,4]","mu.iota.s[69]"
"mu[70,4]","mu.iota.s[70]"
"mu[71,4]","mu.iota.s[71]"
"mu[72,4]","mu.iota.s[72]"
"mu[73,4]","mu.iota.s[73]"
"mu[74,4]","mu.iota.s[74]"
"mu[75,4]","mu.iota.s[75]"
"mu[76,4]","mu.iota.s[76]"
"mu[77,4]","mu.iota.s[77]"
"mu[78,4]","mu.iota.s[78]"
"mu[79,4]","mu.iota.s[79]"
"mu[80,4]","mu.iota.s[80]"
"mu[81,4]","mu.iota.s[81]"
"mu[82,4]","mu.iota.s[82]"
"mu[83,4]","mu.iota.s[83]"
"mu[84,4]","mu.iota.s[84]"
"mu[85,4]","mu.iota.s[85]"
"mu[86,4]","mu.iota.s[86]"
"mu[87,4]","mu.iota.s[87]"
"mu[88,4]","mu.iota.s[88]"
"mu[89,4]","mu.iota.s[89]"
"mu[90,4]","mu.iota.s[90]"
"mu[91,4]","mu.iota.s[91]"
"mu[92,4]","mu.iota.s[92]"
"mu[93,4]","mu.iota.s[93]"
"mu[94,4]","mu.iota.s[94]"
"mu[95,4]","mu.iota.s[95]"
"mu[96,4]","mu.iota.s[96]"
"mu[97,4]","mu.iota.s[97]"
"mu[98,4]","mu.iota.s[98]"
"mu[99,4]","mu.iota.s[99]"
"mu[100,4]","mu.iota.s[100]"
"mu[101,4]","mu.iota.s[101]"
"mu[102,4]","mu.iota.s[102]"
"mu[103,4]","mu.iota.s[103]"
"mu[104,4]","mu.iota.s[104]"
"mu[105,4]","mu.iota.s[105]"
"mu[106,4]","mu.iota.s[106]"
"mu[107,4]","mu.iota.s[107]"
"mu[108,4]","mu.iota.s[108]"
"mu[109,4]","mu.iota.s[109]"
"mu[110,4]","mu.iota.s[110]"
"mu[111,4]","mu.iota.s[111]"
"mu[112,4]","mu.iota.s[112]"
"mu[113,4]","mu.iota.s[113]"
"mu[114,4]","mu.iota.s[114]"
"mu[115,4]","mu.iota.s[115]"
"mu[116,4]","mu.iota.s[116]"
"mu[117,4]","mu.iota.s[117]"
"mu[118,4]","mu.iota.s[118]"
"mu[119,4]","mu.iota.s[119]"
"mu[120,4]","mu.iota.s[120]"
"mu[121,4]","mu.iota.s[121]"
"mu[122,4]","mu.iota.s[122]"
"mu[123,4]","mu.iota.s[123]"
"mu[124,4]","mu.iota.s[124]"
"mu[125,4]","mu.iota.s[125]"
"mu[126,4]","mu.iota.s[126]"
"mu[127,4]","mu.iota.s[127]"
"mu[128,4]","mu.iota.s[128]"
"mu[129,4]","mu.iota.s[129]"
"mu[130,4]","mu.iota.s[130]"
"mu[131,4]","mu.iota.s[131]"
"mu[132,4]","mu.iota.s[132]"
"mu[133,4]","mu.iota.s[133]"
"mu[134,4]","mu.iota.s[134]"
"mu[135,4]","mu.iota.s[135]"
"mu[136,4]","mu.iota.s[136]"
"mu[137,4]","mu.iota.s[137]"
"mu[138,4]","mu.iota.s[138]"
"mu[139,4]","mu.iota.s[139]"
"mu[140,4]","mu.iota.s[140]"
"mu[141,4]","mu.iota.s[141]"
"mu[142,4]","mu.iota.s[142]"
"mu[143,4]","mu.iota.s[143]"
"mu[1,5]","mu.chi.m[1]"
"mu[2,5]","mu.chi.m[2]"
"mu[3,5]","mu.chi.m[3]"
"mu[4,5]","mu.chi.m[4]"
"mu[5,5]","mu.chi.m[5]"
"mu[6,5]","mu.chi.m[6]"
"mu[7,5]","mu.chi.m[7]"
"mu[8,5]","mu.chi.m[8]"
"mu[9,5]","mu.chi.m[9]"
"mu[10,5]","mu.chi.m[10]"
"mu[11,5]","mu.chi.m[11]"
"mu[12,5]","mu.chi.m[12]"
"mu[13,5]","mu.chi.m[13]"
"mu[14,5]","mu.chi.m[14]"
"mu[15,5]","mu.chi.m[15]"
"mu[16,5]","mu.chi.m[16]"
"mu[17,5]","mu.chi.m[17]"
"mu[18,5]","mu.chi.m[18]"
"mu[19,5]","mu.chi.m[19]"
"mu[20,5]","mu.chi.m[20]"
"mu[21,5]","mu.chi.m[21]"
"mu[22,5]","mu.chi.m[22]"
"mu[23,5]","mu.chi.m[23]"
"mu[24,5]","mu.chi.m[24]"
"mu[25,5]","mu.chi.m[25]"
"mu[26,5]","mu.chi.m[26]"
"mu[27,5]","mu.chi.m[27]"
"mu[28,5]","mu.chi.m[28]"
"mu[29,5]","mu.chi.m[29]"
"mu[30,5]","mu.chi.m[30]"
"mu[31,5]","mu.chi.m[31]"
"mu[32,5]","mu.chi.m[32]"
"mu[33,5]","mu.chi.m[33]"
"mu[34,5]","mu.chi.m[34]"
"mu[35,5]","mu.chi.m[35]"
"mu[36,5]","mu.chi.m[36]"
"mu[37,5]","mu.chi.m[37]"
"mu[38,5]","mu.chi.m[38]"
"mu[39,5]","mu.chi.m[39]"
"mu[40,5]","mu.chi.m[40]"
"mu[41,5]","mu.chi.m[41]"
"mu[42,5]","mu.chi.m[42]"
"mu[43,5]","mu.chi.m[43]"
"mu[44,5]","mu.chi.m[44]"
"mu[45,5]","mu.chi.m[45]"
"mu[46,5]","mu.chi.m[46]"
"mu[47,5]","mu.chi.m[47]"
"mu[48,5]","mu.chi.m[48]"
"mu[49,5]","mu.chi.m[49]"
"mu[50,5]","mu.chi.m[50]"
"mu[51,5]","mu.chi.m[51]"
"mu[52,5]","mu.chi.m[52]"
"mu[53,5]","mu.chi.m[53]"
"mu[54,5]","mu.chi.m[54]"
"mu[55,5]","mu.chi.m[55]"
"mu[56,5]","mu.chi.m[56]"
"mu[57,5]","mu.chi.m[57]"
"mu[58,5]","mu.chi.m[58]"
"mu[59,5]","mu.chi.m[59]"
"mu[60,5]","mu.chi.m[60]"
"mu[61,5]","mu.chi.m[61]"
"mu[62,5]","mu.chi.m[62]"
"mu[63,5]","mu.chi.m[63]"
"mu[64,5]","mu.chi.m[64]"
"mu[65,5]","mu.chi.m[65]"
"mu[66,5]","mu.chi.m[66]"
"mu[67,5]","mu.chi.m[67]"
"mu[68,5]","mu.chi.m[68]"
"mu[69,5]","mu.chi.m[69]"
"mu[70,5]","mu.chi.m[70]"
"mu[71,5]","mu.chi.m[71]"
"mu[72,5]","mu.chi.m[72]"
"mu[73,5]","mu.chi.m[73]"
"mu[74,5]","mu.chi.m[74]"
"mu[75,5]","mu.chi.m[75]"
"mu[76,5]","mu.chi.m[76]"
"mu[77,5]","mu.chi.m[77]"
"mu[78,5]","mu.chi.m[78]"
"mu[79,5]","mu.chi.m[79]"
"mu[80,5]","mu.chi.m[80]"
"mu[81,5]","mu.chi.m[81]"
"mu[82,5]","mu.chi.m[82]"
"mu[83,5]","mu.chi.m[83]"
"mu[84,5]","mu.chi.m[84]"
"mu[85,5]","mu.chi.m[85]"
"mu[86,5]","mu.chi.m[86]"
"mu[87,5]","mu.chi.m[87]"
"mu[88,5]","mu.chi.m[88]"
"mu[89,5]","mu.chi.m[89]"
"mu[90,5]","mu.chi.m[90]"
"mu[91,5]","mu.chi.m[91]"
"mu[92,5]","mu.chi.m[92]"
"mu[93,5]","mu.chi.m[93]"
"mu[94,5]","mu.chi.m[94]"
"mu[95,5]","mu.chi.m[95]"
"mu[96,5]","mu.chi.m[96]"
"mu[97,5]","mu.chi.m[97]"
"mu[98,5]","mu.chi.m[98]"
"mu[99,5]","mu.chi.m[99]"
"mu[100,5]","mu.chi.m[100]"
"mu[101,5]","mu.chi.m[101]"
"mu[102,5]","mu.chi.m[102]"
"mu[103,5]","mu.chi.m[103]"
"mu[104,5]","mu.chi.m[104]"
"mu[105,5]","mu.chi.m[105]"
"mu[106,5]","mu.chi.m[106]"
"mu[107,5]","mu.chi.m[107]"
"mu[108,5]","mu.chi.m[108]"
"mu[109,5]","mu.chi.m[109]"
"mu[110,5]","mu.chi.m[110]"
"mu[111,5]","mu.chi.m[111]"
"mu[112,5]","mu.chi.m[112]"
"mu[113,5]","mu.chi.m[113]"
"mu[114,5]","mu.chi.m[114]"
"mu[115,5]","mu.chi.m[115]"
"mu[116,5]","mu.chi.m[116]"
"mu[117,5]","mu.chi.m[117]"
"mu[118,5]","mu.chi.m[118]"
"mu[119,5]","mu.chi.m[119]"
"mu[120,5]","mu.chi.m[120]"
"mu[121,5]","mu.chi.m[121]"
"mu[122,5]","mu.chi.m[122]"
"mu[123,5]","mu.chi.m[123]"
"mu[124,5]","mu.chi.m[124]"
"mu[125,5]","mu.chi.m[125]"
"mu[126,5]","mu.chi.m[126]"
"mu[127,5]","mu.chi.m[127]"
"mu[128,5]","mu.chi.m[128]"
"mu[129,5]","mu.chi.m[129]"
"mu[130,5]","mu.chi.m[130]"
"mu[131,5]","mu.chi.m[131]"
"mu[132,5]","mu.chi.m[132]"
"mu[133,5]","mu.chi.m[133]"
"mu[134,5]","mu.chi.m[134]"
"mu[135,5]","mu.chi.m[135]"
"mu[136,5]","mu.chi.m[136]"
"mu[137,5]","mu.chi.m[137]"
"mu[138,5]","mu.chi.m[138]"
"mu[139,5]","mu.chi.m[139]"
"mu[140,5]","mu.chi.m[140]"
"mu[141,5]","mu.chi.m[141]"
"mu[142,5]","mu.chi.m[142]"
"mu[143,5]","mu.chi.m[143]"
"mu[1,6]","mu.chi.s[1]"
"mu[2,6]","mu.chi.s[2]"
"mu[3,6]","mu.chi.s[3]"
"mu[4,6]","mu.chi.s[4]"
"mu[5,6]","mu.chi.s[5]"
"mu[6,6]","mu.chi.s[6]"
"mu[7,6]","mu.chi.s[7]"
"mu[8,6]","mu.chi.s[8]"
"mu[9,6]","mu.chi.s[9]"
"mu[10,6]","mu.chi.s[10]"
"mu[11,6]","mu.chi.s[11]"
"mu[12,6]","mu.chi.s[12]"
"mu[13,6]","mu.chi.s[13]"
"mu[14,6]","mu.chi.s[14]"
"mu[15,6]","mu.chi.s[15]"
"mu[16,6]","mu.chi.s[16]"
"mu[17,6]","mu.chi.s[17]"
"mu[18,6]","mu.chi.s[18]"
"mu[19,6]","mu.chi.s[19]"
"mu[20,6]","mu.chi.s[20]"
"mu[21,6]","mu.chi.s[21]"
"mu[22,6]","mu.chi.s[22]"
"mu[23,6]","mu.chi.s[23]"
"mu[24,6]","mu.chi.s[24]"
"mu[25,6]","mu.chi.s[25]"
"mu[26,6]","mu.chi.s[26]"
"mu[27,6]","mu.chi.s[27]"
"mu[28,6]","mu.chi.s[28]"
"mu[29,6]","mu.chi.s[29]"
"mu[30,6]","mu.chi.s[30]"
"mu[31,6]","mu.chi.s[31]"
"mu[32,6]","mu.chi.s[32]"
"mu[33,6]","mu.chi.s[33]"
"mu[34,6]","mu.chi.s[34]"
"mu[35,6]","mu.chi.s[35]"
"mu[36,6]","mu.chi.s[36]"
"mu[37,6]","mu.chi.s[37]"
"mu[38,6]","mu.chi.s[38]"
"mu[39,6]","mu.chi.s[39]"
"mu[40,6]","mu.chi.s[40]"
"mu[41,6]","mu.chi.s[41]"
"mu[42,6]","mu.chi.s[42]"
"mu[43,6]","mu.chi.s[43]"
"mu[44,6]","mu.chi.s[44]"
"mu[45,6]","mu.chi.s[45]"
"mu[46,6]","mu.chi.s[46]"
"mu[47,6]","mu.chi.s[47]"
"mu[48,6]","mu.chi.s[48]"
"mu[49,6]","mu.chi.s[49]"
"mu[50,6]","mu.chi.s[50]"
"mu[51,6]","mu.chi.s[51]"
"mu[52,6]","mu.chi.s[52]"
"mu[53,6]","mu.chi.s[53]"
"mu[54,6]","mu.chi.s[54]"
"mu[55,6]","mu.chi.s[55]"
"mu[56,6]","mu.chi.s[56]"
"mu[57,6]","mu.chi.s[57]"
"mu[58,6]","mu.chi.s[58]"
"mu[59,6]","mu.chi.s[59]"
"mu[60,6]","mu.chi.s[60]"
"mu[61,6]","mu.chi.s[61]"
"mu[62,6]","mu.chi.s[62]"
"mu[63,6]","mu.chi.s[63]"
"mu[64,6]","mu.chi.s[64]"
"mu[65,6]","mu.chi.s[65]"
"mu[66,6]","mu.chi.s[66]"
"mu[67,6]","mu.chi.s[67]"
"mu[68,6]","mu.chi.s[68]"
"mu[69,6]","mu.chi.s[69]"
"mu[70,6]","mu.chi.s[70]"
"mu[71,6]","mu.chi.s[71]"
"mu[72,6]","mu.chi.s[72]"
"mu[73,6]","mu.chi.s[73]"
"mu[74,6]","mu.chi.s[74]"
"mu[75,6]","mu.chi.s[75]"
"mu[76,6]","mu.chi.s[76]"
"mu[77,6]","mu.chi.s[77]"
"mu[78,6]","mu.chi.s[78]"
"mu[79,6]","mu.chi.s[79]"
"mu[80,6]","mu.chi.s[80]"
"mu[81,6]","mu.chi.s[81]"
"mu[82,6]","mu.chi.s[82]"
"mu[83,6]","mu.chi.s[83]"
"mu[84,6]","mu.chi.s[84]"
"mu[85,6]","mu.chi.s[85]"
"mu[86,6]","mu.chi.s[86]"
"mu[87,6]","mu.chi.s[87]"
"mu[88,6]","mu.chi.s[88]"
"mu[89,6]","mu.chi.s[89]"
"mu[90,6]","mu.chi.s[90]"
"mu[91,6]","mu.chi.s[91]"
"mu[92,6]","mu.chi.s[92]"
"mu[93,6]","mu.chi.s[93]"
"mu[94,6]","mu.chi.s[94]"
"mu[95,6]","mu.chi.s[95]"
"mu[96,6]","mu.chi.s[96]"
"mu[97,6]","mu.chi.s[97]"
"mu[98,6]","mu.chi.s[98]"
"mu[99,6]","mu.chi.s[99]"
"mu[100,6]","mu.chi.s[100]"
"mu[101,6]","mu.chi.s[101]"
"mu[102,6]","mu.chi.s[102]"
"mu[103,6]","mu.chi.s[103]"
"mu[104,6]","mu.chi.s[104]"
"mu[105,6]","mu.chi.s[105]"
"mu[106,6]","mu.chi.s[106]"
"mu[107,6]","mu.chi.s[107]"
"mu[108,6]","mu.chi.s[108]"
"mu[109,6]","mu.chi.s[109]"
"mu[110,6]","mu.chi.s[110]"
"mu[111,6]","mu.chi.s[111]"
"mu[112,6]","mu.chi.s[112]"
"mu[113,6]","mu.chi.s[113]"
"mu[114,6]","mu.chi.s[114]"
"mu[115,6]","mu.chi.s[115]"
"mu[116,6]","mu.chi.s[116]"
"mu[117,6]","mu.chi.s[117]"
"mu[118,6]","mu.chi.s[118]"
"mu[119,6]","mu.chi.s[119]"
"mu[120,6]","mu.chi.s[120]"
"mu[121,6]","mu.chi.s[121]"
"mu[122,6]","mu.chi.s[122]"
"mu[123,6]","mu.chi.s[123]"
"mu[124,6]","mu.chi.s[124]"
"mu[125,6]","mu.chi.s[125]"
"mu[126,6]","mu.chi.s[126]"
"mu[127,6]","mu.chi.s[127]"
"mu[128,6]","mu.chi.s[128]"
"mu[129,6]","mu.chi.s[129]"
"mu[130,6]","mu.chi.s[130]"
"mu[131,6]","mu.chi.s[131]"
"mu[132,6]","mu.chi.s[132]"
"mu[133,6]","mu.chi.s[133]"
"mu[134,6]","mu.chi.s[134]"
"mu[135,6]","mu.chi.s[135]"
"mu[136,6]","mu.chi.s[136]"
"mu[137,6]","mu.chi.s[137]"
"mu[138,6]","mu.chi.s[138]"
"mu[139,6]","mu.chi.s[139]"
"mu[140,6]","mu.chi.s[140]"
"mu[141,6]","mu.chi.s[141]"
"mu[142,6]","mu.chi.s[142]"
"mu[143,6]","mu.chi.s[143]"
"pA[1]","p.a[1]"
"pA[2]","p.a[2]"
"pA[3]","p.a[3]"
"pA[4]","p.a[4]"
"pA[5]","p.a[5]"
"pA[6]","p.a[6]"
"pA[7]","p.a[7]"
"pA[8]","p.a[8]"
"pA[9]","p.a[9]"
"pA[10]","p.a[10]"
"pA[11]","p.a[11]"
"pA[12]","p.a[12]"
"pA[13]","p.a[13]"
"pA[14]","p.a[14]"
"pA[15]","p.a[15]"
"pA[16]","p.a[16]"
"pA[17]","p.a[17]"
"pA[18]","p.a[18]"
"pA[19]","p.a[19]"
"pA[20]","p.a[20]"
"pA[21]","p.a[21]"
"pA[22]","p.a[22]"
"pA[23]","p.a[23]"
"pA[24]","p.a[24]"
"pA[25]","p.a[25]"
"pA[26]","p.a[26]"
"pA[27]","p.a[27]"
"pA[28]","p.a[28]"
"pA[29]","p.a[29]"
"pA[30]","p.a[30]"
"pA[31]","p.a[31]"
"pA[32]","p.a[32]"
"pA[33]","p.a[33]"
"pA[34]","p.a[34]"
"pA[35]","p.a[35]"
"pA[36]","p.a[36]"
"pA[37]","p.a[37]"
"pA[38]","p.a[38]"
"pA[39]","p.a[39]"
"pA[40]","p.a[40]"
"pA[41]","p.a[41]"
"pA[42]","p.a[42]"
"pA[43]","p.a[43]"
"pA[44]","p.a[44]"
"pA[45]","p.a[45]"
"pA[46]","p.a[46]"
"pA[47]","p.a[47]"
"pA[48]","p.a[48]"
"pA[49]","p.a[49]"
"pA[50]","p.a[50]"
"pA[51]","p.a[51]"
"pA[52]","p.a[52]"
"pA[53]","p.a[53]"
"pA[54]","p.a[54]"
"pA[55]","p.a[55]"
"pA[56]","p.a[56]"
"pA[57]","p.a[57]"
"pA[58]","p.a[58]"
"pA[59]","p.a[59]"
"pA[60]","p.a[60]"
"pA[61]","p.a[61]"
"pA[62]","p.a[62]"
"pA[63]","p.a[63]"
"pA[64]","p.a[64]"
"pA[65]","p.a[65]"
"pA[66]","p.a[66]"
"pA[67]","p.a[67]"
"pA[68]","p.a[68]"
"pA[69]","p.a[69]"
"pA[70]","p.a[70]"
"pA[71]","p.a[71]"
"pA[72]","p.a[72]"
"pA[73]","p.a[73]"
"pA[74]","p.a[74]"
"pA[75]","p.a[75]"
"pA[76]","p.a[76]"
"pA[77]","p.a[77]"
"pA[78]","p.a[78]"
"pA[79]","p.a[79]"
"pA[80]","p.a[80]"
"pA[81]","p.a[81]"
"pA[82]","p.a[82]"
"pA[83]","p.a[83]"
"pA[84]","p.a[84]"
"pA[85]","p.a[85]"
"pA[86]","p.a[86]"
"pA[87]","p.a[87]"
"pA[88]","p.a[88]"
"pA[89]","p.a[89]"
"pA[90]","p.a[90]"
"pA[91]","p.a[91]"
"pA[92]","p.a[92]"
"pA[93]","p.a[93]"
"pA[94]","p.a[94]"
"pA[95]","p.a[95]"
"pA[96]","p.a[96]"
"pA[97]","p.a[97]"
"pA[98]","p.a[98]"
"pA[99]","p.a[99]"
"pA[100]","p.a[100]"
"pA[101]","p.a[101]"
"pA[102]","p.a[102]"
"pA[103]","p.a[103]"
"pA[104]","p.a[104]"
"pA[105]","p.a[105]"
"pA[106]","p.a[106]"
"pA[107]","p.a[107]"
"pA[108]","p.a[108]"
"pA[109]","p.a[109]"
"pA[110]","p.a[110]"
"pA[111]","p.a[111]"
"pA[112]","p.a[112]"
"pA[113]","p.a[113]"
"pA[114]","p.a[114]"
"pA[115]","p.a[115]"
"pA[116]","p.a[116]"
"pA[117]","p.a[117]"
"pA[118]","p.a[118]"
"pA[119]","p.a[119]"
"pA[120]","p.a[120]"
"pA[121]","p.a[121]"
"pA[122]","p.a[122]"
"pA[123]","p.a[123]"
"pA[124]","p.a[124]"
"pA[125]","p.a[125]"
"pA[126]","p.a[126]"
"pA[127]","p.a[127]"
"pA[128]","p.a[128]"
"pA[129]","p.a[129]"
"pA[130]","p.a[130]"
"pA[131]","p.a[131]"
"pA[132]","p.a[132]"
"pA[133]","p.a[133]"
"pA[134]","p.a[134]"
"pA[135]","p.a[135]"
"pA[136]","p.a[136]"
"pA[137]","p.a[137]"
"pA[138]","p.a[138]"
"pA[139]","p.a[139]"
"pA[140]","p.a[140]"
"pA[141]","p.a[141]"
"pA[142]","p.a[142]"
"pA[143]","p.a[143]"
"pW[1]","p.w[1]"
"pW[2]","p.w[2]"
"pW[3]","p.w[3]"
"pW[4]","p.w[4]"
"pW[5]","p.w[5]"
"pW[6]","p.w[6]"
"pW[7]","p.w[7]"
"pW[8]","p.w[8]"
"pW[9]","p.w[9]"
"pW[10]","p.w[10]"
"pW[11]","p.w[11]"
"pW[12]","p.w[12]"
"pW[13]","p.w[13]"
"pW[14]","p.w[14]"
"pW[15]","p.w[15]"
"pW[16]","p.w[16]"
"pW[17]","p.w[17]"
"pW[18]","p.w[18]"
"pW[19]","p.w[19]"
"pW[20]","p.w[20]"
"pW[21]","p.w[21]"
"pW[22]","p.w[22]"
"pW[23]","p.w[23]"
"pW[24]","p.w[24]"
"pW[25]","p.w[25]"
"pW[26]","p.w[26]"
"pW[27]","p.w[27]"
"pW[28]","p.w[28]"
"pW[29]","p.w[29]"
"pW[30]","p.w[30]"
"pW[31]","p.w[31]"
"pW[32]","p.w[32]"
"pW[33]","p.w[33]"
"pW[34]","p.w[34]"
"pW[35]","p.w[35]"
"pW[36]","p.w[36]"
"pW[37]","p.w[37]"
"pW[38]","p.w[38]"
"pW[39]","p.w[39]"
"pW[40]","p.w[40]"
"pW[41]","p.w[41]"
"pW[42]","p.w[42]"
"pW[43]","p.w[43]"
"pW[44]","p.w[44]"
"pW[45]","p.w[45]"
"pW[46]","p.w[46]"
"pW[47]","p.w[47]"
"pW[48]","p.w[48]"
"pW[49]","p.w[49]"
"pW[50]","p.w[50]"
"pW[51]","p.w[51]"
"pW[52]","p.w[52]"
"pW[53]","p.w[53]"
"pW[54]","p.w[54]"
"pW[55]","p.w[55]"
"pW[56]","p.w[56]"
"pW[57]","p.w[57]"
"pW[58]","p.w[58]"
"pW[59]","p.w[59]"
"pW[60]","p.w[60]"
"pW[61]","p.w[61]"
"pW[62]","p.w[62]"
"pW[63]","p.w[63]"
"pW[64]","p.w[64]"
"pW[65]","p.w[65]"
"pW[66]","p.w[66]"
"pW[67]","p.w[67]"
"pW[68]","p.w[68]"
"pW[69]","p.w[69]"
"pW[70]","p.w[70]"
"pW[71]","p.w[71]"
"pW[72]","p.w[72]"
"pW[73]","p.w[73]"
"pW[74]","p.w[74]"
"pW[75]","p.w[75]"
"pW[76]","p.w[76]"
"pW[77]","p.w[77]"
"pW[78]","p.w[78]"
"pW[79]","p.w[79]"
"pW[80]","p.w[80]"
"pW[81]","p.w[81]"
"pW[82]","p.w[82]"
"pW[83]","p.w[83]"
"pW[84]","p.w[84]"
"pW[85]","p.w[85]"
"pW[86]","p.w[86]"
"pW[87]","p.w[87]"
"pW[88]","p.w[88]"
"pW[89]","p.w[89]"
"pW[90]","p.w[90]"
"pW[91]","p.w[91]"
"pW[92]","p.w[92]"
"pW[93]","p.w[93]"
"pW[94]","p.w[94]"
"pW[95]","p.w[95]"
"pW[96]","p.w[96]"
"pW[97]","p.w[97]"
"pW[98]","p.w[98]"
"pW[99]","p.w[99]"
"pW[100]","p.w[100]"
"pW[101]","p.w[101]"
"pW[102]","p.w[102]"
"pW[103]","p.w[103]"
"pW[104]","p.w[104]"
"pW[105]","p.w[105]"
"pW[106]","p.w[106]"
"pW[107]","p.w[107]"
"pW[108]","p.w[108]"
"pW[109]","p.w[109]"
"pW[110]","p.w[110]"
"pW[111]","p.w[111]"
"pW[112]","p.w[112]"
"pW[113]","p.w[113]"
"pW[114]","p.w[114]"
"pW[115]","p.w[115]"
"pW[116]","p.w[116]"
"pW[117]","p.w[117]"
"pW[118]","p.w[118]"
"pW[119]","p.w[119]"
"pW[120]","p.w[120]"
"pW[121]","p.w[121]"
"pW[122]","p.w[122]"
"pW[123]","p.w[123]"
"pW[124]","p.w[124]"
"pW[125]","p.w[125]"
"pW[126]","p.w[126]"
"pW[127]","p.w[127]"
"pW[128]","p.w[128]"
"pW[129]","p.w[129]"
"pW[130]","p.w[130]"
"pW[131]","p.w[131]"
"pW[132]","p.w[132]"
"pW[133]","p.w[133]"
"pW[134]","p.w[134]"
"pW[135]","p.w[135]"
"pW[136]","p.w[136]"
"pW[137]","p.w[137]"
"pW[138]","p.w[138]"
"pW[139]","p.w[139]"
"pW[140]","p.w[140]"
"pW[141]","p.w[141]"
"pW[142]","p.w[142]"
"pW[143]","p.w[143]"
"pO[1]","p.o[1]"
"pO[2]","p.o[2]"
"pO[3]","p.o[3]"
"pO[4]","p.o[4]"
"pO[5]","p.o[5]"
"pO[6]","p.o[6]"
"pO[7]","p.o[7]"
"pO[8]","p.o[8]"
"pO[9]","p.o[9]"
"pO[10]","p.o[10]"
"pO[11]","p.o[11]"
"pO[12]","p.o[12]"
"pO[13]","p.o[13]"
"pO[14]","p.o[14]"
"pO[15]","p.o[15]"
"pO[16]","p.o[16]"
"pO[17]","p.o[17]"
"pO[18]","p.o[18]"
"pO[19]","p.o[19]"
"pO[20]","p.o[20]"
"pO[21]","p.o[21]"
"pO[22]","p.o[22]"
"pO[23]","p.o[23]"
"pO[24]","p.o[24]"
"pO[25]","p.o[25]"
"pO[26]","p.o[26]"
"pO[27]","p.o[27]"
"pO[28]","p.o[28]"
"pO[29]","p.o[29]"
"pO[30]","p.o[30]"
"pO[31]","p.o[31]"
"pO[32]","p.o[32]"
"pO[33]","p.o[33]"
"pO[34]","p.o[34]"
"pO[35]","p.o[35]"
"pO[36]","p.o[36]"
"pO[37]","p.o[37]"
"pO[38]","p.o[38]"
"pO[39]","p.o[39]"
"pO[40]","p.o[40]"
"pO[41]","p.o[41]"
"pO[42]","p.o[42]"
"pO[43]","p.o[43]"
"pO[44]","p.o[44]"
"pO[45]","p.o[45]"
"pO[46]","p.o[46]"
"pO[47]","p.o[47]"
"pO[48]","p.o[48]"
"pO[49]","p.o[49]"
"pO[50]","p.o[50]"
"pO[51]","p.o[51]"
"pO[52]","p.o[52]"
"pO[53]","p.o[53]"
"pO[54]","p.o[54]"
"pO[55]","p.o[55]"
"pO[56]","p.o[56]"
"pO[57]","p.o[57]"
"pO[58]","p.o[58]"
"pO[59]","p.o[59]"
"pO[60]","p.o[60]"
"pO[61]","p.o[61]"
"pO[62]","p.o[62]"
"pO[63]","p.o[63]"
"pO[64]","p.o[64]"
"pO[65]","p.o[65]"
"pO[66]","p.o[66]"
"pO[67]","p.o[67]"
"pO[68]","p.o[68]"
"pO[69]","p.o[69]"
"pO[70]","p.o[70]"
"pO[71]","p.o[71]"
"pO[72]","p.o[72]"
"pO[73]","p.o[73]"
"pO[74]","p.o[74]"
"pO[75]","p.o[75]"
"pO[76]","p.o[76]"
"pO[77]","p.o[77]"
"pO[78]","p.o[78]"
"pO[79]","p.o[79]"
"pO[80]","p.o[80]"
"pO[81]","p.o[81]"
"pO[82]","p.o[82]"
"pO[83]","p.o[83]"
"pO[84]","p.o[84]"
"pO[85]","p.o[85]"
"pO[86]","p.o[86]"
"pO[87]","p.o[87]"
"pO[88]","p.o[88]"
"pO[89]","p.o[89]"
"pO[90]","p.o[90]"
"pO[91]","p.o[91]"
"pO[92]","p.o[92]"
"pO[93]","p.o[93]"
"pO[94]","p.o[94]"
"pO[95]","p.o[95]"
"pO[96]","p.o[96]"
"pO[97]","p.o[97]"
"pO[98]","p.o[98]"
"pO[99]","p.o[99]"
"pO[100]","p.o[100]"
"pO[101]","p.o[101]"
"pO[102]","p.o[102]"
"pO[103]","p.o[103]"
"pO[104]","p.o[104]"
"pO[105]","p.o[105]"
"pO[106]","p.o[106]"
"pO[107]","p.o[107]"
"pO[108]","p.o[108]"
"pO[109]","p.o[109]"
"pO[110]","p.o[110]"
"pO[111]","p.o[111]"
"pO[112]","p.o[112]"
"pO[113]","p.o[113]"
"pO[114]","p.o[114]"
"pO[115]","p.o[115]"
"pO[116]","p.o[116]"
"pO[117]","p.o[117]"
"pO[118]","p.o[118]"
"pO[119]","p.o[119]"
"pO[120]","p.o[120]"
"pO[121]","p.o[121]"
"pO[122]","p.o[122]"
"pO[123]","p.o[123]"
"pO[124]","p.o[124]"
"pO[125]","p.o[125]"
"pO[126]","p.o[126]"
"pO[127]","p.o[127]"
"pO[128]","p.o[128]"
"pO[129]","p.o[129]"
"pO[130]","p.o[130]"
"pO[131]","p.o[131]"
"pO[132]","p.o[132]"
"pO[133]","p.o[133]"
"pO[134]","p.o[134]"
"pO[135]","p.o[135]"
"pO[136]","p.o[136]"
"pO[137]","p.o[137]"
"pO[138]","p.o[138]"
"pO[139]","p.o[139]"
"pO[140]","p.o[140]"
"pO[141]","p.o[141]"
"pO[142]","p.o[142]"
"pO[143]","p.o[143]"
"Z[1]","Z[1]"
"Z[2]","Z[2]"
"Z[3]","Z[3]"
"Z[4]","Z[4]"
"Z[5]","Z[5]"
"Z[6]","Z[6]"
"Z[7]","Z[7]"
"Z[8]","Z[8]"
"Z[9]","Z[9]"
"Z[10]","Z[10]"
"Z[11]","Z[11]"
"Z[12]","Z[12]"
"Z[13]","Z[13]"
"Z[14]","Z[14]"
"Z[15]","Z[15]"
"Z[16]","Z[16]"
"Z[17]","Z[17]"
"Z[18]","Z[18]"
"Z[19]","Z[19]"
"Z[20]","Z[20]"
"Z[21]","Z[21]"
"Z[22]","Z[22]"
"Z[23]","Z[23]"
"Z[24]","Z[24]"
"Z[25]","Z[25]"
"Z[26]","Z[26]"
"Z[27]","Z[27]"
"Z[28]","Z[28]"
"Z[29]","Z[29]"
"Z[30]","Z[30]"
"Z[31]","Z[31]"
"Z[32]","Z[32]"
"Z[33]","Z[33]"
"Z[34]","Z[34]"
"Z[35]","Z[35]"
"Z[36]","Z[36]"
"Z[37]","Z[37]"
"Z[38]","Z[38]"
"Z[39]","Z[39]"
"Z[40]","Z[40]"
"Z[41]","Z[41]"
"Z[42]","Z[42]"
"Z[43]","Z[43]"
"Z[44]","Z[44]"
"Z[45]","Z[45]"
"Z[46]","Z[46]"
"Z[47]","Z[47]"
"Z[48]","Z[48]"
"Z[49]","Z[49]"
"Z[50]","Z[50]"
"Z[51]","Z[51]"
"Z[52]","Z[52]"
"Z[53]","Z[53]"
"Z[54]","Z[54]"
"Z[55]","Z[55]"
"Z[56]","Z[56]"
"Z[57]","Z[57]"
"Z[58]","Z[58]"
"Z[59]","Z[59]"
"Z[60]","Z[60]"
"Z[61]","Z[61]"
"Z[62]","Z[62]"
"Z[63]","Z[63]"
"Z[64]","Z[64]"
"Z[65]","Z[65]"
"Z[66]","Z[66]"
"Z[67]","Z[67]"
"Z[68]","Z[68]"
"Z[69]","Z[69]"
"Z[70]","Z[70]"
"Z[71]","Z[71]"
"Z[72]","Z[72]"
"Z[73]","Z[73]"
"Z[74]","Z[74]"
"Z[75]","Z[75]"
"Z[76]","Z[76]"
"Z[77]","Z[77]"
"Z[78]","Z[78]"
"Z[79]","Z[79]"
"Z[80]","Z[80]"
"Z[81]","Z[81]"
"Z[82]","Z[82]"
"Z[83]","Z[83]"
"Z[84]","Z[84]"
"Z[85]","Z[85]"
"Z[86]","Z[86]"
"Z[87]","Z[87]"
"Z[88]","Z[88]"
"Z[89]","Z[89]"
"Z[90]","Z[90]"
"Z[91]","Z[91]"
"Z[92]","Z[92]"
"Z[93]","Z[93]"
"Z[94]","Z[94]"
"Z[95]","Z[95]"
"Z[96]","Z[96]"
"Z[97]","Z[97]"
"Z[98]","Z[98]"
"Z[99]","Z[99]"
"Z[100]","Z[100]"
"Z[101]","Z[101]"
"Z[102]","Z[102]"
"Z[103]","Z[103]"
"Z[104]","Z[104]"
"Z[105]","Z[105]"
"Z[106]","Z[106]"
"Z[107]","Z[107]"
"Z[108]","Z[108]"
"Z[109]","Z[109]"
"Z[110]","Z[110]"
"Z[111]","Z[111]"
"Z[112]","Z[112]"
"Z[113]","Z[113]"
"Z[114]","Z[114]"
"Z[115]","Z[115]"
"Z[116]","Z[116]"
"Z[117]","Z[117]"
"Z[118]","Z[118]"
"Z[119]","Z[119]"
"Z[120]","Z[120]"
"Z[121]","Z[121]"
"Z[122]","Z[122]"
"Z[123]","Z[123]"
"Z[124]","Z[124]"
"Z[125]","Z[125]"
"Z[126]","Z[126]"
"Z[127]","Z[127]"
"Z[128]","Z[128]"
"Z[129]","Z[129]"
"Z[130]","Z[130]"
"Z[131]","Z[131]"
"Z[132]","Z[132]"
"Z[133]","Z[133]"
"Z[134]","Z[134]"
"Z[135]","Z[135]"
"Z[136]","Z[136]"
"Z[137]","Z[137]"
"Z[138]","Z[138]"
"Z[139]","Z[139]"
"Z[140]","Z[140]"
"Z[141]","Z[141]"
"Z[142]","Z[142]"
"Z[143]","Z[143]"
"pi[1]","pi[1]"
"pi[2]","pi[2]"
"pi[3]","pi[3]"
