"target","exact","mc_mean","mcse","difference","tolerance","mean_pass","rhat","ess_bulk","ess_tail","constant","diagnostic_pass","tail_indicator_degenerate"
"Z",1.38284509030503,1.38225,0.00750848878577799,0.000595090305031354,0.0450509327146679,TRUE,0.999985423255829,5417.83369220932,4495.26249801662,FALSE,TRUE,FALSE
"N.iota.m",0.398981812168353,0.396125,0.00545189481293266,0.00285681216835276,0.032711368877596,TRUE,0.999651181739659,7515.18142189439,NA,FALSE,FALSE,TRUE
"N.iota.s",0.248193111891865,0.247125,0.00544593914812938,0.00106811189186487,0.0326756348887763,TRUE,1.00120757086769,5984.97063394254,NA,FALSE,FALSE,FALSE
"N.chi.m",0.853167462917058,0.865625,0.00366304089381263,0.0124575370829425,0.0219782453628758,TRUE,0.999857172597369,7698.37713063606,NA,FALSE,FALSE,FALSE
"N.chi.s",0.810913486465954,0.809,0.00542363949618846,0.00191348646595357,0.0325418369771307,TRUE,1.00032406621392,4936.85022071032,NA,FALSE,FALSE,FALSE
"indicator_Z1",0.663139043264435,0.665375000000001,0.00617016316328332,0.00223595673556654,0.0370209789796999,TRUE,1.00024250574872,5722.72332059546,NA,FALSE,FALSE,FALSE
"indicator_Z2",0.2908768231661,0.287000000000001,0.00602126307134632,0.00387682316609894,0.036127578428078,TRUE,1.00072844261077,5689.69351399127,NA,FALSE,FALSE,TRUE
"indicator_Z3",0.0459841335694661,0.047625,0.00287151405163164,0.00164086643053387,0.0172290843097898,TRUE,1.00030954640715,4495.26249801662,4495.26249801662,FALSE,TRUE,FALSE
"M",0.0964248170254317,0.0939684375000001,0.00254792161217076,0.00245637952543164,0.0152875296730245,TRUE,0.999736875081447,5872.59748728805,NA,FALSE,FALSE,TRUE
"S",0,0,0,0,0.001,TRUE,NA,NA,NA,TRUE,TRUE,FALSE
"margin_lower",0.903575182974568,0.9060315625,0.00254792161217076,0.00245637952543176,0.0152875296730245,TRUE,0.999736875081447,5872.59748728805,NA,FALSE,FALSE,TRUE
"margin_upper",0.903575182974568,0.9060315625,0.00254792161217076,0.00245637952543176,0.0152875296730245,TRUE,0.999736875081447,5872.59748728805,NA,FALSE,FALSE,TRUE
