"model","target","group","mandatory","mean","sd","q025","q50","q975","rhat","ess_bulk","ess_tail","mcse_mean","chain1","chain2","chain3","chain4","chain_mean_range","range_limit","sampled_constant","analytic_constant","diagnostic_pass","precision_label","ess_bulk_per_internal_generation_second","ess_tail_per_internal_generation_second","ess_bulk_per_generation_process_second","ess_tail_per_generation_process_second","ess_bulk_per_end_to_end_compute_second","ess_tail_per_end_to_end_compute_second","ess_bulk_per_sampling_second","ess_tail_per_sampling_second"
"A","pi[1]","global",TRUE,0.975905487517543,0.0190499341129106,0.926858211080851,0.981526272865214,0.997653677537211,1.443422307191,7.90905200645856,32.8852636101125,0.00726247283394676,0.951709321373404,0.986495032609145,0.985957960266734,0.979459635820891,0.0347857112357411,NA,FALSE,FALSE,FALSE,"inconclusive",0.0775914531889746,0.322619624947146,0.0771084130621077,0.320611179194949,0.0633140115631808,0.263255059995643,0.317377688862703,1.31963337119232
"A","pi[2]","global",TRUE,0.0172516302993655,0.0181925247512789,0.000373004706881548,0.0101473246102953,0.0658621459876211,1.57114868426811,6.8947196023378,29.2960298838351,0.00741336352101864,0.0420446208260989,0.00624824018595634,0.00682422147898248,0.0138894387064244,0.0357963806401426,NA,FALSE,FALSE,FALSE,"inconclusive",0.0676403838082035,0.287407584309492,0.0672192933628877,0.285618348636211,0.0551940177243532,0.234522313585212,0.276674141345819,1.17560312535454
"A","pi[3]","global",TRUE,0.00684288218309104,0.00664231383490946,0.000180116006071,0.00487783602834325,0.0243125483770761,1.0030245239667,1984.01217486318,1987.696574552,0.000177140000166818,0.00624605780049738,0.00725672720489912,0.00721781825428202,0.00665092547268565,0.00101066940440174,NA,FALSE,FALSE,TRUE,"diagnostics_met_only",19.4640758040966,19.5002214667818,19.342903571082,19.3788242114899,15.8825317722276,15.912026346838,79.6152558131292,79.763104917817
"A","tau.alpha","global",TRUE,-0.899814442357492,0.029987101680966,-0.958743719588988,-0.89973890944023,-0.842456927718523,1.06442733943458,41.4046316761021,666.163631343205,0.00466379678812211,-0.915200280877048,-0.891260006762023,-0.892144479848492,-0.900653001942408,0.0239402741150251,NA,FALSE,FALSE,FALSE,"inconclusive",0.406198560570793,6.53537290883339,0.403669800041545,6.49468740509218,0.331454809826671,5.33281255748374,1.66150207367986,26.7320879351206
"A","nu.alpha","global",TRUE,1.43764154116092,0.0981003118046302,1.24747393286835,1.43728574871675,1.63271413125137,1.00914535510327,2815.01933686773,6358.87208870627,0.0018417836329117,1.41723506874325,1.44821474827554,1.44662726324828,1.43848908437663,0.030979679532291,NA,FALSE,FALSE,TRUE,"diagnostics_met_only",27.6166398860782,62.3834722040799,27.4447144395768,61.9951082916981,22.5349595247923,50.9044194707997,112.962252683296,255.17143213107
"A","iota.m.alpha","global",TRUE,-0.117669918673342,0.863023832241953,-1.12204726879819,-0.37124127123438,1.43403099910615,2.88150938317725,4.5969442364704,25.4765729900377,0.42887087002548,-1.03289516119784,-0.258767907140267,1.28672012898097,-0.465736735336235,2.31961529017881,NA,FALSE,FALSE,FALSE,"inconclusive",0.0450981461804968,0.249936948063784,0.0448173908478259,0.248380983197301,0.0367997302717837,0.203946571038383,0.184468067274093,1.02233438964838
"A","iota.s.alpha","global",TRUE,-0.0604231693499543,0.834608236149175,-1.27215547285503,-0.0870218738925332,1.18054202369973,3.11873978379331,4.49032517722073,13.6475615394494,0.41487471449398,-1.18662649704413,0.272513483427045,1.06579824100679,-0.393377904789521,2.25242473805093,NA,FALSE,FALSE,FALSE,"inconclusive",0.0440521639644148,0.133888882190572,0.0437779203203589,0.133055366384625,0.035946217063794,0.10925226795984,0.180189613853159,0.54765495744179
"A","chi.m.alpha","global",TRUE,-0.457632602605541,0.373284110883004,-1.11272053307491,-0.514580142116147,0.204711642656637,2.76720679747442,4.66182403750366,19.9847794161245,0.17919399111327,-0.74788843251287,-0.419826113995938,0.0772248794255526,-0.740040743338909,0.825113311938423,NA,FALSE,FALSE,FALSE,"inconclusive",0.0457346469950914,0.196059916573054,0.0454499291714296,0.194839359371421,0.0373191098977467,0.159983339849942,0.187071590590035,0.801957440454434
"A","chi.s.alpha","global",TRUE,-0.218869611613367,0.865999856828553,-1.96020268095818,-0.05198564942061,0.784306572758458,3.03117086492714,4.51901170659202,11.5097488689621,0.424159306206697,-1.45776953799933,0.667318495828844,0.435936271914251,-0.52096367619723,2.12508803382817,NA,FALSE,FALSE,FALSE,"inconclusive",0.0443335920671822,0.112915952487561,0.0440575964122943,0.112213002178304,0.0361758601677764,0.0921385233506736,0.181340758691494,0.461867932141336
"A","beta.tau1","global",TRUE,0.00138414492191564,0.00984474617626533,-0.0177146578430026,0.0014763447490035,0.0205269985991981,1.01962241307611,275.002903270413,667.321128421074,0.000595302257499923,0.00218953275868218,0.00076166505135157,-0.000319687692577446,0.00290506957020626,0.00322475726278371,NA,FALSE,FALSE,FALSE,"inconclusive",2.69790549847362,6.54672848978804,2.68110987781314,6.5059722926774,2.20146952926253,5.34207862164828,11.0354295052333,26.7785364534941
"A","beta.nu1","global",TRUE,0.000239915145022593,0.00976342901165473,-0.0190576519840526,0.000317708713782291,0.01945648202521,1.00175248088175,2028.07950849506,3513.10335492561,0.000216849993195245,-7.48606960466268e-05,-8.6699978647786e-05,0.000641306802439281,0.000479914452345504,0.000728006781087067,NA,FALSE,FALSE,TRUE,"diagnostics_met_only",19.8963967006933,34.4651665318605,19.7725330843863,34.2506060650847,16.2353022014585,28.1233030526001,81.3836078850345,140.975255013066
"A","beta.iota.m1","global",TRUE,-0.000243185737990662,0.00965091826387817,-0.0191251496280275,-0.000297835334723151,0.0183721791058699,1.00432209454982,579.889703952721,1316.40659601841,0.000401167476200188,-0.000206180661302332,-0.000578900667029248,-0.000168238404159256,-1.94232194718133e-05,0.000559477447557435,NA,FALSE,FALSE,TRUE,"diagnostics_met_only",5.68898583322922,12.9145567242711,5.65356945261402,12.8341580609889,4.6421674040644,10.5381760512,23.2700523255506,52.8253048161481
"A","beta.iota.s1","global",TRUE,-9.50961775426896e-05,0.0102815456254297,-0.020558462620827,-5.42747087296708e-05,0.0202799346829476,1.00537146592845,565.126949245962,950.48217326138,0.000432791372952469,-0.000512562046013718,-1.13490563824957e-05,-0.000208193321082871,0.000351719713308327,0.000864281759322045,NA,FALSE,FALSE,TRUE,"diagnostics_met_only",5.54415639098578,9.32466912511655,5.50964163586256,9.26661905423801,4.52398772571043,7.6088561890004,22.6776464384415,38.1413392159462
"A","beta.chi.m1","global",TRUE,-0.000301786355533043,0.009846970701783,-0.0196948152408367,-0.000341636148251271,0.0193891806385373,1.0013640081113,1300.66074945633,2205.71985415134,0.000273103720976359,0.000263775231258149,-0.000230697055804863,-0.000948858551318139,-0.000291365046267318,0.00121263378257629,NA,FALSE,FALSE,TRUE,"diagnostics_met_only",12.76008269686,21.6391305394904,12.6806457007553,21.5044176564152,10.4121264676988,17.6573592178727,52.1934490151015,88.5120326705995
"A","beta.chi.s1","global",TRUE,0.000492182736928773,0.0101460243537409,-0.0194915740608546,0.000452455699913721,0.0201820310974036,1.00449255896151,1323.51297187957,2292.70695107303,0.000278622780055749,-0.000114104518656682,0.00176546440174889,0.000556432317096351,-0.000239061252473465,0.00200452565422235,NA,FALSE,FALSE,TRUE,"diagnostics_met_only",12.9842735537375,22.492514137592,12.9034408732437,22.3524885750327,10.5950644321436,18.3537134782632,53.1104723868206,92.0026866401697
"A","tb","global",TRUE,0.09742625996967,0.0126123157392043,0.0756479626773496,0.0965242582506873,0.124910966029163,1.04806067687259,58.0480614000159,308.262656325145,0.00157269201617752,0.0919143966562636,0.0999175545785111,0.100601132180508,0.0972719564633966,0.00868673552424441,NA,FALSE,FALSE,FALSE,"inconclusive",0.569478293372207,3.02419903784038,0.565933046366606,3.00537209973224,0.464689779217485,2.46772247434068,2.3293764606748,12.3700905427426
"A","nb","global",TRUE,1.24179599300792,0.15872767981662,0.959121551856418,1.23077030365103,1.58301265066941,1.00398771618648,2097.99874506071,3435.46207775537,0.00348733981309514,1.26275471275163,1.23277972857799,1.2396423574893,1.23200717321274,0.0307475395388905,NA,FALSE,FALSE,TRUE,"diagnostics_met_only",20.5823367054577,33.7034697421356,20.4542028179635,33.493651165076,16.7950238152235,27.5017645020226,84.189355740799,137.859633938819
"A","imb","global",TRUE,0.115138291864689,0.0951628071784214,0.00238841782176213,0.0938707207601867,0.33169371059888,2.20589960378697,5.09322901439656,17.5980718198464,0.0416175014816759,0.0461726106565166,0.0886125424013489,0.0984437052814416,0.227324309119449,0.181151698462932,NA,FALSE,FALSE,FALSE,"inconclusive",0.0499669290742511,0.172645212689307,0.0496558634765957,0.171570422077545,0.0407726185702281,0.140877126839168,0.204383186773538,0.706182657297207
"A","isb","global",TRUE,0.119197835852836,0.118566900375131,0.00623187850493188,0.0511904346976645,0.381733410799104,2.09610757408965,5.27284558245418,57.3473407491949,0.0526254970323746,0.206434195049691,0.0167326594370596,0.223369797868687,0.0302546910559056,0.206637138431628,NA,FALSE,FALSE,FALSE,"inconclusive",0.0517290505675762,0.562603900141221,0.0514070150066748,0.559101449186498,0.0422104957592581,0.459080328760918,0.211590914223683,2.30125765446207
"A","cmb","global",TRUE,0.175041537425768,0.222501622770031,0.00371843398484172,0.090162027236345,0.794795493114705,1.88007596131099,5.69959497491768,11.7024932905221,0.105068031902093,0.461579315059604,0.0826965504124773,0.0319445988470717,0.123945685383921,0.429634716212532,NA,FALSE,FALSE,FALSE,"inconclusive",0.0559156592131782,0.114806864287192,0.0555675602150269,0.114092142239708,0.0456267352715221,0.0936814924101036,0.228715689202154,0.469602459491256
"A","csb","global",TRUE,0.178843686067888,0.242892337025674,0.000180945796266372,0.0875618874637612,0.975711891554334,2.36748794000581,4.94590469433187,10.9836367890089,0.102966266502385,0.478749280589963,0.0931741182598481,0.0377166020408694,0.105734743380872,0.441032678549093,NA,FALSE,FALSE,FALSE,"inconclusive",0.0485216094487685,0.10775454998439,0.0482195415866441,0.107083731622886,0.0395932491974516,0.0879268597674167,0.198471295920219,0.440755890409667
"A","M_total","global",TRUE,514.136566719402,761.368779102492,0,54.7380254938309,1996.92778086287,3.45062748935555,4.41177089703738,4.01606425702811,378.058407929216,1814.52985548691,0,0,242.016411390798,1814.52985548691,NA,FALSE,FALSE,FALSE,"inconclusive",0.0432815101934367,0.0393994452873299,0.0430120642001529,0.0391541668156955,0.0353173696874202,0.0321496354557176,0.177037355418835,0.161158276766778
"A","S_total","global",TRUE,64.0084749998354,105.283213581263,0,0.613427383042019,309.169021983092,3.42694571704495,4.43405163663937,4.01606425702811,50.8991897030602,240.373793924463,0,0,15.6601060748919,240.373793924463,NA,FALSE,FALSE,FALSE,"inconclusive",0.0435000945398831,0.0393994452873299,0.0432292877651461,0.0391541668156955,0.0354957327837362,0.0321496354557176,0.177931446093073,0.161158276766778
"A","M_fraction_N","scaled_functional",FALSE,0.00113497935221689,0.00168075546389881,0,0.000120836627344039,0.00440830694772284,3.45062748935555,4.41177089703738,4.01606425702811,0.000834580760651833,0.00400565541000042,0,0,0.000534261998867084,0.00400565541000042,NA,FALSE,FALSE,FALSE,"inconclusive",0.0432815101934367,0.0393994452873299,0.0430120642001529,0.0391541668156955,0.0353173696874202,0.0321496354557176,0.177037355418835,0.161158276766778
"A","S_fraction_N","scaled_functional",FALSE,0.000141301557201546,0.000232417379515035,0,1.35416824809714e-06,0.000682504375315881,3.42694571704495,4.43405163663937,4.01606425702811,0.000112362226492004,0.000530635847706941,0,0,3.45703810992067e-05,0.000530635847706941,NA,FALSE,FALSE,FALSE,"inconclusive",0.0435000945398831,0.0393994452873299,0.0432292877651461,0.0391541668156955,0.0354957327837362,0.0321496354557176,0.177931446093073,0.161158276766778
"D","pi[1]","global",TRUE,0.971392755963609,0.0191225605706846,0.926732974508855,0.975297600402073,0.996645415444658,1.34274645513629,9.26896283524162,81.9702694219007,0.0061695904584357,0.979732721662862,0.955008697325574,0.985166245858851,0.965663359007146,0.0301575485332775,NA,FALSE,FALSE,FALSE,"inconclusive",0.136995267964966,1.21152055782528,0.135815283736805,1.20108534227687,0.103024412865576,0.911098580254936,0.569801612789182,5.03905264780849
"D","pi[2]","global",TRUE,0.0218714580962566,0.018196805662954,0.000622894592430634,0.0175482542304841,0.0665174284788988,1.44361095216326,7.8775531306883,52.8033532450134,0.00629629336089436,0.0133892112249065,0.0385289191968996,0.00768637570960277,0.0278813262536176,0.0308425434872968,NA,FALSE,FALSE,FALSE,"inconclusive",0.116430232942968,0.780433545352627,0.115427381964284,0.773711420652093,0.087558910369219,0.586908650093785,0.484265883733221,3.24604126421672
"D","pi[3]","global",TRUE,0.00673578594013484,0.00670259070827852,0.000160312669722712,0.0047030507555661,0.024061149997677,1.00064229097094,2114.34651614039,2665.93568154521,0.000166733238508064,0.0068780671122303,0.00646238347752699,0.00714737843154524,0.00645531473923683,0.000692063692308407,NA,FALSE,FALSE,TRUE,"diagnostics_met_only",31.2500408835542,39.4025285851876,30.9808742479489,39.0631419554826,23.5009366518904,29.6318437359907,129.977655138648,163.88613029724
"D","tau.alpha","global",TRUE,-0.898518631414944,0.0287347571834053,-0.955267335353329,-0.898262108394676,-0.842140367443476,1.03349726002261,88.8772248740195,2323.12055922643,0.00304582759790659,-0.893713544218656,-0.907793409686619,-0.893006183708841,-0.899561388045659,0.0147872259777775,NA,FALSE,FALSE,FALSE,"inconclusive",1.3136053573659,34.3357211786521,1.3022908526626,34.0399765879435,0.98786930884581,25.8214576845925,5.46365186414333,142.811862004453
"D","nu.alpha","global",TRUE,1.4352957108406,0.0920603909927284,1.25677173883275,1.43485990028768,1.61691642198193,1.00615679086578,3662.03108982079,6946.83129799456,0.00151799368506187,1.4399604132181,1.42099132997001,1.44622509446482,1.43400600570944,0.0252337644948091,NA,FALSE,FALSE,TRUE,"diagnostics_met_only",54.124818425055,102.674164530876,53.6586239860619,101.789798986097,40.7034324800416,77.2139481486486,225.120248959291,427.050550070361
"D","iota.m.alpha","global",TRUE,-0.866767800486575,1.05555665090666,-2.43108478765227,-1.16488383567277,1.52008937522972,2.22293601705227,5.11785008027163,13.9380806906254,0.49280849006124,-1.45719690857945,-1.1406452508211,0.711794050125922,-1.58102309267168,2.2928171427976,NA,FALSE,FALSE,FALSE,"inconclusive",0.0756418226735782,0.206004828487347,0.0749902953685112,0.204230442757453,0.0568848434313829,0.154921602896606,0.31461548412563,0.856831664758431
"D","iota.s.alpha","global",TRUE,-0.0645021142990125,0.851474925486575,-1.42798766348263,-0.0372827594948266,1.53467403751143,2.01364948173891,5.39548553424248,13.6070897407868,0.38001023888393,0.567859129433524,-0.628468331021726,0.640823828820602,-0.838223084428453,1.47904691324905,NA,FALSE,FALSE,FALSE,"inconclusive",0.0797452746011983,0.201112782346573,0.0790584029471802,0.199380533380783,0.0599707582359241,0.151242642383216,0.331682887701634,0.836484277419733
"D","chi.m.alpha","global",TRUE,-0.340223357549678,0.982867561769932,-1.6418871829624,-0.60754744586438,1.66678122154064,1.74904090660871,6.16427807134452,12.7936067825896,0.43726876460649,-0.455647981881638,-0.991254760538189,1.07759958993087,-0.99159027770975,2.06918986764062,NA,FALSE,FALSE,FALSE,"inconclusive",0.0911080280723115,0.189089504464884,0.0903232853743984,0.187460815851812,0.0685158782410697,0.142200788873374,0.378943755538484,0.786476103927559
"D","chi.s.alpha","global",TRUE,0.265143474340561,0.935433421341218,-1.52233352353537,0.486259153589557,1.51182552379975,2.11118278200715,5.22392913336387,14.0923951955501,0.437469775394925,0.296218071168773,0.77433754983763,-1.11506099264502,1.10507926900086,2.22014026164587,NA,FALSE,FALSE,FALSE,"inconclusive",0.0772096710469246,0.208285596824518,0.0765446393604276,0.206491566104649,0.0580639108584969,0.156636806803354,0.321136603759997,0.866318017799846
"D","beta.tau1","global",TRUE,-0.000486958258995282,0.00908200166798478,-0.0175892018196158,-0.000831853085215955,0.0182540248399977,1.01997058616793,359.490084719651,619.117839303092,0.000480754471260582,8.91805026567811e-05,-0.00246035903653594,0.00178431763361982,-0.00136097213572178,0.00424467667015576,NA,FALSE,FALSE,FALSE,"inconclusive",5.31326334589117,9.15056148188847,5.26749850275937,9.07174475786699,3.99572806230513,6.88148750001353,22.0993474346623,38.0597429952107
"D","beta.nu1","global",TRUE,-5.11275586592362e-05,0.0098646801036713,-0.0189865710152931,-0.000279302103355843,0.0199249419742805,1.00414762498061,896.011167569415,1909.40253956408,0.000330191234972002,-0.000511658370327617,-8.79030745397376e-05,0.000301333367375412,9.37178428549964e-05,0.000812991737703029,NA,FALSE,FALSE,TRUE,"diagnostics_met_only",13.2430447918151,28.2209689703378,13.1289781950683,27.9778927036675,9.95915358607994,21.2229867633838,55.0815250242463,117.378898356432
"D","beta.iota.m1","global",TRUE,-0.000104045407991158,0.00989344600735361,-0.0191552008337664,-0.00011361300783177,0.0196634948684728,1.00116392463526,4182.93102373158,4199.66193800034,0.000153375615452469,-0.000305419486147434,-0.000584300561316176,0.000696383041365519,-0.000222844625866537,0.0012806836026817,NA,FALSE,FALSE,TRUE,"diagnostics_met_only",61.8237192942783,62.071002202225,61.2912117502066,61.5363647310717,46.4932291171405,46.6791930324008,257.142129693956,258.170648429356
"D","beta.iota.s1","global",TRUE,6.93388387309438e-05,0.010035705357521,-0.0191987452906414,0.000251695916556432,0.0199167655267762,1.00056878154291,5187.00052461797,4819.31791418674,0.000139671546694021,-5.09613239655417e-05,-0.000269337233288174,-1.64540170520716e-05,0.000614107929229561,0.000883445162517735,NA,FALSE,FALSE,TRUE,"diagnostics_met_only",76.6638662205762,71.2295173470896,76.0035357262906,70.615994644462,57.6534498067465,53.5666619175412,318.866448922233,296.263472932117
"D","beta.chi.m1","global",TRUE,-3.10133444453723e-05,0.00998368101988498,-0.0192478653044018,-1.14457609069441e-05,0.01966703578528,1.00035487073957,5161.08433762583,4727.78976533946,0.000139035383849219,-0.000154523302730293,0.000150958134070514,-0.00013764847745489,1.71602683331788e-05,0.000305481436800807,NA,FALSE,FALSE,TRUE,"diagnostics_met_only",76.2808249844933,69.8767313341827,75.6237937473573,69.2748606118242,57.3653916932294,52.5493276199203,317.273273352544,290.636857769685
"D","beta.chi.s1","global",TRUE,-0.000222310435968539,0.0100203495945455,-0.0199759036478211,-7.06247318714523e-05,0.0192063154173193,1.00099408688695,4620.40721342161,4107.49417494214,0.00014779397100004,-0.000176069317296757,-0.000421971120146966,-0.000146179832479958,-0.000145021473950476,0.00027694964619649,NA,FALSE,FALSE,TRUE,"diagnostics_met_only",68.289617248579,60.7087626914695,67.7014168494159,60.1858586265977,51.3557718186951,45.6547494303506,284.035606652832,252.504713526904
"D","tb","global",TRUE,0.0991087143965251,0.0126892456526183,0.0774180921982976,0.0982125656239795,0.127241052638599,1.00845364393644,1546.57952928975,3572.18723240976,0.00031090272493848,0.101180822579929,0.0984876343804476,0.0991886789574303,0.0975777216682945,0.0036031009116341,NA,FALSE,FALSE,TRUE,"diagnostics_met_only",22.8584449857337,52.7969262390777,22.6615578598926,52.3421693618299,17.1902132727498,39.7048190619193,95.0746621558831,219.597174181457
"D","nb","global",TRUE,1.19158983037108,0.135836838652641,0.950221386801538,1.18115795844678,1.4876004771389,1.00162616252992,3977.0370141325,3747.51648965305,0.00219031554780252,1.19361811726106,1.18188986500067,1.19891027466062,1.19194106456198,0.0170204096599433,NA,FALSE,FALSE,TRUE,"diagnostics_met_only",58.7806058932663,55.3882926093062,58.2743096619722,54.9112154614996,44.2047196227628,41.6536016934527,244.484970439079,230.375391261637
"D","imb","global",TRUE,0.198901277885575,0.155838378131993,0.0070107569808163,0.162596781525677,0.602452850022485,1.36309903080833,9.85080368436377,39.5292678671722,0.0476337694228411,0.254884677765218,0.101450614464045,0.2742601022664,0.165009717046638,0.172809487802355,NA,FALSE,FALSE,FALSE,"inconclusive",0.145594875542999,0.584242567391953,0.144340820133686,0.579210298575786,0.109491567058287,0.439367347286957,0.605569784493992,2.43002814699528
"D","isb","global",TRUE,0.167584028857753,0.191595433865599,0.00777140454287214,0.120368218918261,0.741686122611276,1.19141226886677,17.3457517349262,74.0555487754995,0.038458512719261,0.11829256367552,0.195325037239268,0.223474432682338,0.133244081833887,0.105181869006818,NA,FALSE,FALSE,FALSE,"inconclusive",0.256370205514805,1.09454098901106,0.254162006621723,1.08511335604757,0.192797826463206,0.823126553385839,1.06631534609493,4.55250192263475
"D","cmb","global",TRUE,0.202677037329651,0.18517701194272,0.0067505734882929,0.147448018577457,0.676378586077168,1.06041178375991,35.8236598069237,17.9461075025041,0.0282591737316471,0.223010986137933,0.183485502033669,0.198615943705471,0.20559571744153,0.0395254841042639,NA,FALSE,FALSE,FALSE,"inconclusive",0.529473681356859,0.265243463582141,0.524913154540801,0.262958836468381,0.398179557293288,0.199470773756727,2.20222904081415,1.10322170667634
"D","csb","global",TRUE,0.134107516403557,0.142393525111661,0.00238616903053439,0.0909540788299385,0.539791987008098,1.10042657773157,27.5945053873311,45.4271342201632,0.0280257323510346,0.139643576083485,0.202979661090697,0.0759740250468494,0.117832803393197,0.127005636043848,NA,FALSE,FALSE,FALSE,"inconclusive",0.407846781467818,0.671413030345751,0.404333866191349,0.665629934344274,0.306712602734441,0.504922062412826,1.69634876666448,2.792594468566
"D","M_total","global",TRUE,598.355721521761,618.541399837469,0,294.84959139024,1790.66272086162,2.47192994285672,4.84288900094801,4.99167376973706,287.652604074889,168.230358162395,1269.1718712398,0,956.020656684862,1269.1718712398,NA,FALSE,FALSE,FALSE,"inconclusive",0.0715778980024537,0.073776936841175,0.0709613745853865,0.0731414723965428,0.0538286542695819,0.0554823952242389,0.297712485458167,0.306858902670256
"D","S_total","global",TRUE,62.4871720915568,65.9818824271372,0,46.5130636638872,227.165490958625,1.93823711116769,5.58517532441094,4.99167376973706,25.901478163196,28.766078847779,118.90770519874,0,102.274904319707,118.90770519874,NA,FALSE,FALSE,FALSE,"inconclusive",0.0825488896438158,0.073776936841175,0.0818378695532768,0.0731414723965428,0.062079158021971,0.0554823952242389,0.343343906338657,0.306858902670256
"D","M_fraction_N","scaled_functional",FALSE,0.00132089688454049,0.00136545766776777,0,0.000650893595008829,0.0039529676481298,2.47192994285672,4.84288900094801,4.99167376973706,0.00063500592521476,0.000371376002583698,0.00280175338911018,0,0.00211045814646806,0.00280175338911018,NA,FALSE,FALSE,FALSE,"inconclusive",0.0715778980024537,0.073776936841175,0.0709613745853865,0.0731414723965428,0.0538286542695819,0.0554823952242389,0.297712485458167,0.306858902670256
"D","S_fraction_N","scaled_functional",FALSE,0.000137943213327292,0.000145657941922016,0,0.000102679658059937,0.000501477931086255,1.93823711116769,5.58517532441094,4.99167376973706,5.71786657671575e-05,6.35023992648413e-05,0.000262494051106289,0,0.000225776402938037,0.000262494051106289,NA,FALSE,FALSE,FALSE,"inconclusive",0.0825488896438158,0.073776936841175,0.0818378695532768,0.0731414723965428,0.062079158021971,0.0554823952242389,0.343343906338657,0.306858902670256
