"id","pass","observed","expected","note"
"F1_exact_value",TRUE,499.5,499.5,""
"F1_invalid_strict",TRUE,499.5,499.5,"A=1 has positive binomial parent mass .0005; no call to dbinom with invalid p"
"F2_positive_nonphysical_mass",TRUE,0.03125,0.03125,""
"literal_normalizer_parameter_dependent",TRUE,NA,NA,""
"literal_triangle_formula",TRUE,NA,NA,""
"component_normalizers",TRUE,NA,NA,""
"mixture_normalizer",TRUE,0.9140625,0.9140625,""
"mixture_reweights_class_prior",TRUE,0.52991452991453,0.52991452991453,""
"global_mixture_cell",TRUE,0.145299145299145,0.145299145299145,""
"component_normalized_cell",TRUE,0.138123167155425,0.138123167155425,""
"normalization_order_changes_model",TRUE,0.00717597814372009,0.001,""
"paper_simplex",TRUE,NA,NA,""
"independent_binomials_nonphysical",TRUE,0.125,0.125,""
"conditioned_independent_is_not_multinomial",TRUE,0.428571428571429,0.428571428571429,""
"grid_probability_support",TRUE,NA,NA,""
"grid_simplex",TRUE,2.22044604925031e-16,0,""
"grid_independent_rectangle_normalized",TRUE,NA,NA,""
"grid_multinomial_triangle_normalized",TRUE,NA,NA,""
"grid_multinomial_physical",TRUE,NA,NA,""
"grid_sequential_equivalence",TRUE,3.81639164714898e-16,0,""
"grid_triangle_constant_positive",TRUE,NA,NA,""
"grid_normalized_kernel_sum",TRUE,NA,NA,""
"grid_normalized_kernel_physical",TRUE,NA,NA,""
"corner_1",TRUE,NA,NA,""
"corner_2",TRUE,NA,NA,""
"corner_3",TRUE,NA,NA,""
"transfer_marginalizes_1",TRUE,NA,NA,""
"transfer_capacity_1",TRUE,NA,NA,""
"transfer_expectations_1",TRUE,NA,NA,""
"multinomial_covariance_1",TRUE,-0.15,-0.15,""
"transfer_marginalizes_2",TRUE,NA,NA,""
"transfer_capacity_2",TRUE,NA,NA,""
"transfer_expectations_2",TRUE,NA,NA,""
"multinomial_covariance_2",TRUE,-0.3,-0.3,""
"transfer_marginalizes_3",TRUE,NA,NA,""
"transfer_capacity_3",TRUE,NA,NA,""
"transfer_expectations_3",TRUE,NA,NA,""
"multinomial_covariance_3",TRUE,-0.45,-0.45,""
"same_observable_probabilities_different_transfers",TRUE,NA,NA,""
"observational_equivalence_1",TRUE,2.77555756156289e-17,0,""
"observational_equivalence_2",TRUE,2.77555756156289e-17,0,""
"observational_equivalence_3",TRUE,2.77555756156289e-17,0,""
