"N","tau","nu","m","s","probabilities_valid","simplex_error","independent_mass","independent_nonphysical","multinomial_mass","multinomial_nonphysical","sequential_max_error","literal_invalid_parent_rows","diagnostic_rectangle_mass","diagnostic_triangle_mass","normalized_mass","normalized_nonphysical"
1,0.2,0.2,0,0,TRUE,0,1,0.032,1,0,8.32667268468867e-17,0,1,1,1,0
2,0.2,0.2,0,0,TRUE,0,1,0.050688,1,0,5.55111512312578e-17,0,1,0.9968,1,0
3,0.2,0.2,0,0,TRUE,0,1,0.06081536,1,0,1.66533453693773e-16,0,1,0.99488,1,0
1,0.5,0.2,0,0,TRUE,0,1,0.05,1,0,0,0,1,1,1,0
2,0.5,0.2,0,0,TRUE,0,1,0.0525,1,0,5.55111512312578e-17,0,1,0.995,1,0
3,0.5,0.2,0,0,TRUE,0,1,0.04475,1,0,5.55111512312578e-17,0,1,0.994333333333334,1,0
1,0.8,0.2,0,0,TRUE,0,1,0.032,1,0,1.11022302462516e-16,0,1,1,1,0
2,0.8,0.2,0,0,TRUE,0,1,0.019968,1,0,1.66533453693773e-16,0,1,0.9968,1,0
3,0.8,0.2,0,0,TRUE,0,1,0.0114176,1,0,2.22044604925031e-16,0,1,0.997866666666667,1,0
1,0.2,0.5,0,0,TRUE,0,1,0.08,1,0,5.55111512312578e-17,0,1,1,1,0
2,0.2,0.5,0,0,TRUE,0,1,0.1248,1,0,5.55111512312578e-17,0,1,0.98,1,0
3,0.2,0.5,0,0,TRUE,0,1,0.1496,1,0,1.11022302462516e-16,0,1,0.968,1,0
1,0.5,0.5,0,0,TRUE,0,1,0.125,1,0,0,0,1,1,1,0
2,0.5,0.5,0,0,TRUE,0,1,0.140625,1,0,2.77555756156289e-17,0,1,0.96875,1,0
3,0.5,0.5,0,0,TRUE,0,1,0.13671875,1,0,5.55111512312578e-17,0,1,0.958333333333334,1,0
1,0.8,0.5,0,0,TRUE,0,1,0.08,1,0,0,0,1,1,1,0
2,0.8,0.5,0,0,TRUE,0,1,0.0768,1,0,5.55111512312578e-17,0,1,0.98,1,0
3,0.8,0.5,0,0,TRUE,0,1,0.06464,1,0,2.77555756156289e-17,0,1,0.978666666666667,1,0
1,0.2,0.8,0,0,TRUE,0,1,0.128,1,0,7.63278329429795e-17,0,1,1,1,0
2,0.2,0.8,0,0,TRUE,0,1,0.196608,1,0,1.11022302462516e-16,0,1,0.9488,1,0
3,0.2,0.8,0,0,TRUE,0,1,0.23527424,1,0,1.52655665885959e-16,0,1,0.91808,1,0
1,0.5,0.8,0,0,TRUE,0,1,0.2,1,0,0,0,1,1,1,0
2,0.5,0.8,0,0,TRUE,0,1,0.24,1,0,5.55111512312578e-17,0,1,0.92,1,0
3,0.5,0.8,0,0,TRUE,0,1,0.254,1,0,8.32667268468867e-17,0,1,0.877333333333334,1,0
1,0.8,0.8,0,0,TRUE,0,1,0.128,1,0,8.32667268468867e-17,0,1,1,1,0
2,0.8,0.8,0,0,TRUE,0,1,0.165888,1,0,1.11022302462516e-16,0,1,0.9488,1,0
3,0.8,0.8,0,0,TRUE,0,1,0.1759232,1,0,1.38777878078145e-16,0,1,0.924906666666667,1,0
1,0.2,0.2,0.2,0,TRUE,2.22044604925031e-16,1,0.128,1,0,1.66533453693773e-16,0,1,0.872,1,0
2,0.2,0.2,0.2,0,TRUE,2.22044604925031e-16,1,0.165888,1,0,2.4980018054066e-16,0,1,0.834112,1,0
3,0.2,0.2,0.2,0,TRUE,2.22044604925031e-16,1,0.1759232,1,0,2.22044604925031e-16,0,1,0.8240768,1,0
1,0.5,0.2,0.2,0,TRUE,0,1,0.08,1,0,5.55111512312578e-17,0,1,0.92,1,0
2,0.5,0.2,0.2,0,TRUE,0,1,0.0768,1,0,1.11022302462516e-16,0,1,0.9232,1,0
3,0.5,0.2,0.2,0,TRUE,0,1,0.06464,1,0,8.32667268468867e-17,0,1,0.93536,1,0
1,0.8,0.2,0.2,0,TRUE,0,1,0.032,1,0,1.11022302462516e-16,0,1,0.968,1,0
2,0.8,0.2,0.2,0,TRUE,0,1,0.019968,1,0,1.66533453693773e-16,0,1,0.980032,1,0
3,0.8,0.2,0.2,0,TRUE,0,1,0.0114176,1,0,1.66533453693773e-16,0,1,0.9885824,1,0
1,0.2,0.5,0.2,0,TRUE,2.22044604925031e-16,1,0.1664,1,0,1.52655665885959e-16,0,1,0.92,1,0
2,0.2,0.5,0.2,0,TRUE,2.22044604925031e-16,1,0.21645312,1,0,1.94289029309402e-16,0,1,0.859,1,0
3,0.2,0.5,0.2,0,TRUE,2.22044604925031e-16,1,0.23445254144,1,0,2.22044604925031e-16,0,1,0.83123,1,0
1,0.5,0.5,0.2,0,TRUE,0,1,0.14,1,0,5.55111512312578e-17,0,1,0.95,1,0
2,0.5,0.5,0.2,0,TRUE,0,1,0.1512,1,0,8.32667268468867e-17,0,1,0.915625,1,0
3,0.5,0.5,0.2,0,TRUE,0,1,0.14609,1,0,5.55111512312578e-17,0,1,0.91109375,1,0
1,0.8,0.5,0.2,0,TRUE,0,1,0.0704,1,0,1.11022302462516e-16,0,1,0.98,1,0
2,0.8,0.5,0.2,0,TRUE,0,1,0.06961152,1,0,1.11022302462516e-16,0,1,0.96775,1,0
3,0.8,0.5,0.2,0,TRUE,0,1,0.05870526464,1,0,9.71445146547012e-17,0,1,0.9707075,1,0
1,0.2,0.8,0.2,0,TRUE,2.22044604925031e-16,1,0.2048,1,0,1.87350135405495e-16,0,1,0.968,1,0
2,0.2,0.8,0.2,0,TRUE,2.22044604925031e-16,1,0.26738688,1,0,2.42861286636753e-16,0,1,0.876832,1,0
3,0.2,0.8,0.2,0,TRUE,2.22044604925031e-16,1,0.29477568512,1,0,2.56739074444567e-16,0,1,0.8256608,1,0
1,0.5,0.8,0.2,0,TRUE,0,1,0.2,1,0,0,0,1,0.98,1,0
2,0.5,0.8,0.2,0,TRUE,0,1,0.24,1,0,8.32667268468867e-17,0,1,0.8977,1,0
3,0.5,0.8,0.2,0,TRUE,0,1,0.254,1,0,8.32667268468867e-17,0,1,0.85679,1,0
1,0.8,0.8,0.2,0,TRUE,0,1,0.1088,1,0,5.55111512312578e-17,0,1,0.992,1,0
2,0.8,0.8,0.2,0,TRUE,0,1,0.14727168,1,0,1.38777878078145e-16,0,1,0.948952,1,0
3,0.8,0.8,0.2,0,TRUE,0,1,0.15937789952,1,0,1.38777878078145e-16,0,1,0.929132,1,0
1,0.2,0.2,0.6,0,TRUE,0,1,0.1664,1,0,8.32667268468867e-17,2,0.68,0.68,1,0
2,0.2,0.2,0.6,0,TRUE,0,1,0.19648512,1,0,1.11022302462516e-16,3,0.8976,0.684352,1,0
3,0.2,0.2,0.6,0,TRUE,0,1,0.20227211264,1,0,8.32667268468867e-17,4,0.967232,0.701144917333334,1,0
1,0.5,0.2,0.6,0,TRUE,0,1,0.08,1,0,0,2,0.8,0.8,1,0
2,0.5,0.2,0.6,0,TRUE,0,1,0.0768,1,0,1.66533453693773e-16,3,0.96,0.8032,1,0
3,0.5,0.2,0.6,0,TRUE,0,1,0.06464,1,0,8.32667268468867e-17,4,0.992,0.842410666666667,1,0
1,0.8,0.2,0.6,0,TRUE,0,1,0.0224,1,0,1.11022302462516e-16,2,0.92,0.92,1,0
2,0.8,0.2,0.6,0,TRUE,0,1,0.01462272,1,0,2.22044604925031e-16,3,0.9936,0.921472,1,0
3,0.8,0.2,0.6,0,TRUE,0,1,0.00815919104,1,0,1.66533453693773e-16,4,0.999488,0.951865856,1,0
1,0.2,0.5,0.6,0,TRUE,0,1,0.1856,1,0,1.38777878078145e-17,0,1,0.76,1,0
2,0.2,0.5,0.6,0,TRUE,0,1,0.23073792,1,0,5.55111512312578e-17,0,1,0.734,1,0
3,0.2,0.5,0.6,0,TRUE,0,1,0.24625289216,1,0,5.55111512312578e-17,0,1,0.724893333333333,1,0
1,0.5,0.5,0.6,0,TRUE,0,1,0.11,1,0,0,0,1,0.85,1,0
2,0.5,0.5,0.6,0,TRUE,0,1,0.1287,1,0,1.66533453693773e-16,0,1,0.8375,1,0
3,0.5,0.5,0.6,0,TRUE,0,1,0.126335,1,0,8.32667268468867e-17,0,1,0.844791666666667,1,0
1,0.8,0.5,0.6,0,TRUE,0,1,0.0416,1,0,5.55111512312578e-17,0,1,0.94,1,0
2,0.8,0.5,0.6,0,TRUE,0,1,0.04472832,1,0,5.55111512312578e-17,0,1,0.9365,1,0
3,0.8,0.5,0.6,0,TRUE,0,1,0.03837956096,1,0,1.11022302462516e-16,0,1,0.94609,1,0
1,0.2,0.8,0.6,0,TRUE,0,1,0.2048,1,0,6.2450045135165e-17,0,1,0.904,1,0
2,0.2,0.8,0.6,0,TRUE,0,1,0.26738688,1,0,7.63278329429795e-17,0,1,0.816128,1,0
3,0.2,0.8,0.6,0,TRUE,0,1,0.29477568512,1,0,8.32667268468867e-17,0,1,0.771684693333333,1,0
1,0.5,0.8,0.6,0,TRUE,1.11022302462516e-16,1,0.14,1,0,1.11022302462516e-16,0,1,0.94,1,0
2,0.5,0.8,0.6,0,TRUE,1.11022302462516e-16,1,0.1932,1,0,1.66533453693773e-16,0,1,0.8828,1,0
3,0.5,0.8,0.6,0,TRUE,1.11022302462516e-16,1,0.21476,1,0,1.94289029309402e-16,0,1,0.853986666666667,1,0
1,0.8,0.8,0.6,0,TRUE,0,1,0.0608,1,0,8.32667268468867e-17,0,1,0.976,1,0
2,0.8,0.8,0.6,0,TRUE,0,1,0.09105408,1,0,5.55111512312578e-17,0,1,0.952208,1,0
3,0.8,0.8,0.6,0,TRUE,0,1,0.10477678592,1,0,1.11022302462516e-16,0,1,0.94010944,1,0
1,0.2,0.2,0.999,0,TRUE,0,1,0.000671360000000001,1,0,1.11022302462516e-16,2,0.9992,0.9992,1,0
2,0.2,0.2,0.999,0,TRUE,0,1,0.0011265326272512,1,0,2.22044604925031e-16,6,0.99840064,0.99840064,1,0
3,0.2,0.2,0.999,0,TRUE,0,1,0.00141794674629516,1,0,2.22044604925031e-16,12,0.997601919488,0.997601919488,1,0
1,0.5,0.2,0.999,0,TRUE,0,1,0.00029975,1,0,5.55111512312578e-17,2,0.9995,0.9995,1,0
2,0.5,0.2,0.999,0,TRUE,0,1,0.0003594304498125,1,0,5.55111512312578e-17,6,0.99900025,0.99900025,1,0
3,0.5,0.2,0.999,0,TRUE,0,1,0.000323352899063063,1,0,5.55111512312578e-17,12,0.998500749875,0.998500749875,1,0
1,0.8,0.2,0.999,0,TRUE,0,1,7.196e-05,1,0,2.22044604925031e-16,2,0.9998,0.9998,1,0
2,0.8,0.2,0.999,0,TRUE,0,1,5.17956652752e-05,1,0,2.22044604925031e-16,6,0.99960004,0.99960004,1,0
3,0.8,0.2,0.999,0,TRUE,0,1,2.79712164473507e-05,1,0,2.77555756156289e-16,12,0.999400119992,0.999400119992,1,0
1,0.2,0.5,0.999,0,TRUE,0,1,0.000719360000000001,1,0,6.93889390390723e-17,2,0.9992,0.9992,1,0
2,0.2,0.5,0.999,0,TRUE,0,1,0.0012932955635712,1,0,1.38777878078145e-16,6,0.99840064,0.99840064,1,0
3,0.2,0.5,0.999,0,TRUE,0,1,0.00174401218782069,1,0,1.11022302462516e-16,12,0.997601919488,0.997601919488,1,0
1,0.5,0.5,0.999,0,TRUE,0,1,0.00037475,1,0,5.55111512312578e-17,2,0.9995,0.9995,1,0
2,0.5,0.5,0.999,0,TRUE,0,1,0.0005617036873125,1,0,1.11022302462516e-16,6,0.99900025,0.99900025,1,0
3,0.5,0.5,0.999,0,TRUE,0,1,0.000631548525914767,1,0,1.11022302462516e-16,12,0.998500749875,0.998500749875,1,0
1,0.8,0.5,0.999,0,TRUE,0,1,0.00011996,1,0,0,2,0.9998,0.9998,1,0
2,0.8,0.5,0.999,0,TRUE,0,1,0.0001439088287952,1,0,1.11022302462516e-16,6,0.99960004,0.99960004,1,0
3,0.8,0.5,0.999,0,TRUE,0,1,0.000129496377576006,1,0,1.11022302462516e-16,12,0.999400119992,0.999400119992,1,0
1,0.2,0.8,0.999,0,TRUE,0,1,0.000767360000000001,1,0,4.16333634234434e-17,2,0.9992,0.9992,1,0
2,0.2,0.8,0.999,0,TRUE,0,1,0.0014715646758912,1,0,1.11022302462516e-16,6,0.99840064,0.99840064,1,0
3,0.2,0.8,0.999,0,TRUE,0,1,0.00211658451806415,1,0,8.32667268468867e-17,12,0.997601919488,0.997601919488,1,0
1,0.5,0.8,0.999,0,TRUE,1.11022302462516e-16,1,0.00044975,1,0,1.52655665885959e-16,2,0.9995,0.9995,1,0
2,0.5,0.8,0.999,0,TRUE,1.11022302462516e-16,1,0.000808943174812501,1,0,2.4980018054066e-16,6,0.99900025,0.99900025,1,0
3,0.5,0.8,0.999,0,TRUE,1.11022302462516e-16,1,0.0010913156642446,1,0,3.33066907387547e-16,12,0.998500749875,0.998500749875,1,0
1,0.8,0.8,0.999,0,TRUE,0,1,0.00016796,1,0,1.11022302462516e-16,2,0.9998,0.9998,1,0
2,0.8,0.8,0.999,0,TRUE,0,1,0.0002820881683152,1,0,1.66533453693773e-16,6,0.99960004,0.99960004,1,0
3,0.8,0.8,0.999,0,TRUE,0,1,0.000355338044606332,1,0,3.33066907387547e-16,12,0.999400119992,0.999400119992,1,0
1,0.2,0.2,0,0.3,TRUE,2.22044604925031e-16,1,0.0704,1,0,6.93889390390723e-17,0,1,1,1,0
2,0.2,0.2,0,0.3,TRUE,2.22044604925031e-16,1,0.11016192,1,0,8.32667268468867e-17,0,1,0.984512,1,0
3,0.2,0.2,0,0.3,TRUE,2.22044604925031e-16,1,0.13208526848,1,0,1.11022302462516e-16,0,1,0.9752192,1,0
1,0.5,0.2,0,0.3,TRUE,0,1,0.11,1,0,5.55111512312578e-17,0,1,1,1,0
2,0.5,0.2,0,0.3,TRUE,0,1,0.1221,1,0,2.77555756156289e-17,0,1,0.9758,1,0
3,0.5,0.2,0,0.3,TRUE,0,1,0.116138,1,0,1.11022302462516e-16,0,1,0.968701333333333,1,0
1,0.8,0.2,0,0.3,TRUE,0,1,0.0704,1,0,1.66533453693773e-16,0,1,1,1,0
2,0.8,0.2,0,0.3,TRUE,0,1,0.06285312,1,0,8.32667268468867e-17,0,1,0.984512,1,0
3,0.8,0.2,0,0.3,TRUE,0,1,0.0498814976,1,0,1.38777878078145e-16,0,1,0.984718506666666,1,0
1,0.2,0.5,0,0.3,TRUE,0,1,0.104,1,0,4.16333634234434e-17,0,1,1,1,0
2,0.2,0.5,0,0.3,TRUE,0,1,0.160992,1,0,2.77555756156289e-17,0,1,0.9662,1,0
3,0.2,0.5,0,0.3,TRUE,0,1,0.19283888,1,0,1.11022302462516e-16,0,1,0.94592,1,0
1,0.5,0.5,0,0.3,TRUE,0,1,0.1625,1,0,0,0,1,1,1,0
2,0.5,0.5,0,0.3,TRUE,0,1,0.18890625,1,0,5.55111512312578e-17,0,1,0.9471875,1,0
3,0.5,0.5,0,0.3,TRUE,0,1,0.19251171875,1,0,8.32667268468867e-17,0,1,0.924302083333334,1,0
1,0.8,0.5,0,0.3,TRUE,0,1,0.104,1,0,0,0,1,1,1,0
2,0.8,0.5,0,0.3,TRUE,0,1,0.117312,1,0,1.11022302462516e-16,0,1,0.9662,1,0
3,0.8,0.5,0,0.3,TRUE,0,1,0.1119872,1,0,5.55111512312578e-17,0,1,0.957186666666667,1,0
1,0.2,0.8,0,0.3,TRUE,0,1,0.1376,1,0,8.67361737988404e-17,0,1,1,1,0
2,0.2,0.8,0,0.3,TRUE,0,1,0.21069312,1,0,1.31838984174237e-16,0,1,0.940832,1,0
3,0.2,0.8,0,0.3,TRUE,0,1,0.25201759232,1,0,1.59594559789866e-16,0,1,0.9053312,1,0
1,0.5,0.8,0,0.3,TRUE,1.11022302462516e-16,1,0.215,1,0,2.77555756156289e-17,0,1,1,1,0
2,0.5,0.8,0,0.3,TRUE,1.11022302462516e-16,1,0.261225,1,0,5.55111512312578e-17,0,1,0.90755,1,0
3,0.5,0.8,0,0.3,TRUE,1.11022302462516e-16,1,0.28004825,1,0,1.11022302462516e-16,0,1,0.854545333333333,1,0
1,0.8,0.8,0,0.3,TRUE,0,1,0.1376,1,0,1.38777878078145e-16,0,1,1,1,0
2,0.8,0.8,0,0.3,TRUE,0,1,0.18757632,1,0,1.66533453693773e-16,0,1,0.940832,1,0
3,0.8,0.8,0,0.3,TRUE,0,1,0.2066069504,1,0,1.38777878078145e-16,0,1,0.908486826666667,1,0
1,0.2,0.2,0.2,0.3,TRUE,2.22044604925031e-16,1,0.15872,1,0,2.08166817117217e-16,0,1,0.9104,1,0
2,0.2,0.2,0.2,0.3,TRUE,2.22044604925031e-16,1,0.2063106048,1,0,2.77555756156289e-16,0,1,0.85458688,1,0
3,0.2,0.2,0.2,0.3,TRUE,2.22044604925031e-16,1,0.22258766839808,1,0,2.77555756156289e-16,0,1,0.8306035712,1,0
1,0.5,0.2,0.2,0.3,TRUE,0,1,0.128,1,0,0,0,1,0.944,1,0
2,0.5,0.2,0.2,0.3,TRUE,0,1,0.135168,1,0,8.32667268468867e-17,0,1,0.917968,1,0
3,0.5,0.2,0.2,0.3,TRUE,0,1,0.12763136,1,0,5.55111512312578e-17,0,1,0.91792448,1,0
1,0.8,0.2,0.2,0.3,TRUE,0,1,0.06272,1,0,5.55111512312578e-17,0,1,0.9776,1,0
2,0.8,0.2,0.2,0.3,TRUE,0,1,0.0574414848,1,0,1.11022302462516e-16,0,1,0.97072768,1,0
3,0.8,0.2,0.2,0.3,TRUE,0,1,0.04554429759488,1,0,8.32667268468867e-17,0,1,0.9758334464,1,0
1,0.2,0.5,0.2,0.3,TRUE,2.22044604925031e-16,1,0.1856,1,0,1.52655665885959e-16,0,1,0.944,1,0
2,0.2,0.5,0.2,0.3,TRUE,2.22044604925031e-16,1,0.24187392,1,0,1.94289029309402e-16,0,1,0.868798,1,0
3,0.2,0.5,0.2,0.3,TRUE,2.22044604925031e-16,1,0.26442016256,1,0,1.94289029309402e-16,0,1,0.83045285,1,0
1,0.5,0.5,0.2,0.3,TRUE,0,1,0.17,1,0,2.77555756156289e-17,0,1,0.965,1,0
2,0.5,0.5,0.2,0.3,TRUE,0,1,0.1938,1,0,8.32667268468867e-17,0,1,0.90795625,1,0
3,0.5,0.5,0.2,0.3,TRUE,0,1,0.19683875,1,0,1.11022302462516e-16,0,1,0.88852765625,1,0
1,0.8,0.5,0.2,0.3,TRUE,0,1,0.0896,1,0,1.11022302462516e-16,0,1,0.986,1,0
2,0.8,0.5,0.2,0.3,TRUE,0,1,0.10493952,1,0,1.38777878078145e-16,0,1,0.9591655,1,0
3,0.8,0.5,0.2,0.3,TRUE,0,1,0.10126032896,1,0,1.11022302462516e-16,0,1,0.9535563125,1,0
1,0.2,0.8,0.2,0.3,TRUE,2.22044604925031e-16,1,0.21248,1,0,1.83880688453542e-16,0,1,0.9776,1,0
2,0.2,0.8,0.2,0.3,TRUE,2.22044604925031e-16,1,0.2776178688,1,0,2.28983498828939e-16,0,1,0.87955168,1,0
3,0.2,0.8,0.2,0.3,TRUE,2.22044604925031e-16,1,0.30701294354432,1,0,2.4980018054066e-16,0,1,0.8224329248,1,0
1,0.5,0.8,0.2,0.3,TRUE,0,1,0.212,1,0,2.77555756156289e-17,0,1,0.986,1,0
2,0.5,0.8,0.2,0.3,TRUE,0,1,0.259488,1,0,6.93889390390723e-17,0,1,0.892873,1,0
3,0.5,0.8,0.2,0.3,TRUE,0,1,0.27861464,1,0,5.55111512312578e-17,0,1,0.84115457,1,0
1,0.8,0.8,0.2,0.3,TRUE,0,1,0.11648,1,0,8.32667268468867e-17,0,1,0.9944,1,0
2,0.8,0.8,0.2,0.3,TRUE,0,1,0.1661657088,1,0,1.66533453693773e-16,0,1,0.94441048,1,0
3,0.8,0.8,0.2,0.3,TRUE,0,1,0.18747887255552,1,0,1.94289029309402e-16,0,1,0.9170238536,1,0
1,0.2,0.2,0.6,0.3,TRUE,2.22044604925031e-16,1,0.18176,1,0,1.2490009027033e-16,0,1,0.7312,1,0
2,0.2,0.2,0.6,0.3,TRUE,2.22044604925031e-16,1,0.2236956672,1,0,1.38777878078145e-16,0,1,0.72196352,1,0
3,0.2,0.2,0.6,0.3,TRUE,2.22044604925031e-16,1,0.23709581705216,1,0,1.38777878078145e-16,0,1,0.718189684053333,1,0
1,0.5,0.2,0.6,0.3,TRUE,0,1,0.104,1,0,0,0,1,0.832,1,0
2,0.5,0.2,0.6,0.3,TRUE,0,1,0.117312,1,0,5.55111512312578e-17,0,1,0.829952,1,0
3,0.5,0.2,0.6,0.3,TRUE,0,1,0.1119872,1,0,2.77555756156289e-17,0,1,0.843598506666667,1,0
1,0.8,0.2,0.6,0.3,TRUE,0,1,0.03776,1,0,5.55111512312578e-17,0,1,0.9328,1,0
2,0.8,0.2,0.6,0.3,TRUE,0,1,0.0374095872,1,0,1.66533453693773e-16,0,1,0.93347072,1,0
3,0.8,0.2,0.6,0.3,TRUE,0,1,0.02988809486336,1,0,1.66533453693773e-16,0,1,0.94721087488,1,0
1,0.2,0.5,0.6,0.3,TRUE,0,1,0.1952,1,0,2.77555756156289e-17,0,1,0.832,1,0
2,0.2,0.5,0.6,0.3,TRUE,0,1,0.24876288,1,0,1.11022302462516e-16,0,1,0.770492,1,0
3,0.2,0.5,0.6,0.3,TRUE,0,1,0.26994176768,1,0,1.11022302462516e-16,0,1,0.745595853333333,1,0
1,0.5,0.5,0.6,0.3,TRUE,0,1,0.125,1,0,2.77555756156289e-17,0,1,0.895,1,0
2,0.5,0.5,0.6,0.3,TRUE,0,1,0.159375,1,0,5.55111512312578e-17,0,1,0.858575,1,0
3,0.5,0.5,0.6,0.3,TRUE,0,1,0.166953125,1,0,3.46944695195361e-17,0,1,0.848866041666667,1,0
1,0.8,0.5,0.6,0.3,TRUE,0,1,0.0512,1,0,5.55111512312578e-17,0,1,0.958,1,0
2,0.8,0.5,0.6,0.3,TRUE,0,1,0.06586368,1,0,5.55111512312578e-17,0,1,0.944237,1,0
3,0.8,0.5,0.6,0.3,TRUE,0,1,0.06618349568,1,0,1.11022302462516e-16,0,1,0.94322383,1,0
1,0.2,0.8,0.6,0.3,TRUE,0,1,0.20864,1,0,9.71445146547012e-17,0,1,0.9328,1,0
2,0.2,0.8,0.6,0.3,TRUE,0,1,0.2750042112,1,0,1.31838984174237e-16,0,1,0.83694272,1,0
3,0.2,0.8,0.6,0.3,TRUE,0,1,0.30503200047104,1,0,1.2490009027033e-16,0,1,0.783559209813333,1,0
1,0.5,0.8,0.6,0.3,TRUE,1.11022302462516e-16,1,0.146,1,0,4.16333634234434e-17,0,1,0.958,1,0
2,0.5,0.8,0.6,0.3,TRUE,1.11022302462516e-16,1,0.207612,1,0,4.16333634234434e-17,0,1,0.893372,1,0
3,0.5,0.8,0.6,0.3,TRUE,1.11022302462516e-16,1,0.236009,1,0,9.71445146547012e-17,0,1,0.856184226666667,1,0
1,0.8,0.8,0.6,0.3,TRUE,0,1,0.06464,1,0,1.11022302462516e-16,0,1,0.9832,1,0
2,0.8,0.8,0.6,0.3,TRUE,0,1,0.1022656512,1,0,1.94289029309402e-16,0,1,0.95546192,1,0
3,0.8,0.8,0.6,0.3,TRUE,0,1,0.12362603331584,1,0,1.11022302462516e-16,0,1,0.93875027392,1,0
1,0.2,0.2,0.999,0.3,TRUE,2.22044604925031e-16,1,0.000709760000000001,1,0,1.11022302462516e-16,2,0.9992,0.9992,1,0
2,0.2,0.2,0.999,0.3,TRUE,2.22044604925031e-16,1,0.0012590224822272,1,0,2.4980018054066e-16,6,0.99840064,0.99840064,1,0
3,0.2,0.2,0.999,0.3,TRUE,2.22044604925031e-16,1,0.00167517776292553,1,0,1.66533453693773e-16,12,0.997601919488,0.997601919488,1,0
1,0.5,0.2,0.999,0.3,TRUE,0,1,0.00035975,1,0,5.55111512312578e-17,2,0.9995,0.9995,1,0
2,0.5,0.2,0.999,0.3,TRUE,0,1,0.0005176517398125,1,0,5.55111512312578e-17,6,0.99900025,0.99900025,1,0
3,0.5,0.2,0.999,0.3,TRUE,0,1,0.000558753736436176,1,0,5.55111512312578e-17,12,0.998500749875,0.998500749875,1,0
1,0.8,0.2,0.999,0.3,TRUE,0,1,0.00011036,1,0,5.55111512312578e-17,2,0.9998,0.9998,1,0
2,0.8,0.2,0.999,0.3,TRUE,0,1,0.0001218009020112,1,0,2.22044604925031e-16,6,0.99960004,0.99960004,1,0
3,0.8,0.2,0.999,0.3,TRUE,0,1,0.000100837275870638,1,0,2.22044604925031e-16,12,0.999400119992,0.999400119992,1,0
1,0.2,0.5,0.999,0.3,TRUE,0,1,0.000743360000000001,1,0,0,2,0.9992,0.9992,1,0
2,0.2,0.5,0.999,0.3,TRUE,0,1,0.0013809918477312,1,0,1.11022302462516e-16,6,0.99840064,0.99840064,1,0
3,0.2,0.5,0.999,0.3,TRUE,0,1,0.00192429121351796,1,0,1.11022302462516e-16,12,0.997601919488,0.997601919488,1,0
1,0.5,0.5,0.999,0.3,TRUE,0,1,0.00041225,1,0,2.77555756156289e-17,2,0.9995,0.9995,1,0
2,0.5,0.5,0.999,0.3,TRUE,0,1,0.0006797026498125,1,0,5.55111512312578e-17,6,0.99900025,0.99900025,1,0
3,0.5,0.5,0.999,0.3,TRUE,0,1,0.000840591013937884,1,0,4.16333634234434e-17,12,0.998500749875,0.998500749875,1,0
1,0.8,0.5,0.999,0.3,TRUE,0,1,0.00014396,1,0,0,2,0.9998,0.9998,1,0
2,0.8,0.5,0.999,0.3,TRUE,0,1,0.0002072402265552,1,0,1.38777878078145e-17,6,0.99960004,0.99960004,1,0
3,0.8,0.5,0.999,0.3,TRUE,0,1,0.00022376973575874,1,0,5.55111512312578e-17,12,0.999400119992,0.999400119992,1,0
1,0.2,0.8,0.999,0.3,TRUE,0,1,0.000776960000000001,1,0,1.28369537222284e-16,2,0.9992,0.9992,1,0
2,0.2,0.8,0.999,0.3,TRUE,0,1,0.0015085992394752,1,0,2.42861286636753e-16,6,0.99840064,0.99840064,1,0
3,0.2,0.8,0.999,0.3,TRUE,0,1,0.00219695265065428,1,0,3.60822483003176e-16,12,0.997601919488,0.997601919488,1,0
1,0.5,0.8,0.999,0.3,TRUE,1.11022302462516e-16,1,0.00046475,1,0,5.55111512312578e-17,2,0.9995,0.9995,1,0
2,0.5,0.8,0.999,0.3,TRUE,1.11022302462516e-16,1,0.000863787022312501,1,0,1.11022302462516e-16,6,0.99900025,0.99900025,1,0
3,0.5,0.8,0.999,0.3,TRUE,1.11022302462516e-16,1,0.00120412532951544,1,0,2.22044604925031e-16,12,0.998500749875,0.998500749875,1,0
1,0.8,0.8,0.999,0.3,TRUE,0,1,0.00017756,1,0,8.32667268468867e-17,2,0.9998,0.9998,1,0
2,0.8,0.8,0.999,0.3,TRUE,0,1,0.0003152519773392,1,0,1.38777878078145e-16,6,0.99960004,0.99960004,1,0
3,0.8,0.8,0.999,0.3,TRUE,0,1,0.000419800298949963,1,0,1.11022302462516e-16,12,0.999400119992,0.999400119992,1,0
1,0.2,0.2,0,0.8,TRUE,0,1,0.1344,1,0,9.0205620750794e-17,0,1,1,1,0
2,0.2,0.2,0,0.8,TRUE,0,1,0.20600832,1,0,1.31838984174237e-16,0,1,0.943552,1,0
3,0.2,0.2,0,0.8,TRUE,0,1,0.24645132288,1,0,1.73472347597681e-16,0,1,0.9096832,1,0
1,0.5,0.2,0,0.8,TRUE,0,1,0.21,1,0,2.77555756156289e-17,0,1,1,1,0
2,0.5,0.2,0,0.8,TRUE,0,1,0.2541,1,0,5.55111512312578e-17,0,1,0.9118,1,0
3,0.5,0.2,0,0.8,TRUE,0,1,0.271278,1,0,5.55111512312578e-17,0,1,0.862408,1,0
1,0.8,0.2,0,0.8,TRUE,0,1,0.1344,1,0,1.38777878078145e-16,0,1,1,1,0
2,0.8,0.2,0,0.8,TRUE,0,1,0.18020352,1,0,1.94289029309402e-16,0,1,0.943552,1,0
3,0.8,0.2,0,0.8,TRUE,0,1,0.1960390656,1,0,2.22044604925031e-16,0,1,0.91419904,1,0
1,0.2,0.5,0,0.8,TRUE,0,1,0.144,1,0,7.28583859910259e-17,0,1,1,1,0
2,0.2,0.5,0,0.8,TRUE,0,1,0.220032,1,0,1.11022302462516e-16,0,1,0.9352,1,0
3,0.2,0.5,0,0.8,TRUE,0,1,0.26310528,1,0,1.38777878078145e-16,0,1,0.89632,1,0
1,0.5,0.5,0,0.8,TRUE,0,1,0.225,1,0,0,0,1,1,1,0
2,0.5,0.5,0,0.8,TRUE,0,1,0.275625,1,0,5.55111512312578e-17,0,1,0.89875,1,0
3,0.5,0.5,0,0.8,TRUE,0,1,0.29784375,1,0,1.11022302462516e-16,0,1,0.838,1,0
1,0.8,0.5,0,0.8,TRUE,0,1,0.144,1,0,0,0,1,1,1,0
2,0.8,0.5,0,0.8,TRUE,0,1,0.202752,1,0,5.55111512312578e-17,0,1,0.9352,1,0
3,0.8,0.5,0,0.8,TRUE,0,1,0.2287872,1,0,5.55111512312578e-17,0,1,0.89632,1,0
1,0.2,0.8,0,0.8,TRUE,0,1,0.1536,1,0,7.97972798949331e-17,0,1,1,1,0
2,0.2,0.8,0,0.8,TRUE,0,1,0.23396352,1,0,1.26634813746307e-16,0,1,0.926272,1,0
3,0.2,0.8,0,0.8,TRUE,0,1,0.27962376192,1,0,1.50920942409982e-16,0,1,0.8820352,1,0
1,0.5,0.8,0,0.8,TRUE,0,1,0.24,1,0,2.77555756156289e-17,0,1,1,1,0
2,0.5,0.8,0,0.8,TRUE,0,1,0.2976,1,0,5.55111512312578e-17,0,1,0.8848,1,0
3,0.5,0.8,0,0.8,TRUE,0,1,0.325152,1,0,1.11022302462516e-16,0,1,0.811072,1,0
1,0.8,0.8,0,0.8,TRUE,0,1,0.1536,1,0,4.85722573273506e-17,0,1,1,1,0
2,0.8,0.8,0,0.8,TRUE,0,1,0.22659072,1,0,8.32667268468867e-17,0,1,0.926272,1,0
3,0.8,0.8,0,0.8,TRUE,0,1,0.2647425024,1,0,1.11022302462516e-16,0,1,0.87613696,1,0
1,0.2,0.2,0.2,0.8,TRUE,2.22044604925031e-16,1,0.20992,1,0,2.08166817117217e-16,0,1,0.9744,1,0
2,0.2,0.2,0.2,0.8,TRUE,2.22044604925031e-16,1,0.2742059008,1,0,2.63677968348475e-16,0,1,0.87867648,1,0
3,0.2,0.2,0.2,0.8,TRUE,2.22044604925031e-16,1,0.30292827701248,1,0,2.84494650060196e-16,0,1,0.8235983872,1,0
1,0.5,0.2,0.2,0.8,TRUE,0,1,0.208,1,0,1.38777878078145e-17,0,1,0.984,1,0
2,0.5,0.2,0.2,0.8,TRUE,0,1,0.252928,1,0,1.11022302462516e-16,0,1,0.894528,1,0
3,0.5,0.2,0.2,0.8,TRUE,0,1,0.27030016,1,0,5.55111512312578e-17,0,1,0.846565546666667,1,0
1,0.8,0.2,0.2,0.8,TRUE,0,1,0.11392,1,0,8.32667268468867e-17,0,1,0.9936,1,0
2,0.8,0.2,0.2,0.8,TRUE,0,1,0.1597431808,1,0,1.38777878078145e-16,0,1,0.94595328,1,0
3,0.8,0.2,0.2,0.8,TRUE,0,1,0.17778705891328,1,0,2.22044604925031e-16,0,1,0.921218491733333,1,0
1,0.2,0.5,0.2,0.8,TRUE,2.22044604925031e-16,1,0.2176,1,0,1.56125112837913e-16,0,1,0.984,1,0
2,0.2,0.5,0.2,0.8,TRUE,2.22044604925031e-16,1,0.28444672,1,0,1.97758476261356e-16,0,1,0.881208,1,0
3,0.2,0.5,0.2,0.8,TRUE,2.22044604925031e-16,1,0.31519830016,1,0,2.1163626406917e-16,0,1,0.8198236,1,0
1,0.5,0.5,0.2,0.8,TRUE,0,1,0.22,1,0,3.46944695195361e-17,0,1,0.99,1,0
2,0.5,0.5,0.2,0.8,TRUE,0,1,0.2728,1,0,1.11022302462516e-16,0,1,0.889425,1,0
3,0.5,0.5,0.2,0.8,TRUE,0,1,0.29557,1,0,1.11022302462516e-16,0,1,0.829715416666667,1,0
1,0.8,0.5,0.2,0.8,TRUE,1.11022302462516e-16,1,0.1216,1,0,1.11022302462516e-16,0,1,0.996,1,0
2,0.8,0.5,0.2,0.8,TRUE,1.11022302462516e-16,1,0.17938432,1,0,1.66533453693773e-16,0,1,0.941238,1,0
3,0.8,0.5,0.2,0.8,TRUE,1.11022302462516e-16,1,0.20786323456,1,0,2.22044604925031e-16,0,1,0.908142833333333,1,0
1,0.2,0.8,0.2,0.8,TRUE,2.22044604925031e-16,1,0.22528,1,0,1.47451495458029e-16,0,1,0.9936,1,0
2,0.2,0.8,0.2,0.8,TRUE,2.22044604925031e-16,1,0.2947022848,1,0,1.89084858881472e-16,0,1,0.88345728,1,0
3,0.2,0.8,0.2,0.8,TRUE,2.22044604925031e-16,1,0.32751424110592,1,0,2.0122792321331e-16,0,1,0.8151839488,1,0
1,0.5,0.8,0.2,0.8,TRUE,0,1,0.232,1,0,3.46944695195361e-18,0,1,0.996,1,0
2,0.5,0.8,0.2,0.8,TRUE,0,1,0.293248,1,0,1.11022302462516e-16,0,1,0.883908,1,0
3,0.5,0.8,0.2,0.8,TRUE,0,1,0.32181184,1,0,1.11022302462516e-16,0,1,0.810954586666667,1,0
1,0.8,0.8,0.2,0.8,TRUE,2.22044604925031e-16,1,0.12928,1,0,9.71445146547012e-17,0,1,0.9984,1,0
2,0.8,0.8,0.2,0.8,TRUE,2.22044604925031e-16,1,0.2001461248,1,0,1.66533453693773e-16,0,1,0.93626208,1,0
3,0.8,0.8,0.2,0.8,TRUE,2.22044604925031e-16,1,0.24102041485312,1,0,2.08166817117217e-16,0,1,0.893544014933333,1,0
1,0.2,0.2,0.6,0.8,TRUE,0,1,0.20736,1,0,1.17961196366423e-16,0,1,0.9232,1,0
2,0.2,0.2,0.6,0.8,TRUE,0,1,0.2724544512,1,0,1.52655665885959e-16,0,1,0.82984192,1,0
3,0.2,0.2,0.6,0.8,TRUE,0,1,0.30159266512896,1,0,1.45716771982052e-16,0,1,0.77951199232,1,0
1,0.5,0.2,0.6,0.8,TRUE,2.22044604925031e-16,1,0.144,1,0,0,0,1,0.952,1,0
2,0.5,0.2,0.6,0.8,TRUE,2.22044604925031e-16,1,0.202752,1,0,1.11022302462516e-16,0,1,0.889792,1,0
3,0.5,0.2,0.6,0.8,TRUE,2.22044604925031e-16,1,0.2287872,1,0,5.55111512312578e-17,0,1,0.85544704,1,0
1,0.8,0.2,0.6,0.8,TRUE,0,1,0.06336,1,0,1.11022302462516e-16,0,1,0.9808,1,0
2,0.8,0.2,0.6,0.8,TRUE,0,1,0.0984563712,1,0,1.94289029309402e-16,0,1,0.95437312,1,0
3,0.8,0.2,0.6,0.8,TRUE,0,1,0.11711322095616,1,0,3.05311331771918e-16,0,1,0.93921200128,1,0
1,0.2,0.5,0.6,0.8,TRUE,0,1,0.2112,1,0,6.93889390390723e-18,0,1,0.952,1,0
2,0.2,0.5,0.6,0.8,TRUE,0,1,0.28013568,1,0,5.55111512312578e-17,0,1,0.851632,1,0
3,0.2,0.5,0.6,0.8,TRUE,0,1,0.31197247488,1,0,5.55111512312578e-17,0,1,0.79191712,1,0
1,0.5,0.5,0.6,0.8,TRUE,0,1,0.15,1,0,1.38777878078145e-17,0,1,0.97,1,0
2,0.5,0.5,0.6,0.8,TRUE,0,1,0.2175,1,0,1.11022302462516e-16,0,1,0.9007,1,0
3,0.5,0.5,0.6,0.8,TRUE,0,1,0.250875,1,0,1.38777878078145e-17,0,1,0.857665,1,0
1,0.8,0.5,0.6,0.8,TRUE,0,1,0.0672,1,0,4.16333634234434e-17,0,1,0.988,1,0
2,0.8,0.5,0.6,0.8,TRUE,0,1,0.11010048,1,0,5.55111512312578e-17,0,1,0.957652,1,0
3,0.8,0.5,0.6,0.8,TRUE,0,1,0.13736153088,1,0,8.32667268468867e-17,0,1,0.93779848,1,0
1,0.2,0.8,0.6,0.8,TRUE,0,1,0.21504,1,0,1.00613961606655e-16,0,1,0.9808,1,0
2,0.2,0.8,0.6,0.8,TRUE,0,1,0.2879127552,1,0,1.37043154602168e-16,0,1,0.87488512,1,0
3,0.2,0.8,0.6,0.8,TRUE,0,1,0.32253803495424,1,0,1.33573707650214e-16,0,1,0.80510169088,1,0
1,0.5,0.8,0.6,0.8,TRUE,0,1,0.156,1,0,1.17961196366423e-16,0,1,0.988,1,0
2,0.5,0.8,0.6,0.8,TRUE,0,1,0.232752,1,0,1.83880688453542e-16,0,1,0.912112,1,0
3,0.5,0.8,0.6,0.8,TRUE,0,1,0.274248,1,0,2.08166817117217e-16,0,1,0.85987936,1,0
1,0.8,0.8,0.6,0.8,TRUE,0,1,0.07104,1,0,6.93889390390723e-17,0,1,0.9952,1,0
2,0.8,0.8,0.6,0.8,TRUE,0,1,0.1223933952,1,0,1.11022302462516e-16,0,1,0.96096832,1,0
3,0.8,0.8,0.6,0.8,TRUE,0,1,0.15980150882304,1,0,1.80411241501588e-16,0,1,0.93629297152,1,0
1,0.2,0.2,0.999,0.8,TRUE,0,1,0.000773760000000001,1,0,1.04083408558608e-16,2,0.9992,0.9992,1,0
2,0.2,0.2,0.999,0.8,TRUE,0,1,0.0014962032463872,1,0,2.4980018054066e-16,6,0.99840064,0.99840064,1,0
3,0.2,0.2,0.999,0.8,TRUE,0,1,0.00216994126496027,1,0,2.77555756156289e-16,12,0.997601919488,0.997601919488,1,0
1,0.5,0.2,0.999,0.8,TRUE,2.22044604925031e-16,1,0.00045975,1,0,0,2,0.9995,0.9995,1,0
2,0.5,0.2,0.999,0.8,TRUE,2.22044604925031e-16,1,0.000845305889812501,1,0,1.11022302462516e-16,6,0.99900025,0.99900025,1,0
3,0.5,0.2,0.999,0.8,TRUE,2.22044604925031e-16,1,0.00116569875647136,1,0,2.22044604925031e-16,12,0.998500749875,0.998500749875,1,0
1,0.8,0.2,0.999,0.8,TRUE,0,1,0.00017436,1,0,8.32667268468867e-17,2,0.9998,0.9998,1,0
2,0.8,0.2,0.999,0.8,TRUE,0,1,0.0003039926357712,1,0,1.11022302462516e-16,6,0.99960004,0.99960004,1,0
3,0.8,0.2,0.999,0.8,TRUE,0,1,0.000397514799606644,1,0,2.77555756156289e-16,12,0.999400119992,0.999400119992,1,0
1,0.2,0.5,0.999,0.8,TRUE,0,1,0.000783360000000001,1,0,7.63278329429795e-17,2,0.9992,0.9992,1,0
2,0.2,0.5,0.999,0.8,TRUE,0,1,0.0015335446413312,1,0,1.45716771982052e-16,6,0.99840064,0.99840064,1,0
3,0.2,0.5,0.999,0.8,TRUE,0,1,0.00225164603979839,1,0,2.0122792321331e-16,12,0.997601919488,0.997601919488,1,0
1,0.5,0.5,0.999,0.8,TRUE,0,1,0.00047475,1,0,2.08166817117217e-17,2,0.9995,0.9995,1,0
2,0.5,0.5,0.999,0.8,TRUE,0,1,0.000901348837312501,1,0,1.73472347597681e-18,6,0.99900025,0.99900025,1,0
3,0.5,0.5,0.999,0.8,TRUE,0,1,0.00128349343950246,1,0,5.55111512312578e-17,12,0.998500749875,0.998500749875,1,0
1,0.8,0.5,0.999,0.8,TRUE,0,1,0.00018396,1,0,5.55111512312578e-17,2,0.9998,0.9998,1,0
2,0.8,0.5,0.999,0.8,TRUE,0,1,0.0003383848761552,1,0,1.38777878078145e-16,6,0.99960004,0.99960004,1,0
3,0.8,0.5,0.999,0.8,TRUE,0,1,0.000466839210350358,1,0,1.66533453693773e-16,12,0.999400119992,0.999400119992,1,0
1,0.2,0.8,0.999,0.8,TRUE,0,1,0.000792960000000001,1,0,5.03069808033274e-17,2,0.9992,0.9992,1,0
2,0.2,0.8,0.999,0.8,TRUE,0,1,0.0015713462833152,1,0,1.04083408558608e-16,6,0.99840064,0.99840064,1,0
3,0.2,0.8,0.999,0.8,TRUE,0,1,0.00233537644769751,1,0,1.73472347597681e-16,12,0.997601919488,0.997601919488,1,0
1,0.5,0.8,0.999,0.8,TRUE,0,1,0.00048975,1,0,1.45716771982052e-16,2,0.9995,0.9995,1,0
2,0.5,0.8,0.999,0.8,TRUE,0,1,0.000959190434812501,1,0,2.4980018054066e-16,6,0.99900025,0.99900025,1,0
3,0.5,0.8,0.999,0.8,TRUE,0,1,0.00140896774434267,1,0,3.81639164714898e-16,12,0.998500749875,0.998500749875,1,0
1,0.8,0.8,0.999,0.8,TRUE,0,1,0.00019356,1,0,3.46944695195361e-17,2,0.9998,0.9998,1,0
2,0.8,0.8,0.999,0.8,TRUE,0,1,0.0003746197635792,1,0,2.22044604925031e-16,6,0.99960004,0.99960004,1,0
3,0.8,0.8,0.999,0.8,TRUE,0,1,0.000543788366317634,1,0,2.22044604925031e-16,12,0.999400119992,0.999400119992,1,0
