"run","source_group","family","block","concept","nature","targets","mandatory","bulk_min","bulk_median","tail_min","tail_median","bulk_below_10","bulk_below_50","bulk_below_400","tail_below_400","bulk_undefined","tail_undefined","tail_undefined_with_finite_bulk","sampled_constant","rhat_max","rhat_fails","original_failures","worst_bulk_target","rhat_undefined"
"A_JAGS_20k","A_auxiliary","A_auxiliary_count","chi.m","extreme_manufacturing","discrete_auxiliary",143,143,7.16643489548725,8.20398101628167,11.5491759615474,17.9736273712228,143,143,143,143,0,0,0,0,1.52636325101594,143,143,"N.chi.m[41]",0
"A_JAGS_20k","A_auxiliary","A_auxiliary_count","chi.s","extreme_stealing","discrete_auxiliary",143,143,6.59389853039174,7.22136667742226,16.1388210227849,19.1209497152856,143,143,143,143,0,0,0,0,1.65288420565579,143,143,"N.chi.s[34]",0
"A_JAGS_20k","A_auxiliary","A_auxiliary_count","iota.m","incremental_manufacturing","discrete_auxiliary",143,143,4.97131121098368,5.28917310924844,13.2554272423666,16.9953270102197,143,143,143,143,0,0,0,0,2.29108258733805,143,143,"N.iota.m[106]",0
"A_JAGS_20k","A_auxiliary","A_auxiliary_count","iota.s","incremental_stealing","discrete_auxiliary",143,143,5.03379393770132,5.48600361006894,12.9440081300943,17.6106365440002,143,143,143,143,0,0,0,0,2.24446528745512,143,143,"N.iota.s[51]",0
"A_JAGS_20k","class_count","class_count","class_1","class_1","discrete_class",1,1,5.16934816435554,5.16934816435554,NA,NA,1,1,1,0,0,1,1,0,2.17859631739698,1,1,"class_count[1]",0
"A_JAGS_20k","class_count","class_count","class_2","class_2","discrete_class",1,1,5.16934816435554,5.16934816435554,5.26116309831772,5.26116309831772,1,1,1,1,0,0,0,0,2.17859631739698,1,1,"class_count[2]",0
"A_JAGS_20k","class_count","class_count","class_3","class_3","discrete_class",1,1,NA,NA,NA,NA,0,0,0,0,1,1,0,1,NA,0,1,NA,1
"A_JAGS_20k","class_indicator","class_indicator","class_1","class_1","discrete_class",143,143,4.0016006402561,210.539446313967,NA,NA,4,10,17,0,114,143,29,114,Inf,17,143,"class_indicator[51,1]",114
"A_JAGS_20k","class_indicator","class_indicator","class_2","class_2","discrete_class",143,143,4.0016006402561,210.539446313967,15.9618187501931,606.222275858021,4,10,17,11,114,120,6,114,Inf,17,131,"class_indicator[51,2]",114
"A_JAGS_20k","class_indicator","class_indicator","class_3","class_3","discrete_class",143,143,NA,NA,NA,NA,0,0,0,0,143,143,0,143,NA,0,143,NA,143
"A_JAGS_20k","global","global_alpha","chi.m","extreme_manufacturing","continuous",1,1,5.4843069960115,5.4843069960115,11.0627585590748,11.0627585590748,1,1,1,1,0,0,0,0,1.99379042322563,1,1,"chi.m.alpha",0
"A_JAGS_20k","global","global_alpha","chi.s","extreme_stealing","continuous",1,1,5.4596697779898,5.4596697779898,15.6329289366782,15.6329289366782,1,1,1,1,0,0,0,0,2.04653457508757,1,1,"chi.s.alpha",0
"A_JAGS_20k","global","global_alpha","iota.m","incremental_manufacturing","continuous",1,1,4.48422296877321,4.48422296877321,11.437920772689,11.437920772689,1,1,1,1,0,0,0,0,3.09689211459153,1,1,"iota.m.alpha",0
"A_JAGS_20k","global","global_alpha","iota.s","incremental_stealing","continuous",1,1,4.61084921146349,4.61084921146349,11.0137177836854,11.0137177836854,1,1,1,1,0,0,0,0,2.81484982234914,1,1,"iota.s.alpha",0
"A_JAGS_20k","global","global_alpha","nu","legitimate_winner_share","continuous",1,1,28095.6346268288,28095.6346268288,66323.7326567132,66323.7326567132,0,0,0,0,0,0,0,0,1.00312450815704,0,0,"nu.alpha",0
"A_JAGS_20k","global","global_alpha","tau","legitimate_turnout","continuous",1,1,186.74169891844,186.74169891844,2027.76355124817,2027.76355124817,0,0,1,0,0,0,0,0,1.01527770325005,1,1,"tau.alpha",0
"A_JAGS_20k","global","global_b0","chi.m","extreme_manufacturing","continuous",1,1,15719.1451139795,15719.1451139795,27007.7883311418,27007.7883311418,0,0,0,0,0,0,0,0,1.00016791454669,0,0,"beta.chi.m1",0
"A_JAGS_20k","global","global_b0","chi.s","extreme_stealing","continuous",1,1,13033.7944138726,13033.7944138726,23397.9543455831,23397.9543455831,0,0,0,0,0,0,0,0,1.00025556306656,0,0,"beta.chi.s1",0
"A_JAGS_20k","global","global_b0","iota.m","incremental_manufacturing","continuous",1,1,5629.05728357745,5629.05728357745,11502.7028667102,11502.7028667102,0,0,0,0,0,0,0,0,1.00049014110949,0,0,"beta.iota.m1",0
"A_JAGS_20k","global","global_b0","iota.s","incremental_stealing","continuous",1,1,5180.24435315335,5180.24435315335,10638.5311069542,10638.5311069542,0,0,0,0,0,0,0,0,1.00087883786099,0,0,"beta.iota.s1",0
"A_JAGS_20k","global","global_b0","nu","legitimate_winner_share","continuous",1,1,18165.6596722113,18165.6596722113,31500.4879143346,31500.4879143346,0,0,0,0,0,0,0,0,1.00005832176995,0,0,"beta.nu1",0
"A_JAGS_20k","global","global_b0","tau","legitimate_turnout","continuous",1,1,2407.26227635484,2407.26227635484,5204.45285405342,5204.45285405342,0,0,0,0,0,0,0,0,1.00377459683028,0,0,"beta.tau1",0
"A_JAGS_20k","global","global_variance","chi.m","extreme_manufacturing","continuous",1,1,9.48519568111004,9.48519568111004,75.2441820087877,75.2441820087877,1,1,1,1,0,0,0,0,1.34446331528204,1,1,"cmb",0
"A_JAGS_20k","global","global_variance","chi.s","extreme_stealing","continuous",1,1,37.0888913603395,37.0888913603395,84.883666576359,84.883666576359,0,1,1,1,0,0,0,0,1.117336165541,1,1,"csb",0
"A_JAGS_20k","global","global_variance","iota.m","incremental_manufacturing","continuous",1,1,9.91633233610908,9.91633233610908,12.5224178354619,12.5224178354619,1,1,1,1,0,0,0,0,1.34073693160888,1,1,"imb",0
"A_JAGS_20k","global","global_variance","iota.s","incremental_stealing","continuous",1,1,47.3799759252735,47.3799759252735,126.349400887145,126.349400887145,0,1,1,1,0,0,0,0,1.05940422900679,1,1,"isb",0
"A_JAGS_20k","global","global_variance","nu","legitimate_winner_share","continuous",1,1,2190.90723665381,2190.90723665381,27463.5655714002,27463.5655714002,0,0,0,0,0,0,0,0,1.0070370060704,0,0,"nb",0
"A_JAGS_20k","global","global_variance","tau","legitimate_turnout","continuous",1,1,141.259426578776,141.259426578776,565.596793038547,565.596793038547,0,0,1,0,0,0,0,0,1.01878810045862,1,1,"tb",0
"A_JAGS_20k","global","joint_transfer_functional","M","M","mixed_zero_continuous",1,1,5.08286842105605,5.08286842105605,5.26116309831772,5.26116309831772,1,1,1,1,0,0,0,0,2.23672429098257,1,1,"M_total",0
"A_JAGS_20k","global","joint_transfer_functional","S","S","mixed_zero_continuous",1,1,4.79249397800638,4.79249397800638,5.26116309831772,5.26116309831772,1,1,1,1,0,0,0,0,2.52390232015756,1,1,"S_total",0
"A_JAGS_20k","global","mixture_weight","class_1","class_1","continuous",1,1,14.1201297284195,14.1201297284195,33.3999250775305,33.3999250775305,0,1,1,1,0,0,0,0,1.18947553095906,1,1,"pi[1]",0
"A_JAGS_20k","global","mixture_weight","class_2","class_2","continuous",1,1,11.6660078528852,11.6660078528852,29.7307946200838,29.7307946200838,0,1,1,1,0,0,0,0,1.24438068213981,1,1,"pi[2]",0
"A_JAGS_20k","global","mixture_weight","class_3","class_3","continuous",1,1,16996.6307764327,16996.6307764327,17420.2217717058,17420.2217717058,0,0,0,0,0,0,0,0,1.00022139216238,0,0,"pi[3]",0
"A_JAGS_20k","local_continuous","local_continuous","p.a","p.a","continuous",143,143,15040.2960663595,49265.7753916672,43410.3237940728,46623.1559372852,0,0,0,0,0,0,0,0,1.001727527499,0,0,"p.a[108]",0
"A_JAGS_20k","local_continuous","local_continuous","p.w","p.w","continuous",143,143,1143.7147147023,47044.6419985396,29410.6107890385,40670.6744615371,0,0,0,0,0,0,0,0,1.00600140743856,0,0,"p.w[51]",0
"A_JAGS_20k","local_continuous","local_magnitude","chi.m","extreme_manufacturing","continuous",143,143,7.07392737793351,8.00261885949794,11.4642359693109,17.3289781954939,143,143,143,143,0,0,0,0,1.53986832855586,143,143,"mu.chi.m[41]",0
"A_JAGS_20k","local_continuous","local_magnitude","chi.s","extreme_stealing","continuous",143,143,6.55887606107413,7.1080886143261,15.3868498262755,18.1668229499987,143,143,143,143,0,0,0,0,1.66060491585118,143,143,"mu.chi.s[34]",0
"A_JAGS_20k","local_continuous","local_magnitude","iota.m","incremental_manufacturing","continuous",143,143,4.95843647392808,5.26757049408781,12.9049889703326,16.4880248673707,143,143,143,143,0,0,0,0,2.3035396538852,143,143,"mu.iota.m[106]",0
"A_JAGS_20k","local_continuous","local_magnitude","iota.s","incremental_stealing","continuous",143,143,5.02957563614995,5.46016688979376,12.7994305847324,17.3652298467979,143,143,143,143,0,0,0,0,2.24818469651792,143,143,"mu.iota.s[51]",0
"A_JAGS_20k","local_continuous","local_magnitude","nu","legitimate_winner_share","continuous",143,143,7.0421994396915,46835.0240142487,11.5857232137178,40255.4798459946,1,4,8,9,0,0,0,0,1.53279031280861,7,9,"mu.nu[51]",0
"A_JAGS_20k","local_continuous","local_magnitude","tau","legitimate_turnout","continuous",143,143,7.05889938715551,49035.5799116356,11.2699510216558,46488.106942869,1,5,8,10,0,0,0,0,1.53217363987677,8,10,"mu.tau[51]",0
"A_JAGS_20k","scaled_functional","joint_transfer_functional","M","M","mixed_zero_continuous",1,0,5.08286842105605,5.08286842105605,5.26116309831772,5.26116309831772,1,1,1,1,0,0,0,0,2.23672429098257,1,1,"M_fraction_N",0
"A_JAGS_20k","scaled_functional","joint_transfer_functional","S","S","mixed_zero_continuous",1,0,4.79249397800638,4.79249397800638,5.26116309831772,5.26116309831772,1,1,1,1,0,0,0,0,2.52390232015756,1,1,"S_fraction_N",0
"D_JAGS_20k","D_secondary","D_secondary","M_count_total","M_count_total","discrete_secondary_ballot_count",1,0,7.36390659712726,7.36390659712726,11.1846436147469,11.1846436147469,1,1,1,1,0,0,0,0,1.51702811754679,1,1,"M_count_total",0
"D_JAGS_20k","D_secondary","D_secondary","S_count_total","S_count_total","discrete_secondary_ballot_count",1,0,8.55618252363739,8.55618252363739,11.1908863943951,11.1908863943951,1,1,1,1,0,0,0,0,1.4190909386969,1,1,"S_count_total",0
"D_JAGS_20k","class_count","class_count","class_1","class_1","discrete_class",1,1,7.96091949095941,7.96091949095941,NA,NA,1,1,1,0,0,1,1,0,1.45629912472736,1,1,"class_count[1]",0
"D_JAGS_20k","class_count","class_count","class_2","class_2","discrete_class",1,1,7.96091949095941,7.96091949095941,11.1846436147469,11.1846436147469,1,1,1,1,0,0,0,0,1.45629912472736,1,1,"class_count[2]",0
"D_JAGS_20k","class_count","class_count","class_3","class_3","discrete_class",1,1,NA,NA,NA,NA,0,0,0,0,1,1,0,1,NA,0,1,NA,1
"D_JAGS_20k","class_indicator","class_indicator","class_1","class_1","discrete_class",143,143,4.60189308323162,1355.53519440117,NA,NA,5,15,28,0,52,143,91,52,2.83206625800198,30,143,"class_indicator[67,1]",52
"D_JAGS_20k","class_indicator","class_indicator","class_2","class_2","discrete_class",143,143,4.60189308323162,1355.53519440117,21.5331226609238,2004.26527934097,5,15,28,16,52,64,12,52,2.83206625800198,30,82,"class_indicator[67,2]",52
"D_JAGS_20k","class_indicator","class_indicator","class_3","class_3","discrete_class",143,143,NA,NA,NA,NA,0,0,0,0,143,143,0,143,NA,0,143,NA,143
"D_JAGS_20k","global","global_alpha","chi.m","extreme_manufacturing","continuous",1,1,39.8850067779969,39.8850067779969,104.476927818079,104.476927818079,0,1,1,1,0,0,0,0,1.12253516263992,1,1,"chi.m.alpha",0
"D_JAGS_20k","global","global_alpha","chi.s","extreme_stealing","continuous",1,1,24.5291161104536,24.5291161104536,44.7702660936198,44.7702660936198,0,1,1,1,0,0,0,0,1.18595309164171,1,1,"chi.s.alpha",0
"D_JAGS_20k","global","global_alpha","iota.m","incremental_manufacturing","continuous",1,1,10.397988622671,10.397988622671,28.0918959541857,28.0918959541857,0,1,1,1,0,0,0,0,1.31660428279963,1,1,"iota.m.alpha",0
"D_JAGS_20k","global","global_alpha","iota.s","incremental_stealing","continuous",1,1,21.5641837333922,21.5641837333922,80.1523607607313,80.1523607607313,0,1,1,1,0,0,0,0,1.13223674239783,1,1,"iota.s.alpha",0
"D_JAGS_20k","global","global_alpha","nu","legitimate_winner_share","continuous",1,1,2407.55052035794,2407.55052035794,65653.1521796017,65653.1521796017,0,0,0,0,0,0,0,0,1.00388459766806,0,0,"nu.alpha",0
"D_JAGS_20k","global","global_alpha","tau","legitimate_turnout","continuous",1,1,273.819191313807,273.819191313807,14979.653406968,14979.653406968,0,0,1,0,0,0,0,0,1.01175254579655,1,1,"tau.alpha",0
"D_JAGS_20k","global","global_b0","chi.m","extreme_manufacturing","continuous",1,1,48779.661449111,48779.661449111,44075.0101966255,44075.0101966255,0,0,0,0,0,0,0,0,0.999984176154357,0,0,"beta.chi.m1",0
"D_JAGS_20k","global","global_b0","chi.s","extreme_stealing","continuous",1,1,48796.5947417533,48796.5947417533,45192.0296594319,45192.0296594319,0,0,0,0,0,0,0,0,1.00001019161562,0,0,"beta.chi.s1",0
"D_JAGS_20k","global","global_b0","iota.m","incremental_manufacturing","continuous",1,1,49725.2494047935,49725.2494047935,47784.0157393466,47784.0157393466,0,0,0,0,0,0,0,0,1.00012441284673,0,0,"beta.iota.m1",0
"D_JAGS_20k","global","global_b0","iota.s","incremental_stealing","continuous",1,1,49886.4265914238,49886.4265914238,46282.5126689746,46282.5126689746,0,0,0,0,0,0,0,0,1.00001870073309,0,0,"beta.iota.s1",0
"D_JAGS_20k","global","global_b0","nu","legitimate_winner_share","continuous",1,1,9428.93587579572,9428.93587579572,18983.0989279373,18983.0989279373,0,0,0,0,0,0,0,0,1.00056670719897,0,0,"beta.nu1",0
"D_JAGS_20k","global","global_b0","tau","legitimate_turnout","continuous",1,1,2707.94556833618,2707.94556833618,5897.15362154276,5897.15362154276,0,0,0,0,0,0,0,0,1.00280969158477,0,0,"beta.tau1",0
"D_JAGS_20k","global","global_variance","chi.m","extreme_manufacturing","continuous",1,1,186.679300013938,186.679300013938,250.251237491816,250.251237491816,0,0,1,1,0,0,0,0,1.01149957598602,1,1,"cmb",0
"D_JAGS_20k","global","global_variance","chi.s","extreme_stealing","continuous",1,1,194.487958440425,194.487958440425,441.754916089421,441.754916089421,0,0,1,0,0,0,0,0,1.00819528047404,0,1,"csb",0
"D_JAGS_20k","global","global_variance","iota.m","incremental_manufacturing","continuous",1,1,61.2768579603793,61.2768579603793,266.986434442734,266.986434442734,0,0,1,1,0,0,0,0,1.07409723019991,1,1,"imb",0
"D_JAGS_20k","global","global_variance","iota.s","incremental_stealing","continuous",1,1,178.213269076738,178.213269076738,198.990070516481,198.990070516481,0,0,1,1,0,0,0,0,1.0229254335684,1,1,"isb",0
"D_JAGS_20k","global","global_variance","nu","legitimate_winner_share","continuous",1,1,35990.0064951658,35990.0064951658,37712.595698075,37712.595698075,0,0,0,0,0,0,0,0,1.00060298114198,0,0,"nb",0
"D_JAGS_20k","global","global_variance","tau","legitimate_turnout","continuous",1,1,1659.38757000536,1659.38757000536,19340.7630800464,19340.7630800464,0,0,0,0,0,0,0,0,1.00521119184813,0,0,"tb",0
"D_JAGS_20k","global","joint_transfer_functional","M","M","mixed_zero_continuous",1,1,7.35928613792273,7.35928613792273,11.1846436147469,11.1846436147469,1,1,1,1,0,0,0,0,1.51763934751628,1,1,"M_total",0
"D_JAGS_20k","global","joint_transfer_functional","S","S","mixed_zero_continuous",1,1,8.53228234142949,8.53228234142949,11.1846436147469,11.1846436147469,1,1,1,1,0,0,0,0,1.42109502458394,1,1,"S_total",0
"D_JAGS_20k","global","mixture_weight","class_1","class_1","continuous",1,1,15.2378116647484,15.2378116647484,116.512648414505,116.512648414505,0,1,1,1,0,0,0,0,1.17631476599495,1,1,"pi[1]",0
"D_JAGS_20k","global","mixture_weight","class_2","class_2","continuous",1,1,12.9403821641924,12.9403821641924,103.861155754917,103.861155754917,0,1,1,1,0,0,0,0,1.21756530431887,1,1,"pi[2]",0
"D_JAGS_20k","global","mixture_weight","class_3","class_3","continuous",1,1,17651.9708041984,17651.9708041984,17819.0418237974,17819.0418237974,0,0,0,0,0,0,0,0,1.00005972328533,0,0,"pi[3]",0
"D_JAGS_20k","local_continuous","local_continuous","p.a","p.a","continuous",143,143,3820.60147785908,49287.1718468232,43420.5971824102,46684.2269489403,0,0,0,0,0,0,0,0,1.00419867228476,0,0,"p.a[109]",0
"D_JAGS_20k","local_continuous","local_continuous","p.o","p.o","continuous",143,143,45717.2401042883,49155.3350055829,43866.0752257405,50109.684565437,0,0,0,0,0,0,0,0,1.00028407476986,0,0,"p.o[22]",0
"D_JAGS_20k","local_continuous","local_continuous","p.w","p.w","continuous",143,143,3688.23866983827,49323.6749915091,30822.0173047928,53173.0788280337,0,0,0,0,0,0,0,0,1.00439479591294,0,0,"p.w[109]",0
"D_JAGS_20k","local_continuous","local_magnitude","chi.m","extreme_manufacturing","continuous",143,143,40.5654425516932,43.8977722159502,132.659923607359,139.646269031817,0,143,143,143,0,0,0,0,1.10727947084031,143,143,"mu.chi.m[36]",0
"D_JAGS_20k","local_continuous","local_magnitude","chi.s","extreme_stealing","continuous",143,143,27.8303942963683,28.8467220542958,67.7774411073855,71.3363124158575,0,143,143,143,0,0,0,0,1.15762506651891,143,143,"mu.chi.s[53]",0
"D_JAGS_20k","local_continuous","local_magnitude","iota.m","incremental_manufacturing","continuous",143,143,11.7455095587283,12.3938496279724,29.9381196007251,31.9935292188932,0,143,143,143,0,0,0,0,1.25912548876179,143,143,"mu.iota.m[82]",0
"D_JAGS_20k","local_continuous","local_magnitude","iota.s","incremental_stealing","continuous",143,143,24.7580686271264,25.523282641246,58.2357256969132,66.1098734861753,0,143,143,143,0,0,0,0,1.11065318298558,143,143,"mu.iota.s[36]",0
"D_JAGS_20k","local_continuous","local_magnitude","nu","legitimate_winner_share","continuous",143,143,10.5171986718414,47378.4445855695,11.5611246934266,44263.0498749009,0,6,17,20,0,0,0,0,1.27755117592005,17,20,"mu.nu[67]",0
"D_JAGS_20k","local_continuous","local_magnitude","tau","legitimate_turnout","continuous",143,143,10.3848689100033,48055.8928084413,11.3589000894662,45103.9084188713,0,6,17,19,0,0,0,0,1.28258265624781,17,19,"mu.tau[67]",0
"D_JAGS_20k","scaled_functional","joint_transfer_functional","M","M","mixed_zero_continuous",1,0,7.35928613792273,7.35928613792273,11.1846436147469,11.1846436147469,1,1,1,1,0,0,0,0,1.51763934751628,1,1,"M_fraction_N",0
"D_JAGS_20k","scaled_functional","joint_transfer_functional","S","S","mixed_zero_continuous",1,0,8.53228234142949,8.53228234142949,11.1846436147469,11.1846436147469,1,1,1,1,0,0,0,0,1.42109502458394,1,1,"S_fraction_N",0
"D_Stan_2k","D_secondary","D_secondary","M_count_total","M_count_total","discrete_secondary_ballot_count",1,0,24.5712837954611,24.5712837954611,85.2000308862896,85.2000308862896,0,1,1,1,0,0,0,0,1.14030817608047,1,1,"M_count_total",0
"D_Stan_2k","D_secondary","D_secondary","S_count_total","S_count_total","discrete_secondary_ballot_count",1,0,4.69096664796371,4.69096664796371,21.1815266507972,21.1815266507972,1,1,1,1,0,0,0,0,2.69111639864753,1,1,"S_count_total",0
"D_Stan_2k","Stan_internal","NCP_z","chi.m","extreme_manufacturing","continuous",143,143,11733.1985543102,15847.3594912242,4644.5945185906,5409.52358486263,0,0,0,0,0,0,0,0,1.00409780786505,0,0,"z[95,5]",0
"D_Stan_2k","Stan_internal","NCP_z","chi.s","extreme_stealing","continuous",143,143,13188.4601941184,15748.04011401,4513.34241860169,5477.05151911035,0,0,0,0,0,0,0,0,1.00467002067902,0,0,"z[104,6]",0
"D_Stan_2k","Stan_internal","NCP_z","iota.m","incremental_manufacturing","continuous",143,143,67.8648736674061,11786.894292785,3880.89924262081,5365.79566817318,0,0,1,0,0,0,0,0,1.03821842931431,1,1,"z[20,3]",0
"D_Stan_2k","Stan_internal","NCP_z","iota.s","incremental_stealing","continuous",143,143,188.643163139307,14545.9804060777,4173.57549807979,5582.9651010141,0,0,2,0,0,0,0,0,1.01714603500211,3,3,"z[83,4]",0
"D_Stan_2k","Stan_internal","NCP_z","nu","legitimate_winner_share","continuous",143,143,4.65355218005799,6.44277949431434,12.1409429156487,34.2409776848388,107,142,143,143,0,0,0,0,2.74744293503747,143,143,"z[81,2]",0
"D_Stan_2k","Stan_internal","NCP_z","tau","legitimate_turnout","continuous",143,143,12.314342515528,86.8175422079754,22.6482187229484,72.3590559999975,0,45,133,137,0,0,0,0,1.23379080358592,143,143,"z[20,1]",0
"D_Stan_2k","Stan_internal","weight_ratio","pi2_over_pi1","pi2_over_pi1","continuous",1,1,7.71952976587183,7.71952976587183,18.0773887137568,18.0773887137568,1,1,1,1,0,0,0,0,1.47651129130722,1,1,"r[1]",0
"D_Stan_2k","Stan_internal","weight_ratio","pi3_over_pi1","pi3_over_pi1","continuous",1,1,4929.76742021902,4929.76742021902,4059.56417648267,4059.56417648267,0,0,0,0,0,0,0,0,1.00552912478279,0,0,"r[2]",0
"D_Stan_2k","class_count","class_count","class_1","class_1","discrete_class",1,1,5.0754604352903,5.0754604352903,18.8598093820876,18.8598093820876,1,1,1,1,0,0,0,0,2.26423933450406,1,1,"class_count[1]",0
"D_Stan_2k","class_count","class_count","class_2","class_2","discrete_class",1,1,5.0754604352903,5.0754604352903,NA,NA,1,1,1,0,0,1,1,0,2.26423933450406,1,1,"class_count[2]",0
"D_Stan_2k","class_count","class_count","class_3","class_3","discrete_class",1,1,NA,NA,NA,NA,0,0,0,0,1,1,0,1,NA,0,1,NA,1
"D_Stan_2k","class_indicator","class_indicator","class_1","class_1","discrete_class",143,143,4.6047972076178,9.86669130157059,NA,NA,73,135,142,0,0,143,143,0,2.8217992585141,143,143,"class_indicator[20,1]",0
"D_Stan_2k","class_indicator","class_indicator","class_2","class_2","discrete_class",143,143,4.6047972076178,9.86669130157059,29.6044072258373,61.8337567682731,73,135,142,10,0,132,132,0,2.8217992585141,143,143,"class_indicator[20,2]",0
"D_Stan_2k","class_indicator","class_indicator","class_3","class_3","discrete_class",143,143,NA,NA,NA,NA,0,0,0,0,143,143,0,143,NA,0,143,NA,143
"D_Stan_2k","global","global_alpha","chi.m","extreme_manufacturing","continuous",1,1,16342.9738634003,16342.9738634003,5370.89153437138,5370.89153437138,0,0,0,0,0,0,0,0,1.00089229609794,0,0,"chi.m.alpha",0
"D_Stan_2k","global","global_alpha","chi.s","extreme_stealing","continuous",1,1,17933.4037962242,17933.4037962242,5667.6848873864,5667.6848873864,0,0,0,0,0,0,0,0,1.00063363657783,0,0,"chi.s.alpha",0
"D_Stan_2k","global","global_alpha","iota.m","incremental_manufacturing","continuous",1,1,10.8699713819407,10.8699713819407,25.5118082459038,25.5118082459038,0,1,1,1,0,0,0,0,1.28882927473101,1,1,"iota.m.alpha",0
"D_Stan_2k","global","global_alpha","iota.s","incremental_stealing","continuous",1,1,5.8682703596455,5.8682703596455,29.1425831406889,29.1425831406889,1,1,1,1,0,0,0,0,1.80413197914924,1,1,"iota.s.alpha",0
"D_Stan_2k","global","global_alpha","nu","legitimate_winner_share","continuous",1,1,5.27132191613643,5.27132191613643,24.5710846442474,24.5710846442474,1,1,1,1,0,0,0,0,2.10946511124529,1,1,"nu.alpha",0
"D_Stan_2k","global","global_alpha","tau","legitimate_turnout","continuous",1,1,99.2872643120668,99.2872643120668,647.568418599725,647.568418599725,0,0,1,0,0,0,0,0,1.04728290893812,1,1,"tau.alpha",0
"D_Stan_2k","global","global_b0","chi.m","extreme_manufacturing","continuous",1,1,15188.6304877278,15188.6304877278,5406.70061998335,5406.70061998335,0,0,0,0,0,0,0,0,1.00075340888841,0,0,"beta.chi.m1",0
"D_Stan_2k","global","global_b0","chi.s","extreme_stealing","continuous",1,1,15021.0283849692,15021.0283849692,5494.02429631527,5494.02429631527,0,0,0,0,0,0,0,0,1.00088120556713,0,0,"beta.chi.s1",0
"D_Stan_2k","global","global_b0","iota.m","incremental_manufacturing","continuous",1,1,16306.0666082131,16306.0666082131,6035.66366595051,6035.66366595051,0,0,0,0,0,0,0,0,1.00063803442896,0,0,"beta.iota.m1",0
"D_Stan_2k","global","global_b0","iota.s","incremental_stealing","continuous",1,1,16431.5409181009,16431.5409181009,5183.4455749201,5183.4455749201,0,0,0,0,0,0,0,0,1.00167079521486,0,0,"beta.iota.s1",0
"D_Stan_2k","global","global_b0","nu","legitimate_winner_share","continuous",1,1,16724.2994145453,16724.2994145453,5548.17769563611,5548.17769563611,0,0,0,0,0,0,0,0,1.00013445480766,0,0,"beta.nu1",0
"D_Stan_2k","global","global_b0","tau","legitimate_turnout","continuous",1,1,15595.0472627129,15595.0472627129,5582.03592442261,5582.03592442261,0,0,0,0,0,0,0,0,1.0000377493106,0,0,"beta.tau1",0
"D_Stan_2k","global","global_variance","chi.m","extreme_manufacturing","continuous",1,1,8764.55834113377,8764.55834113377,3910.88617228593,3910.88617228593,0,0,0,0,0,0,0,0,1.00012430915554,0,0,"cmb",0
"D_Stan_2k","global","global_variance","chi.s","extreme_stealing","continuous",1,1,9446.89690909761,9446.89690909761,4089.67160563619,4089.67160563619,0,0,0,0,0,0,0,0,0.999855398997999,0,0,"csb",0
"D_Stan_2k","global","global_variance","iota.m","incremental_manufacturing","continuous",1,1,879.982671581406,879.982671581406,1817.66894588624,1817.66894588624,0,0,0,0,0,0,0,0,1.00923286600999,0,0,"imb",0
"D_Stan_2k","global","global_variance","iota.s","incremental_stealing","continuous",1,1,2690.8802652246,2690.8802652246,4877.96570424874,4877.96570424874,0,0,0,0,0,0,0,0,1.00114235145271,0,0,"isb",0
"D_Stan_2k","global","global_variance","nu","legitimate_winner_share","continuous",1,1,5.46082894000788,5.46082894000788,30.0889337143992,30.0889337143992,1,1,1,1,0,0,0,0,1.96297316301297,1,1,"nb",0
"D_Stan_2k","global","global_variance","tau","legitimate_turnout","continuous",1,1,22.7604780479396,22.7604780479396,110.419337677268,110.419337677268,0,1,1,1,0,0,0,0,1.12541517017473,1,1,"tb",0
"D_Stan_2k","global","joint_transfer_functional","M","M","mixed_zero_continuous",1,1,24.5241780786707,24.5241780786707,85.162736658969,85.162736658969,0,1,1,1,0,0,0,0,1.14050955010957,1,1,"M_total",0
"D_Stan_2k","global","joint_transfer_functional","S","S","mixed_zero_continuous",1,1,4.69041823012559,4.69041823012559,21.5249645690644,21.5249645690644,1,1,1,1,0,0,0,0,2.69279480328346,1,1,"S_total",0
"D_Stan_2k","global","mixture_weight","class_1","class_1","continuous",1,1,7.78202681329727,7.78202681329727,18.0753347851395,18.0753347851395,1,1,1,1,0,0,0,0,1.46878987067085,1,1,"pi[1]",0
"D_Stan_2k","global","mixture_weight","class_2","class_2","continuous",1,1,7.77668390891236,7.77668390891236,18.2758471348135,18.2758471348135,1,1,1,1,0,0,0,0,1.46940076318001,1,1,"pi[2]",0
"D_Stan_2k","global","mixture_weight","class_3","class_3","continuous",1,1,9005.56998207358,9005.56998207358,4049.83292741056,4049.83292741056,0,0,0,0,0,0,0,0,1.00008652013855,0,0,"pi[3]",0
"D_Stan_2k","local_continuous","local_continuous","p.a","p.a","continuous",143,143,8379.71496830256,10188.8530699659,4418.18676069949,5598.33258356438,0,0,0,0,0,0,0,0,1.00262317778077,0,0,"p.a[6]",0
"D_Stan_2k","local_continuous","local_continuous","p.o","p.o","continuous",143,143,106.171340298394,10101.797140339,2429.64767959865,5693.29442463653,0,0,10,0,0,0,0,0,1.02574533678842,12,12,"p.o[49]",0
"D_Stan_2k","local_continuous","local_continuous","p.w","p.w","continuous",143,143,195.429865767126,9665.60103370716,4841.25451330616,5849.85026534888,0,0,2,0,0,0,0,0,1.01794947022177,4,4,"p.w[49]",0
"D_Stan_2k","local_continuous","local_magnitude","chi.m","extreme_manufacturing","continuous",143,143,12915.6736591796,14750.6335604231,4873.94326613811,5553.952156533,0,0,0,0,0,0,0,0,1.0021944814307,0,0,"mu.chi.m[95]",0
"D_Stan_2k","local_continuous","local_magnitude","chi.s","extreme_stealing","continuous",143,143,14467.7129475811,15811.4801394566,5048.0553580222,5606.31936362647,0,0,0,0,0,0,0,0,1.00203116367865,0,0,"mu.chi.s[137]",0
"D_Stan_2k","local_continuous","local_magnitude","iota.m","incremental_manufacturing","continuous",143,143,11.0685051484605,16.430891719332,29.3498473229442,45.5370513058502,0,143,143,143,0,0,0,0,1.2684759934747,143,143,"mu.iota.m[20]",0
"D_Stan_2k","local_continuous","local_magnitude","iota.s","incremental_stealing","continuous",143,143,5.93319856701661,6.22829788241384,26.0420613823777,27.5663368349688,143,143,143,143,0,0,0,0,1.77950976761129,143,143,"mu.iota.s[83]",0
"D_Stan_2k","local_continuous","local_magnitude","nu","legitimate_winner_share","continuous",143,143,5.6511949915501,7.47243274543509,18.1812391172152,32.6344029430096,84,102,135,141,0,0,0,0,1.88016135997174,138,141,"mu.nu[63]",0
"D_Stan_2k","local_continuous","local_magnitude","tau","legitimate_turnout","continuous",143,143,9.64385940388442,50.8327674890494,16.4797284427928,66.9767769949003,1,71,127,138,0,0,0,0,1.33528161028901,136,139,"mu.tau[1]",0
"D_Stan_2k","scaled_functional","joint_transfer_functional","M","M","mixed_zero_continuous",1,0,24.5241780786707,24.5241780786707,85.162736658969,85.162736658969,0,1,1,1,0,0,0,0,1.14050955010957,1,1,"M_fraction_N",0
"D_Stan_2k","scaled_functional","joint_transfer_functional","S","S","mixed_zero_continuous",1,0,4.69041823012559,4.69041823012559,21.5249645690644,21.5249645690644,1,1,1,1,0,0,0,0,2.69279480328346,1,1,"S_fraction_N",0
