record_id,phase,source_section,chain,parameter,covariate,statistic,estimate,sd,interval_lower,interval_upper,interval_level,interval_type,unit,pdf_page,printed_page,source_locator,definition_status,notes
global_1_1,final_draws_summary,runef4 Bolivia2019Clean 4c.Rout,1,pi[1],No Fraud,posterior_mean,0.9924773465,0.0005785503,9.91301e-01,0.993592000,0.95,HPD,parameter,31,30,"summary(efout), Chain 1, row 1",identified_from_summary_and_archived_wrapper,HPD level follows coda::HPDinterval default in archived summary.eforensics
global_1_2,final_draws_summary,runef4 Bolivia2019Clean 4c.Rout,1,pi[2],Incremental Fraud,posterior_mean,0.0003864678,0.0002929926,1.48889e-07,0.000932117,0.95,HPD,parameter,31,30,"summary(efout), Chain 1, row 2",identified_from_summary_and_archived_wrapper,HPD level follows coda::HPDinterval default in archived summary.eforensics
global_1_3,final_draws_summary,runef4 Bolivia2019Clean 4c.Rout,1,pi[3],Extreme Fraud,posterior_mean,0.0071361877,0.0005044873,6.14445e-03,0.008105520,0.95,HPD,parameter,31,30,"summary(efout), Chain 1, row 3",identified_from_summary_and_archived_wrapper,HPD level follows coda::HPDinterval default in archived summary.eforensics
global_1_4,final_draws_summary,runef4 Bolivia2019Clean 4c.Rout,1,beta.tau,(Intercept),posterior_mean,1.7166579850,0.0106668545,1.68790e+00,1.730440000,0.95,HPD,parameter,31,30,"summary(efout), Chain 1, row 4",identified_from_summary_and_archived_wrapper,HPD level follows coda::HPDinterval default in archived summary.eforensics
global_1_5,final_draws_summary,runef4 Bolivia2019Clean 4c.Rout,1,beta.nu,(Intercept),posterior_mean,-0.1045734954,0.0136564322,-1.27484e-01,-0.076490500,0.95,HPD,parameter,31,30,"summary(efout), Chain 1, row 5",identified_from_summary_and_archived_wrapper,HPD level follows coda::HPDinterval default in archived summary.eforensics
global_1_6,final_draws_summary,runef4 Bolivia2019Clean 4c.Rout,1,beta.iota.m,(Intercept),posterior_mean,-0.0174899248,0.0181483790,-5.69653e-02,0.006106840,0.95,HPD,parameter,31,30,"summary(efout), Chain 1, row 6",identified_from_summary_and_archived_wrapper,HPD level follows coda::HPDinterval default in archived summary.eforensics
global_1_7,final_draws_summary,runef4 Bolivia2019Clean 4c.Rout,1,beta.iota.s,(Intercept),posterior_mean,-0.0348312605,0.0066016235,-4.71452e-02,-0.024166400,0.95,HPD,parameter,31,30,"summary(efout), Chain 1, row 7",identified_from_summary_and_archived_wrapper,HPD level follows coda::HPDinterval default in archived summary.eforensics
global_1_8,final_draws_summary,runef4 Bolivia2019Clean 4c.Rout,1,beta.chi.m,(Intercept),posterior_mean,-0.3338680365,0.0119406331,-3.54708e-01,-0.312070000,0.95,HPD,parameter,31,30,"summary(efout), Chain 1, row 8",identified_from_summary_and_archived_wrapper,HPD level follows coda::HPDinterval default in archived summary.eforensics
global_1_9,final_draws_summary,runef4 Bolivia2019Clean 4c.Rout,1,beta.chi.s,(Intercept),posterior_mean,0.1955873730,0.0096970780,1.76718e-01,0.210340000,0.95,HPD,parameter,31,30,"summary(efout), Chain 1, row 9",identified_from_summary_and_archived_wrapper,HPD level follows coda::HPDinterval default in archived summary.eforensics
global_2_1,final_draws_summary,runef4 Bolivia2019Clean 4c.Rout,2,pi[1],No Fraud,posterior_mean,0.9927843670,0.0005490212,9.91591e-01,0.993759000,0.95,HPD,parameter,31,30,"summary(efout), Chain 2, row 1",identified_from_summary_and_archived_wrapper,HPD level follows coda::HPDinterval default in archived summary.eforensics
global_2_2,final_draws_summary,runef4 Bolivia2019Clean 4c.Rout,2,pi[2],Incremental Fraud,posterior_mean,0.0003258427,0.0002351087,1.23068e-07,0.000773622,0.95,HPD,parameter,31,30,"summary(efout), Chain 2, row 2",identified_from_summary_and_archived_wrapper,HPD level follows coda::HPDinterval default in archived summary.eforensics
global_2_3,final_draws_summary,runef4 Bolivia2019Clean 4c.Rout,2,pi[3],Extreme Fraud,posterior_mean,0.0068897918,0.0004763863,6.01357e-03,0.007863480,0.95,HPD,parameter,31,30,"summary(efout), Chain 2, row 3",identified_from_summary_and_archived_wrapper,HPD level follows coda::HPDinterval default in archived summary.eforensics
global_2_4,final_draws_summary,runef4 Bolivia2019Clean 4c.Rout,2,beta.tau,(Intercept),posterior_mean,1.7265722950,0.0105278763,1.70732e+00,1.747300000,0.95,HPD,parameter,31,30,"summary(efout), Chain 2, row 4",identified_from_summary_and_archived_wrapper,HPD level follows coda::HPDinterval default in archived summary.eforensics
global_2_5,final_draws_summary,runef4 Bolivia2019Clean 4c.Rout,2,beta.nu,(Intercept),posterior_mean,-0.0981726238,0.0100272867,-1.17531e-01,-0.078518400,0.95,HPD,parameter,31,30,"summary(efout), Chain 2, row 5",identified_from_summary_and_archived_wrapper,HPD level follows coda::HPDinterval default in archived summary.eforensics
global_2_6,final_draws_summary,runef4 Bolivia2019Clean 4c.Rout,2,beta.iota.m,(Intercept),posterior_mean,0.0396192940,0.0118185317,2.58306e-02,0.059809200,0.95,HPD,parameter,31,30,"summary(efout), Chain 2, row 6",identified_from_summary_and_archived_wrapper,HPD level follows coda::HPDinterval default in archived summary.eforensics
global_2_7,final_draws_summary,runef4 Bolivia2019Clean 4c.Rout,2,beta.iota.s,(Intercept),posterior_mean,0.0611360010,0.0140609892,3.30056e-02,0.081006300,0.95,HPD,parameter,31,30,"summary(efout), Chain 2, row 7",identified_from_summary_and_archived_wrapper,HPD level follows coda::HPDinterval default in archived summary.eforensics
global_2_8,final_draws_summary,runef4 Bolivia2019Clean 4c.Rout,2,beta.chi.m,(Intercept),posterior_mean,-0.1868573970,0.0143058370,-2.11973e-01,-0.167900000,0.95,HPD,parameter,31,30,"summary(efout), Chain 2, row 8",identified_from_summary_and_archived_wrapper,HPD level follows coda::HPDinterval default in archived summary.eforensics
global_2_9,final_draws_summary,runef4 Bolivia2019Clean 4c.Rout,2,beta.chi.s,(Intercept),posterior_mean,0.5010675160,0.0398472915,4.28249e-01,0.554310000,0.95,HPD,parameter,31,30,"summary(efout), Chain 2, row 9",identified_from_summary_and_archived_wrapper,HPD level follows coda::HPDinterval default in archived summary.eforensics
global_3_1,final_draws_summary,runef4 Bolivia2019Clean 4c.Rout,3,pi[1],No Fraud,posterior_mean,0.9915581630,0.0006050236,9.90303e-01,0.992689000,0.95,HPD,parameter,32,31,"summary(efout), Chain 3, row 1",identified_from_summary_and_archived_wrapper,HPD level follows coda::HPDinterval default in archived summary.eforensics
global_3_2,final_draws_summary,runef4 Bolivia2019Clean 4c.Rout,3,pi[2],Incremental Fraud,posterior_mean,0.0004318741,0.0002502098,3.65805e-05,0.000899037,0.95,HPD,parameter,32,31,"summary(efout), Chain 3, row 2",identified_from_summary_and_archived_wrapper,HPD level follows coda::HPDinterval default in archived summary.eforensics
global_3_3,final_draws_summary,runef4 Bolivia2019Clean 4c.Rout,3,pi[3],Extreme Fraud,posterior_mean,0.0080099639,0.0005418588,6.92579e-03,0.009013080,0.95,HPD,parameter,32,31,"summary(efout), Chain 3, row 3",identified_from_summary_and_archived_wrapper,HPD level follows coda::HPDinterval default in archived summary.eforensics
global_3_4,final_draws_summary,runef4 Bolivia2019Clean 4c.Rout,3,beta.tau,(Intercept),posterior_mean,1.7150409550,0.0080916626,1.70022e+00,1.730970000,0.95,HPD,parameter,32,31,"summary(efout), Chain 3, row 4",identified_from_summary_and_archived_wrapper,HPD level follows coda::HPDinterval default in archived summary.eforensics
global_3_5,final_draws_summary,runef4 Bolivia2019Clean 4c.Rout,3,beta.nu,(Intercept),posterior_mean,-0.1009840489,0.0091813541,-1.19823e-01,-0.084383400,0.95,HPD,parameter,32,31,"summary(efout), Chain 3, row 5",identified_from_summary_and_archived_wrapper,HPD level follows coda::HPDinterval default in archived summary.eforensics
global_3_6,final_draws_summary,runef4 Bolivia2019Clean 4c.Rout,3,beta.iota.m,(Intercept),posterior_mean,-0.0659426044,0.0131354319,-8.11853e-02,-0.037474400,0.95,HPD,parameter,32,31,"summary(efout), Chain 3, row 6",identified_from_summary_and_archived_wrapper,HPD level follows coda::HPDinterval default in archived summary.eforensics
global_3_7,final_draws_summary,runef4 Bolivia2019Clean 4c.Rout,3,beta.iota.s,(Intercept),posterior_mean,0.0874979450,0.0078811226,7.50677e-02,0.101862000,0.95,HPD,parameter,32,31,"summary(efout), Chain 3, row 7",identified_from_summary_and_archived_wrapper,HPD level follows coda::HPDinterval default in archived summary.eforensics
global_3_8,final_draws_summary,runef4 Bolivia2019Clean 4c.Rout,3,beta.chi.m,(Intercept),posterior_mean,-0.3449911565,0.0056981201,-3.55295e-01,-0.333423000,0.95,HPD,parameter,32,31,"summary(efout), Chain 3, row 8",identified_from_summary_and_archived_wrapper,HPD level follows coda::HPDinterval default in archived summary.eforensics
global_3_9,final_draws_summary,runef4 Bolivia2019Clean 4c.Rout,3,beta.chi.s,(Intercept),posterior_mean,0.2952925160,0.0399865023,2.33002e-01,0.363672000,0.95,HPD,parameter,32,31,"summary(efout), Chain 3, row 9",identified_from_summary_and_archived_wrapper,HPD level follows coda::HPDinterval default in archived summary.eforensics
global_4_1,final_draws_summary,runef4 Bolivia2019Clean 4c.Rout,4,pi[1],No Fraud,posterior_mean,0.9867276210,0.0007672637,9.85209e-01,0.98822600,0.95,HPD,parameter,32,31,"summary(efout), Chain 4, row 1",identified_from_summary_and_archived_wrapper,HPD level follows coda::HPDinterval default in archived summary.eforensics
global_4_2,final_draws_summary,runef4 Bolivia2019Clean 4c.Rout,4,pi[2],Incremental Fraud,posterior_mean,0.0004147004,0.0003610805,1.53966e-07,0.00113301,0.95,HPD,parameter,32,31,"summary(efout), Chain 4, row 2",identified_from_summary_and_archived_wrapper,HPD level follows coda::HPDinterval default in archived summary.eforensics
global_4_3,final_draws_summary,runef4 Bolivia2019Clean 4c.Rout,4,pi[3],Extreme Fraud,posterior_mean,0.0128576734,0.0007135009,1.15418e-02,0.01435950,0.95,HPD,parameter,32,31,"summary(efout), Chain 4, row 3",identified_from_summary_and_archived_wrapper,HPD level follows coda::HPDinterval default in archived summary.eforensics
global_4_4,final_draws_summary,runef4 Bolivia2019Clean 4c.Rout,4,beta.tau,(Intercept),posterior_mean,1.7088835450,0.0131037522,1.68483e+00,1.72973000,0.95,HPD,parameter,32,31,"summary(efout), Chain 4, row 4",identified_from_summary_and_archived_wrapper,HPD level follows coda::HPDinterval default in archived summary.eforensics
global_4_5,final_draws_summary,runef4 Bolivia2019Clean 4c.Rout,4,beta.nu,(Intercept),posterior_mean,-0.1148054847,0.0139168839,-1.38886e-01,-0.08679060,0.95,HPD,parameter,32,31,"summary(efout), Chain 4, row 5",identified_from_summary_and_archived_wrapper,HPD level follows coda::HPDinterval default in archived summary.eforensics
global_4_6,final_draws_summary,runef4 Bolivia2019Clean 4c.Rout,4,beta.iota.m,(Intercept),posterior_mean,-0.2411824705,0.0118042231,-2.56822e-01,-0.21645200,0.95,HPD,parameter,32,31,"summary(efout), Chain 4, row 6",identified_from_summary_and_archived_wrapper,HPD level follows coda::HPDinterval default in archived summary.eforensics
global_4_7,final_draws_summary,runef4 Bolivia2019Clean 4c.Rout,4,beta.iota.s,(Intercept),posterior_mean,-0.5472241795,0.0109064378,-5.63867e-01,-0.52911200,0.95,HPD,parameter,32,31,"summary(efout), Chain 4, row 7",identified_from_summary_and_archived_wrapper,HPD level follows coda::HPDinterval default in archived summary.eforensics
global_4_8,final_draws_summary,runef4 Bolivia2019Clean 4c.Rout,4,beta.chi.m,(Intercept),posterior_mean,-1.5187331400,0.0244596309,-1.54933e+00,-1.47431000,0.95,HPD,parameter,32,31,"summary(efout), Chain 4, row 8",identified_from_summary_and_archived_wrapper,HPD level follows coda::HPDinterval default in archived summary.eforensics
global_4_9,final_draws_summary,runef4 Bolivia2019Clean 4c.Rout,4,beta.chi.s,(Intercept),posterior_mean,-0.2538778370,0.0187851430,-2.85696e-01,-0.21178100,0.95,HPD,parameter,32,31,"summary(efout), Chain 4, row 9",identified_from_summary_and_archived_wrapper,HPD level follows coda::HPDinterval default in archived summary.eforensics
global_combined_1,postprocessing_joined_chains,wrkef2a Bolivia2019Clean 4c.Rout,combined,pi[1],No Fraud,posterior_mean,0.9908868744,0.002523558,9.85871e-01,0.993628000,0.95,HPD,parameter,35,34,"summary(efout, join.chains=TRUE), combined, row 1",identified_from_summary_and_archived_wrapper,HPD level follows coda::HPDinterval default in archived summary.eforensics
global_combined_2,postprocessing_joined_chains,wrkef2a Bolivia2019Clean 4c.Rout,combined,pi[2],Incremental Fraud,posterior_mean,0.0003897213,0.000291750,1.23068e-07,0.000939541,0.95,HPD,parameter,35,34,"summary(efout, join.chains=TRUE), combined, row 2",identified_from_summary_and_archived_wrapper,HPD level follows coda::HPDinterval default in archived summary.eforensics
global_combined_3,postprocessing_joined_chains,wrkef2a Bolivia2019Clean 4c.Rout,combined,pi[3],Extreme Fraud,posterior_mean,0.0087234042,0.002488432,6.11167e-03,0.013629700,0.95,HPD,parameter,35,34,"summary(efout, join.chains=TRUE), combined, row 3",identified_from_summary_and_archived_wrapper,HPD level follows coda::HPDinterval default in archived summary.eforensics
global_combined_4,postprocessing_joined_chains,wrkef2a Bolivia2019Clean 4c.Rout,combined,beta.tau,(Intercept),posterior_mean,1.7167886950,0.012479284,1.68742e+00,1.737890000,0.95,HPD,parameter,35,34,"summary(efout, join.chains=TRUE), combined, row 4",identified_from_summary_and_archived_wrapper,HPD level follows coda::HPDinterval default in archived summary.eforensics
global_combined_5,postprocessing_joined_chains,wrkef2a Bolivia2019Clean 4c.Rout,combined,beta.nu,(Intercept),posterior_mean,-0.1046339132,0.013447711,-1.31152e-01,-0.079023000,0.95,HPD,parameter,35,34,"summary(efout, join.chains=TRUE), combined, row 5",identified_from_summary_and_archived_wrapper,HPD level follows coda::HPDinterval default in archived summary.eforensics
global_combined_6,postprocessing_joined_chains,wrkef2a Bolivia2019Clean 4c.Rout,combined,beta.iota.m,(Intercept),posterior_mean,-0.0712489264,0.105916829,-2.54851e-01,0.056201500,0.95,HPD,parameter,35,34,"summary(efout, join.chains=TRUE), combined, row 6",identified_from_summary_and_archived_wrapper,HPD level follows coda::HPDinterval default in archived summary.eforensics
global_combined_7,postprocessing_joined_chains,wrkef2a Bolivia2019Clean 4c.Rout,combined,beta.iota.s,(Intercept),posterior_mean,-0.1083553735,0.257659082,-5.60062e-01,0.099526700,0.95,HPD,parameter,35,34,"summary(efout, join.chains=TRUE), combined, row 7",identified_from_summary_and_archived_wrapper,HPD level follows coda::HPDinterval default in archived summary.eforensics
global_combined_8,postprocessing_joined_chains,wrkef2a Bolivia2019Clean 4c.Rout,combined,beta.chi.m,(Intercept),posterior_mean,-0.5961124325,0.536580404,-1.54364e+00,-0.169461000,0.95,HPD,parameter,35,34,"summary(efout, join.chains=TRUE), combined, row 8",identified_from_summary_and_archived_wrapper,HPD level follows coda::HPDinterval default in archived summary.eforensics
global_combined_9,postprocessing_joined_chains,wrkef2a Bolivia2019Clean 4c.Rout,combined,beta.chi.s,(Intercept),posterior_mean,0.1845173920,0.277695162,-2.71450e-01,0.551338000,0.95,HPD,parameter,35,34,"summary(efout, join.chains=TRUE), combined, row 9",identified_from_summary_and_archived_wrapper,HPD level follows coda::HPDinterval default in archived summary.eforensics
aggregate_manufactured_fraud_votes_0.95,postprocessing_fraud_functional,wrkef2a Bolivia2019Clean 4c.Rout,combined,manufactured_fraud_votes,,posterior_mean,5295.798,,4910.488,5734.178,0.95,credible_unspecified,votes,36,35,"COMBO evec, Ntfraudtotalmean, Nttotal95/995.lo-hi",partially_identified_external_script_unavailable,Ntfraud is manufactured; Nfraud is total. Exact interval algorithm is not published here.
aggregate_manufactured_fraud_votes_0.995,postprocessing_fraud_functional,wrkef2a Bolivia2019Clean 4c.Rout,combined,manufactured_fraud_votes,,posterior_mean,5295.798,,4751.090,5880.218,0.995,credible_unspecified,votes,36,35,"COMBO evec, Ntfraudtotalmean, Nttotal95/995.lo-hi",partially_identified_external_script_unavailable,Ntfraud is manufactured; Nfraud is total. Exact interval algorithm is not published here.
aggregate_total_fraud_votes_0.95,postprocessing_fraud_functional,wrkef2a Bolivia2019Clean 4c.Rout,combined,total_fraud_votes,,posterior_mean,22519.818,,20842.281,24395.891,0.95,credible_unspecified,votes,36,35,"COMBO evec, Nfraudtotalmean, Ntotal95/995.lo-hi",partially_identified_external_script_unavailable,Ntfraud is manufactured; Nfraud is total. Exact interval algorithm is not published here.
aggregate_total_fraud_votes_0.995,postprocessing_fraud_functional,wrkef2a Bolivia2019Clean 4c.Rout,combined,total_fraud_votes,,posterior_mean,22519.818,,20479.794,24663.779,0.995,credible_unspecified,votes,36,35,"COMBO evec, Nfraudtotalmean, Ntotal95/995.lo-hi",partially_identified_external_script_unavailable,Ntfraud is manufactured; Nfraud is total. Exact interval algorithm is not published here.
classified_mesas_no_fraud,postprocessing_fraud_functional,wrkef2a Bolivia2019Clean 4c.Rout,combined,no_fraud,,classified_mesas_count,34277,,,,,not_applicable,mesas,36,35,"COMBO print(v), no fraud",partially_identified_external_script_unavailable,Count uses elist$CIcombo[['all']][['Nfraud95']]; classification rule needs missing external script.
classified_mesas_fraud,postprocessing_fraud_functional,wrkef2a Bolivia2019Clean 4c.Rout,combined,fraud,,classified_mesas_count,274,,,,,not_applicable,mesas,36,35,"COMBO print(v), fraud",partially_identified_external_script_unavailable,Count uses elist$CIcombo[['all']][['Nfraud95']]; classification rule needs missing external script.
