"id","passed","detail"
"literal_matches_primary_qbl",TRUE,""
"literal_partial_pi",TRUE,""
"literal_hierarchy_tau",TRUE,""
"literal_hierarchy_nu",TRUE,""
"literal_hierarchy_iota.m",TRUE,""
"literal_hierarchy_iota.s",TRUE,""
"literal_hierarchy_chi.m",TRUE,""
"literal_hierarchy_chi.s",TRUE,""
"six_fixed_precision_matrices",TRUE,""
"six_primary_beta1_predictors",TRUE,""
"four_latent_binomials",TRUE,""
"two_observed_N_trials",TRUE,""
"endpoint_999_both_manufactured",TRUE,""
"D1_software_scope",TRUE,""
"D1_no_runtime_assumption",TRUE,""
"D1_no_silent_repair",TRUE,""
"D1_all_attempts_preserved",TRUE,""
"D1_invalid_parent_retained",TRUE,"Algebra only, not JAGS runtime semantics"
"D1_valid_control",TRUE,""
"interface_primary_responses",TRUE,""
"interface_six_intercept_matrices",TRUE,""
"interface_six_dimension_scalars",TRUE,""
"interface_swapped_negative_control_detected",TRUE,""
"interface_distinct_covariates",TRUE,""
"interface_contract_matches_source",TRUE,""
"historical_direct_not_inverted_05_eforensics_qbl_fresh_diagnostic.R",TRUE,""
"historical_direct_not_inverted_05_jags_qbl_zone_fe.R",TRUE,""
"historical_wrapper_inverted_05_eforensics_umeforensics_qbl.R",TRUE,""
"historical_wrapper_inverted_07_brasil_full_qbl.R",TRUE,""
"D2_priors_contract",TRUE,""
"D2_production_not_selected",TRUE,""
"D2_partial_order_counterexample",TRUE,""
"D2_alpha_b0_six_blocks",TRUE,""
"D2_variance_not_sd",TRUE,"Exp(5) on variance versus on SD; intercept sum retains its extra variance"
"D3_executor_rows_independently_recomputed",TRUE,""
"D3_zero_class1",TRUE,""
"D3_endpoint_joint_selection",TRUE,""
"D3_inactive_latents_do_not_affect_functional",TRUE,""
"D3_totals_same_draw",TRUE,""
"D3_fractional_not_observed_counts",TRUE,""
"D3_no_extra_noise",TRUE,""
"D3_no_prior_redraw",TRUE,""
"D3_conditional_means_not_quantiles",TRUE,""
"D3_total_quantile_not_sum_quantiles",TRUE,""
"D3_RB_same_mean_different_distribution",TRUE,""
"D3_margin_independent_oracle",TRUE,""
"D3_margin_origin_0",TRUE,""
"D3_margin_origin_0.2",TRUE,""
"D3_margin_origin_0.8",TRUE,""
"D3_margin_origin_1",TRUE,""
"D3_no_point_winner",TRUE,""
"D3_infeasible_not_dropped",TRUE,""
"D3_no_capacity_assumption",TRUE,""
"nine_root_limitations_retained",TRUE,""
"runner_rejects_alternative_directory",TRUE,"Provide the existing G2/round2/results directory explicitly; never write round1."
"runner_accepts_frozen_directory_guard_only",TRUE,"Only the guard evaluated; no runner writes performed"
"runner_documented_isolated_reproduction",TRUE,"implementation.md:50 already documents the safe route"
"no_rng_state",TRUE,""
"no_sampler_loaded",TRUE,""
