"target","published_matches_pooled","correct_rhat","pooled_rhat","correct_bulk","pooled_bulk","correct_tail","pooled_tail","lower_tail_indicator_constant","upper_tail_indicator_constant"
"Z",TRUE,0.999985423255829,1.00002224263466,5417.83369220932,5405.22416488764,4495.26249801662,4477.53299137056,FALSE,FALSE
"N.iota.m",TRUE,0.999651181739659,0.999886029808892,7515.18142189439,7461.73431124114,NA,NA,FALSE,TRUE
"N.iota.s",TRUE,1.00120757086769,1.00020832622997,5984.97063394254,5930.43967667792,NA,NA,FALSE,TRUE
"N.chi.m",TRUE,0.999857172597369,0.999923480289889,7698.37713063606,7692.62401110769,NA,NA,FALSE,TRUE
"N.chi.s",TRUE,1.00032406621392,1.00005336192001,4936.85022071032,4918.52202691121,NA,NA,FALSE,TRUE
"indicator_Z1",TRUE,1.00024250574872,1.00040623707253,5722.72332059546,5693.7513779477,NA,NA,FALSE,TRUE
"indicator_Z2",TRUE,1.00072844261077,1.00108781922583,5689.69351399127,5571.91984922931,NA,NA,FALSE,TRUE
"indicator_Z3",TRUE,1.00030954640715,1.00039903382341,4495.26249801662,4477.53299137055,4495.26249801662,4477.53299137056,FALSE,FALSE
"M",TRUE,0.999736875081447,0.999875094475792,5872.59748728805,5850.90592390315,NA,NA,FALSE,TRUE
"margin_lower",TRUE,0.999736875081447,0.999875094475792,5872.59748728805,5850.90592390315,NA,NA,FALSE,TRUE
"margin_upper",TRUE,0.999736875081447,0.999875094475792,5872.59748728805,5850.90592390315,NA,NA,FALSE,TRUE
