"Z","r_im","r_is","r_cm","r_cs","indicator_Z1","indicator_Z2","indicator_Z3","M","S","margin_lower","margin_upper","weight","posterior"
1,0,0,0,0,1,0,0,0,0,1,1,0.00135803571428571,0.00630396553003254
1,0,0,0,1,1,0,0,0,0,1,1,0.00769553571428572,0.035722471336851
1,0,0,1,0,1,0,0,0,0,1,1,0.00769553571428572,0.035722471336851
1,0,0,1,1,1,0,0,0,0,1,1,0.0436080357142857,0.202427337575489
1,0,1,0,0,1,0,0,0,0,1,1,0.00073125,0.00339444297770983
1,0,1,0,1,1,0,0,0,0,1,1,0.00414375,0.019235176873689
1,0,1,1,0,1,0,0,0,0,1,1,0.00414375,0.019235176873689
1,0,1,1,1,1,0,0,0,0,1,1,0.02348125,0.108999335617571
1,1,0,0,0,1,0,0,0,0,1,1,0.00073125,0.00339444297770983
1,1,0,0,1,1,0,0,0,0,1,1,0.00414375,0.019235176873689
1,1,0,1,0,1,0,0,0,0,1,1,0.00414375,0.019235176873689
1,1,0,1,1,1,0,0,0,0,1,1,0.02348125,0.108999335617571
1,1,1,0,0,1,0,0,0,0,1,1,0.00039375,0.0018277769879976
1,1,1,0,1,1,0,0,0,0,1,1,0.00223125,0.0103574029319864
1,1,1,1,0,1,0,0,0,0,1,1,0.00223125,0.0103574029319864
1,1,1,1,1,1,0,0,0,0,1,1,0.01264375,0.0586919499479229
2,0,0,0,0,0,1,0,0,0,1,1,0.000679017857142857,0.00315198276501627
2,0,0,0,1,0,1,0,0,0,1,1,0.00384776785714286,0.0178612356684255
2,0,0,1,0,0,1,0,0,0,1,1,0.00384776785714286,0.0178612356684255
2,0,0,1,1,0,1,0,0,0,1,1,0.0218040178571429,0.101213668787745
2,0,1,0,0,0,1,0,0,0.25,0.5,0.75,0,0
2,0,1,0,1,0,1,0,0,0.25,0.5,0.75,0,0
2,0,1,1,0,0,1,0,0,0.25,0.5,0.75,0,0
2,0,1,1,1,0,1,0,0,0.25,0.5,0.75,0,0
2,1,0,0,0,0,1,0,0.4995,0,0.5005,0.5005,0.000730884375,0.00339274575622097
2,1,0,0,1,0,1,0,0.4995,0,0.5005,0.5005,0.004141678125,0.0192255592852522
2,1,0,1,0,0,1,0,0.4995,0,0.5005,0.5005,0.004141678125,0.0192255592852522
2,1,0,1,1,0,1,0,0.4995,0,0.5005,0.5005,0.023469509375,0.108944835949762
2,1,1,0,0,0,1,0,0.4995,0.25,0.000499999999999945,0.2505,0,0
2,1,1,0,1,0,1,0,0.4995,0.25,0.000499999999999945,0.2505,0,0
2,1,1,1,0,0,1,0,0.4995,0.25,0.000499999999999945,0.2505,0,0
2,1,1,1,1,0,1,0,0.4995,0.25,0.000499999999999945,0.2505,0,0
3,0,0,0,0,0,0,1,0,0,1,1,0.000339508928571429,0.00157599138250813
3,0,0,0,1,0,0,1,0,0.25,0.5,0.75,0,0
3,0,0,1,0,0,0,1,0.4995,0,0.5005,0.5005,0.00384584397321429,0.0178523050505913
3,0,0,1,1,0,0,1,0.4995,0.25,0.000499999999999945,0.2505,0,0
3,0,1,0,0,0,0,1,0,0,1,1,0.0001828125,0.000848610744427456
3,0,1,0,1,0,0,1,0,0.25,0.5,0.75,0,0
3,0,1,1,0,0,0,1,0.4995,0,0.5005,0.5005,0.0020708390625,0.00961277964262608
3,0,1,1,1,0,0,1,0.4995,0.25,0.000499999999999945,0.2505,0,0
3,1,0,0,0,0,0,1,0,0,1,1,0.0001828125,0.000848610744427456
3,1,0,0,1,0,0,1,0,0.25,0.5,0.75,0,0
3,1,0,1,0,0,0,1,0.4995,0,0.5005,0.5005,0.0020708390625,0.00961277964262608
3,1,0,1,1,0,0,1,0.4995,0.25,0.000499999999999945,0.2505,0,0
3,1,1,0,0,0,0,1,0,0,1,1,9.84375e-05,0.0004569442469994
3,1,1,0,1,0,0,1,0,0.25,0.5,0.75,0,0
3,1,1,1,0,0,0,1,0.4995,0,0.5005,0.5005,0.0011150671875,0.0051761121152602
3,1,1,1,1,0,0,1,0.4995,0.25,0.000499999999999945,0.2505,0,0
