file,candidate,candidate_replay,qa,qa_replay,identical
sections_validated.parquet,d706ce77bbb462eed14405f24a553ace54e75348e0280590014459b9258de339,d706ce77bbb462eed14405f24a553ace54e75348e0280590014459b9258de339,d706ce77bbb462eed14405f24a553ace54e75348e0280590014459b9258de339,d706ce77bbb462eed14405f24a553ace54e75348e0280590014459b9258de339,TRUE
votes_validated.parquet,38a9701fb8ffe734989841059dda6db5e11b269067b0403ef0fb2fdfd6940069,38a9701fb8ffe734989841059dda6db5e11b269067b0403ef0fb2fdfd6940069,38a9701fb8ffe734989841059dda6db5e11b269067b0403ef0fb2fdfd6940069,38a9701fb8ffe734989841059dda6db5e11b269067b0403ef0fb2fdfd6940069,TRUE
abstention_exceptions.csv,288e32f775a35c8468ae2e7a632ccb745f1e2abccfafc109e8e095444976f7ab,288e32f775a35c8468ae2e7a632ccb745f1e2abccfafc109e8e095444976f7ab,288e32f775a35c8468ae2e7a632ccb745f1e2abccfafc109e8e095444976f7ab,288e32f775a35c8468ae2e7a632ccb745f1e2abccfafc109e8e095444976f7ab,TRUE
source_metadata.csv,a2ff00e42f9dc3707b88b87ce904ec77ea25b3031bacf04da11b1fc5f173d9c9,a2ff00e42f9dc3707b88b87ce904ec77ea25b3031bacf04da11b1fc5f173d9c9,a2ff00e42f9dc3707b88b87ce904ec77ea25b3031bacf04da11b1fc5f173d9c9,a2ff00e42f9dc3707b88b87ce904ec77ea25b3031bacf04da11b1fc5f173d9c9,TRUE
load_config_sha256.txt,0081f9ab74c908ce416c45d9fcb6673791f90a62adecb7b0937409efbd78d8e9,0081f9ab74c908ce416c45d9fcb6673791f90a62adecb7b0937409efbd78d8e9,0081f9ab74c908ce416c45d9fcb6673791f90a62adecb7b0937409efbd78d8e9,0081f9ab74c908ce416c45d9fcb6673791f90a62adecb7b0937409efbd78d8e9,TRUE
model_counts.parquet,fba1ad27c76fc8aa6f63e4622a3632454618a30d6ab36190342b1d8ba07e81f9,fba1ad27c76fc8aa6f63e4622a3632454618a30d6ab36190342b1d8ba07e81f9,fba1ad27c76fc8aa6f63e4622a3632454618a30d6ab36190342b1d8ba07e81f9,fba1ad27c76fc8aa6f63e4622a3632454618a30d6ab36190342b1d8ba07e81f9,TRUE
uf_turn_reconciliation.csv,7ad2fc3bc2325db4c5c14f4d56aa0016a4bd28126a6a93d692608472e88d2dcc,7ad2fc3bc2325db4c5c14f4d56aa0016a4bd28126a6a93d692608472e88d2dcc,7ad2fc3bc2325db4c5c14f4d56aa0016a4bd28126a6a93d692608472e88d2dcc,7ad2fc3bc2325db4c5c14f4d56aa0016a4bd28126a6a93d692608472e88d2dcc,TRUE
candidate_turn_totals.csv,e8d23d38e6e997a5b19880ed66611b96cf8225d2f296e0a7be92bac84c6e8cea,e8d23d38e6e997a5b19880ed66611b96cf8225d2f296e0a7be92bac84c6e8cea,e8d23d38e6e997a5b19880ed66611b96cf8225d2f296e0a7be92bac84c6e8cea,e8d23d38e6e997a5b19880ed66611b96cf8225d2f296e0a7be92bac84c6e8cea,TRUE
rule_log.csv,43ffd6d7e68d6d1e37e1af8f2496350d550cd9b79f00c3ebc0f60620140f12ad,43ffd6d7e68d6d1e37e1af8f2496350d550cd9b79f00c3ebc0f60620140f12ad,43ffd6d7e68d6d1e37e1af8f2496350d550cd9b79f00c3ebc0f60620140f12ad,43ffd6d7e68d6d1e37e1af8f2496350d550cd9b79f00c3ebc0f60620140f12ad,TRUE
