"precinct","class","probability","chain1","chain2","chain3","chain4","modal"
"PRECINCT 1",1,1,1,1,1,1,TRUE
"PRECINCT 2",1,1,1,1,1,1,TRUE
"PRECINCT 3",1,1,1,1,1,1,TRUE
"PRECINCT 4",1,1,1,1,1,1,TRUE
"PRECINCT 5",1,1,1,1,1,1,TRUE
"PRECINCT 6",1,1,1,1,1,1,TRUE
"PRECINCT 7",1,1,1,1,1,1,TRUE
"PRECINCT 8",1,1,1,1,1,1,TRUE
"PRECINCT 9",1,1,1,1,1,1,TRUE
"PRECINCT 10",1,1,1,1,1,1,TRUE
"PRECINCT 11",1,1,1,1,1,1,TRUE
"PRECINCT 12",1,1,1,1,1,1,TRUE
"PRECINCT 13",1,1,1,1,1,1,TRUE
"PRECINCT 14",1,1,1,1,1,1,TRUE
"PRECINCT 15",1,1,1,1,1,1,TRUE
"PRECINCT 16",1,1,1,1,1,1,TRUE
"PRECINCT 17",1,1,1,1,1,1,TRUE
"PRECINCT 18",1,1,1,1,1,1,TRUE
"PRECINCT 19",1,1,1,1,1,1,TRUE
"PRECINCT 20",1,1,1,1,1,1,TRUE
"PRECINCT 21",1,1,1,1,1,1,TRUE
"PRECINCT 22",1,1,1,1,1,1,TRUE
"PRECINCT 23",1,1,1,1,1,1,TRUE
"PRECINCT 24",1,1,1,1,1,1,TRUE
"PRECINCT 25",1,1,1,1,1,1,TRUE
"PRECINCT 26",1,1,1,1,1,1,TRUE
"PRECINCT 27",1,1,1,1,1,1,TRUE
"PRECINCT 28",1,1,1,1,1,1,TRUE
"PRECINCT 29",1,1,1,1,1,1,TRUE
"PRECINCT 30",1,1,1,1,1,1,TRUE
"PRECINCT 31",1,1,1,1,1,1,TRUE
"PRECINCT 32",1,1,1,1,1,1,TRUE
"PRECINCT 33",1,1,1,1,1,1,TRUE
"PRECINCT 34",1,1,1,1,1,1,TRUE
"PRECINCT 35",1,1,1,1,1,1,TRUE
"PRECINCT 36",1,1,1,1,1,1,TRUE
"PRECINCT 37",1,1,1,1,1,1,TRUE
"PRECINCT 38",1,1,1,1,1,1,TRUE
"PRECINCT 39",1,1,1,1,1,1,TRUE
"PRECINCT 40",1,1,1,1,1,1,TRUE
"PRECINCT 41",1,1,1,1,1,1,TRUE
"PRECINCT 42",1,1,1,1,1,1,TRUE
"PRECINCT 43",1,0.9999125,1,1,1,0.99965,TRUE
"PRECINCT 44",1,1,1,1,1,1,TRUE
"PRECINCT 45",1,1,1,1,1,1,TRUE
"PRECINCT 46",1,1,1,1,1,1,TRUE
"PRECINCT 47",1,1,1,1,1,1,TRUE
"PRECINCT 48",1,1,1,1,1,1,TRUE
"PRECINCT 49",1,0.9999625,0.99985,1,1,1,TRUE
"PRECINCT 50",1,1,1,1,1,1,TRUE
"PRECINCT 51",1,0.75,0,1,1,1,TRUE
"PRECINCT 52",1,1,1,1,1,1,TRUE
"PRECINCT 53",1,0.9938125,0.97525,1,1,1,TRUE
"PRECINCT 54",1,1,1,1,1,1,TRUE
"PRECINCT 55",1,1,1,1,1,1,TRUE
"PRECINCT 56",1,1,1,1,1,1,TRUE
"PRECINCT 57",1,1,1,1,1,1,TRUE
"PRECINCT 58",1,1,1,1,1,1,TRUE
"PRECINCT 59",1,1,1,1,1,1,TRUE
"PRECINCT 60",1,0.999975,1,1,1,0.9999,TRUE
"PRECINCT 61",1,0.9984625,0.99385,1,1,1,TRUE
"PRECINCT 62",1,0.999975,0.9999,1,1,1,TRUE
"PRECINCT 63",1,1,1,1,1,1,TRUE
"PRECINCT 64",1,1,1,1,1,1,TRUE
"PRECINCT 65",1,0.9397375,0.75895,1,1,1,TRUE
"PRECINCT 66",1,1,1,1,1,1,TRUE
"PRECINCT 67",1,1,1,1,1,1,TRUE
"PRECINCT 68",1,1,1,1,1,1,TRUE
"PRECINCT 69",1,0.8985625,0.59425,1,1,1,TRUE
"PRECINCT 70",1,0.9867,0.9468,1,1,1,TRUE
"PRECINCT 71",1,1,1,1,1,1,TRUE
"PRECINCT 72",1,1,1,1,1,1,TRUE
"PRECINCT 73",1,0.9426625,0.77065,1,1,1,TRUE
"PRECINCT 74",1,1,1,1,1,1,TRUE
"PRECINCT 75",1,1,1,1,1,1,TRUE
"PRECINCT 76",1,0.999925,1,1,1,0.9997,TRUE
"PRECINCT 77",1,1,1,1,1,1,TRUE
"PRECINCT 78",1,1,1,1,1,1,TRUE
"PRECINCT 79",1,1,1,1,1,1,TRUE
"PRECINCT 80",1,0.9950125,0.9804,1,1,0.99965,TRUE
"PRECINCT 81",1,1,1,1,1,1,TRUE
"PRECINCT 82",1,1,1,1,1,1,TRUE
"PRECINCT 83",1,1,1,1,1,1,TRUE
"PRECINCT 84",1,1,1,1,1,1,TRUE
"PRECINCT 85",1,1,1,1,1,1,TRUE
"PRECINCT 86",1,1,1,1,1,1,TRUE
"PRECINCT 87",1,1,1,1,1,1,TRUE
"PRECINCT 88",1,1,1,1,1,1,TRUE
"PRECINCT 89",1,1,1,1,1,1,TRUE
"PRECINCT 90",1,1,1,1,1,1,TRUE
"PRECINCT 91",1,1,1,1,1,1,TRUE
"PRECINCT 92",1,0.9961125,0.99885,1,1,0.9856,TRUE
"PRECINCT 93",1,0.9947,0.9788,1,1,1,TRUE
"PRECINCT 94",1,1,1,1,1,1,TRUE
"PRECINCT 95",1,1,1,1,1,1,TRUE
"PRECINCT 96",1,0.999275,0.9971,1,1,1,TRUE
"PRECINCT 97",1,0.9989,0.9956,1,1,1,TRUE
"PRECINCT 98",1,0.999975,1,1,1,0.9999,TRUE
"PRECINCT 99",1,0.998325,1,1,1,0.9933,TRUE
"PRECINCT 100",1,1,1,1,1,1,TRUE
"PRECINCT 101",1,0.9969875,0.98795,1,1,1,TRUE
"PRECINCT 102",1,1,1,1,1,1,TRUE
"PRECINCT 103",1,1,1,1,1,1,TRUE
"PRECINCT 104",1,1,1,1,1,1,TRUE
"PRECINCT 105",1,1,1,1,1,1,TRUE
"PRECINCT 106",1,1,1,1,1,1,TRUE
"PRECINCT 107",1,1,1,1,1,1,TRUE
"PRECINCT 108",1,0.845925,0.54335,1,1,0.84035,TRUE
"PRECINCT 109",1,0.90415,0.71415,1,1,0.90245,TRUE
"PRECINCT 110",1,0.98575,1,1,1,0.943,TRUE
"PRECINCT 111",1,1,1,1,1,1,TRUE
"PRECINCT 112",1,0.99995,1,1,1,0.9998,TRUE
"PRECINCT 113",1,0.9641,0.8564,1,1,1,TRUE
"PRECINCT 114",1,1,1,1,1,1,TRUE
"PRECINCT 115",1,1,1,1,1,1,TRUE
"PRECINCT 116",1,1,1,1,1,1,TRUE
"PRECINCT 117",1,1,1,1,1,1,TRUE
"PRECINCT 118",1,1,1,1,1,1,TRUE
"PRECINCT 119",1,1,1,1,1,1,TRUE
"PRECINCT 120",1,1,1,1,1,1,TRUE
"PRECINCT 121",1,1,1,1,1,1,TRUE
"PRECINCT 122",1,1,1,1,1,1,TRUE
"PRECINCT 123",1,1,1,1,1,1,TRUE
"PRECINCT 124",1,0.9957875,0.98315,1,1,1,TRUE
"PRECINCT 125",1,1,1,1,1,1,TRUE
"PRECINCT 126",1,1,1,1,1,1,TRUE
"PRECINCT 127",1,1,1,1,1,1,TRUE
"PRECINCT 128",1,1,1,1,1,1,TRUE
"PRECINCT 129",1,1,1,1,1,1,TRUE
"PRECINCT 130",1,1,1,1,1,1,TRUE
"PRECINCT 131",1,1,1,1,1,1,TRUE
"PRECINCT 132",1,1,1,1,1,1,TRUE
"PRECINCT 133",1,0.9981375,0.99255,1,1,1,TRUE
"PRECINCT 134",1,1,1,1,1,1,TRUE
"PRECINCT 135",1,1,1,1,1,1,TRUE
"PRECINCT 136",1,1,1,1,1,1,TRUE
"PRECINCT 137",1,1,1,1,1,1,TRUE
"PRECINCT 138",1,1,1,1,1,1,TRUE
"PRECINCT 139",1,0.965425,1,1,1,0.8617,TRUE
"PRECINCT 140",1,1,1,1,1,1,TRUE
"PRECINCT 141",1,1,1,1,1,1,TRUE
"PRECINCT 142",1,0.9922375,0.96895,1,1,1,TRUE
"PRECINCT 143",1,1,1,1,1,1,TRUE
"PRECINCT 1",2,0,0,0,0,0,FALSE
"PRECINCT 2",2,0,0,0,0,0,FALSE
"PRECINCT 3",2,0,0,0,0,0,FALSE
"PRECINCT 4",2,0,0,0,0,0,FALSE
"PRECINCT 5",2,0,0,0,0,0,FALSE
"PRECINCT 6",2,0,0,0,0,0,FALSE
"PRECINCT 7",2,0,0,0,0,0,FALSE
"PRECINCT 8",2,0,0,0,0,0,FALSE
"PRECINCT 9",2,0,0,0,0,0,FALSE
"PRECINCT 10",2,0,0,0,0,0,FALSE
"PRECINCT 11",2,0,0,0,0,0,FALSE
"PRECINCT 12",2,0,0,0,0,0,FALSE
"PRECINCT 13",2,0,0,0,0,0,FALSE
"PRECINCT 14",2,0,0,0,0,0,FALSE
"PRECINCT 15",2,0,0,0,0,0,FALSE
"PRECINCT 16",2,0,0,0,0,0,FALSE
"PRECINCT 17",2,0,0,0,0,0,FALSE
"PRECINCT 18",2,0,0,0,0,0,FALSE
"PRECINCT 19",2,0,0,0,0,0,FALSE
"PRECINCT 20",2,0,0,0,0,0,FALSE
"PRECINCT 21",2,0,0,0,0,0,FALSE
"PRECINCT 22",2,0,0,0,0,0,FALSE
"PRECINCT 23",2,0,0,0,0,0,FALSE
"PRECINCT 24",2,0,0,0,0,0,FALSE
"PRECINCT 25",2,0,0,0,0,0,FALSE
"PRECINCT 26",2,0,0,0,0,0,FALSE
"PRECINCT 27",2,0,0,0,0,0,FALSE
"PRECINCT 28",2,0,0,0,0,0,FALSE
"PRECINCT 29",2,0,0,0,0,0,FALSE
"PRECINCT 30",2,0,0,0,0,0,FALSE
"PRECINCT 31",2,0,0,0,0,0,FALSE
"PRECINCT 32",2,0,0,0,0,0,FALSE
"PRECINCT 33",2,0,0,0,0,0,FALSE
"PRECINCT 34",2,0,0,0,0,0,FALSE
"PRECINCT 35",2,0,0,0,0,0,FALSE
"PRECINCT 36",2,0,0,0,0,0,FALSE
"PRECINCT 37",2,0,0,0,0,0,FALSE
"PRECINCT 38",2,0,0,0,0,0,FALSE
"PRECINCT 39",2,0,0,0,0,0,FALSE
"PRECINCT 40",2,0,0,0,0,0,FALSE
"PRECINCT 41",2,0,0,0,0,0,FALSE
"PRECINCT 42",2,0,0,0,0,0,FALSE
"PRECINCT 43",2,8.75e-05,0,0,0,0.00035,FALSE
"PRECINCT 44",2,0,0,0,0,0,FALSE
"PRECINCT 45",2,0,0,0,0,0,FALSE
"PRECINCT 46",2,0,0,0,0,0,FALSE
"PRECINCT 47",2,0,0,0,0,0,FALSE
"PRECINCT 48",2,0,0,0,0,0,FALSE
"PRECINCT 49",2,3.75e-05,0.00015,0,0,0,FALSE
"PRECINCT 50",2,0,0,0,0,0,FALSE
"PRECINCT 51",2,0.25,1,0,0,0,FALSE
"PRECINCT 52",2,0,0,0,0,0,FALSE
"PRECINCT 53",2,0.0061875,0.02475,0,0,0,FALSE
"PRECINCT 54",2,0,0,0,0,0,FALSE
"PRECINCT 55",2,0,0,0,0,0,FALSE
"PRECINCT 56",2,0,0,0,0,0,FALSE
"PRECINCT 57",2,0,0,0,0,0,FALSE
"PRECINCT 58",2,0,0,0,0,0,FALSE
"PRECINCT 59",2,0,0,0,0,0,FALSE
"PRECINCT 60",2,2.5e-05,0,0,0,1e-04,FALSE
"PRECINCT 61",2,0.0015375,0.00615,0,0,0,FALSE
"PRECINCT 62",2,2.5e-05,1e-04,0,0,0,FALSE
"PRECINCT 63",2,0,0,0,0,0,FALSE
"PRECINCT 64",2,0,0,0,0,0,FALSE
"PRECINCT 65",2,0.0602625,0.24105,0,0,0,FALSE
"PRECINCT 66",2,0,0,0,0,0,FALSE
"PRECINCT 67",2,0,0,0,0,0,FALSE
"PRECINCT 68",2,0,0,0,0,0,FALSE
"PRECINCT 69",2,0.1014375,0.40575,0,0,0,FALSE
"PRECINCT 70",2,0.0133,0.0532,0,0,0,FALSE
"PRECINCT 71",2,0,0,0,0,0,FALSE
"PRECINCT 72",2,0,0,0,0,0,FALSE
"PRECINCT 73",2,0.0573375,0.22935,0,0,0,FALSE
"PRECINCT 74",2,0,0,0,0,0,FALSE
"PRECINCT 75",2,0,0,0,0,0,FALSE
"PRECINCT 76",2,7.5e-05,0,0,0,3e-04,FALSE
"PRECINCT 77",2,0,0,0,0,0,FALSE
"PRECINCT 78",2,0,0,0,0,0,FALSE
"PRECINCT 79",2,0,0,0,0,0,FALSE
"PRECINCT 80",2,0.0049875,0.0196,0,0,0.00035,FALSE
"PRECINCT 81",2,0,0,0,0,0,FALSE
"PRECINCT 82",2,0,0,0,0,0,FALSE
"PRECINCT 83",2,0,0,0,0,0,FALSE
"PRECINCT 84",2,0,0,0,0,0,FALSE
"PRECINCT 85",2,0,0,0,0,0,FALSE
"PRECINCT 86",2,0,0,0,0,0,FALSE
"PRECINCT 87",2,0,0,0,0,0,FALSE
"PRECINCT 88",2,0,0,0,0,0,FALSE
"PRECINCT 89",2,0,0,0,0,0,FALSE
"PRECINCT 90",2,0,0,0,0,0,FALSE
"PRECINCT 91",2,0,0,0,0,0,FALSE
"PRECINCT 92",2,0.0038875,0.00115,0,0,0.0144,FALSE
"PRECINCT 93",2,0.0053,0.0212,0,0,0,FALSE
"PRECINCT 94",2,0,0,0,0,0,FALSE
"PRECINCT 95",2,0,0,0,0,0,FALSE
"PRECINCT 96",2,0.000725,0.0029,0,0,0,FALSE
"PRECINCT 97",2,0.0011,0.0044,0,0,0,FALSE
"PRECINCT 98",2,2.5e-05,0,0,0,1e-04,FALSE
"PRECINCT 99",2,0.001675,0,0,0,0.0067,FALSE
"PRECINCT 100",2,0,0,0,0,0,FALSE
"PRECINCT 101",2,0.0030125,0.01205,0,0,0,FALSE
"PRECINCT 102",2,0,0,0,0,0,FALSE
"PRECINCT 103",2,0,0,0,0,0,FALSE
"PRECINCT 104",2,0,0,0,0,0,FALSE
"PRECINCT 105",2,0,0,0,0,0,FALSE
"PRECINCT 106",2,0,0,0,0,0,FALSE
"PRECINCT 107",2,0,0,0,0,0,FALSE
"PRECINCT 108",2,0.154075,0.45665,0,0,0.15965,FALSE
"PRECINCT 109",2,0.09585,0.28585,0,0,0.09755,FALSE
"PRECINCT 110",2,0.01425,0,0,0,0.057,FALSE
"PRECINCT 111",2,0,0,0,0,0,FALSE
"PRECINCT 112",2,5e-05,0,0,0,2e-04,FALSE
"PRECINCT 113",2,0.0359,0.1436,0,0,0,FALSE
"PRECINCT 114",2,0,0,0,0,0,FALSE
"PRECINCT 115",2,0,0,0,0,0,FALSE
"PRECINCT 116",2,0,0,0,0,0,FALSE
"PRECINCT 117",2,0,0,0,0,0,FALSE
"PRECINCT 118",2,0,0,0,0,0,FALSE
"PRECINCT 119",2,0,0,0,0,0,FALSE
"PRECINCT 120",2,0,0,0,0,0,FALSE
"PRECINCT 121",2,0,0,0,0,0,FALSE
"PRECINCT 122",2,0,0,0,0,0,FALSE
"PRECINCT 123",2,0,0,0,0,0,FALSE
"PRECINCT 124",2,0.0042125,0.01685,0,0,0,FALSE
"PRECINCT 125",2,0,0,0,0,0,FALSE
"PRECINCT 126",2,0,0,0,0,0,FALSE
"PRECINCT 127",2,0,0,0,0,0,FALSE
"PRECINCT 128",2,0,0,0,0,0,FALSE
"PRECINCT 129",2,0,0,0,0,0,FALSE
"PRECINCT 130",2,0,0,0,0,0,FALSE
"PRECINCT 131",2,0,0,0,0,0,FALSE
"PRECINCT 132",2,0,0,0,0,0,FALSE
"PRECINCT 133",2,0.0018625,0.00745,0,0,0,FALSE
"PRECINCT 134",2,0,0,0,0,0,FALSE
"PRECINCT 135",2,0,0,0,0,0,FALSE
"PRECINCT 136",2,0,0,0,0,0,FALSE
"PRECINCT 137",2,0,0,0,0,0,FALSE
"PRECINCT 138",2,0,0,0,0,0,FALSE
"PRECINCT 139",2,0.034575,0,0,0,0.1383,FALSE
"PRECINCT 140",2,0,0,0,0,0,FALSE
"PRECINCT 141",2,0,0,0,0,0,FALSE
"PRECINCT 142",2,0.0077625,0.03105,0,0,0,FALSE
"PRECINCT 143",2,0,0,0,0,0,FALSE
"PRECINCT 1",3,0,0,0,0,0,FALSE
"PRECINCT 2",3,0,0,0,0,0,FALSE
"PRECINCT 3",3,0,0,0,0,0,FALSE
"PRECINCT 4",3,0,0,0,0,0,FALSE
"PRECINCT 5",3,0,0,0,0,0,FALSE
"PRECINCT 6",3,0,0,0,0,0,FALSE
"PRECINCT 7",3,0,0,0,0,0,FALSE
"PRECINCT 8",3,0,0,0,0,0,FALSE
"PRECINCT 9",3,0,0,0,0,0,FALSE
"PRECINCT 10",3,0,0,0,0,0,FALSE
"PRECINCT 11",3,0,0,0,0,0,FALSE
"PRECINCT 12",3,0,0,0,0,0,FALSE
"PRECINCT 13",3,0,0,0,0,0,FALSE
"PRECINCT 14",3,0,0,0,0,0,FALSE
"PRECINCT 15",3,0,0,0,0,0,FALSE
"PRECINCT 16",3,0,0,0,0,0,FALSE
"PRECINCT 17",3,0,0,0,0,0,FALSE
"PRECINCT 18",3,0,0,0,0,0,FALSE
"PRECINCT 19",3,0,0,0,0,0,FALSE
"PRECINCT 20",3,0,0,0,0,0,FALSE
"PRECINCT 21",3,0,0,0,0,0,FALSE
"PRECINCT 22",3,0,0,0,0,0,FALSE
"PRECINCT 23",3,0,0,0,0,0,FALSE
"PRECINCT 24",3,0,0,0,0,0,FALSE
"PRECINCT 25",3,0,0,0,0,0,FALSE
"PRECINCT 26",3,0,0,0,0,0,FALSE
"PRECINCT 27",3,0,0,0,0,0,FALSE
"PRECINCT 28",3,0,0,0,0,0,FALSE
"PRECINCT 29",3,0,0,0,0,0,FALSE
"PRECINCT 30",3,0,0,0,0,0,FALSE
"PRECINCT 31",3,0,0,0,0,0,FALSE
"PRECINCT 32",3,0,0,0,0,0,FALSE
"PRECINCT 33",3,0,0,0,0,0,FALSE
"PRECINCT 34",3,0,0,0,0,0,FALSE
"PRECINCT 35",3,0,0,0,0,0,FALSE
"PRECINCT 36",3,0,0,0,0,0,FALSE
"PRECINCT 37",3,0,0,0,0,0,FALSE
"PRECINCT 38",3,0,0,0,0,0,FALSE
"PRECINCT 39",3,0,0,0,0,0,FALSE
"PRECINCT 40",3,0,0,0,0,0,FALSE
"PRECINCT 41",3,0,0,0,0,0,FALSE
"PRECINCT 42",3,0,0,0,0,0,FALSE
"PRECINCT 43",3,0,0,0,0,0,FALSE
"PRECINCT 44",3,0,0,0,0,0,FALSE
"PRECINCT 45",3,0,0,0,0,0,FALSE
"PRECINCT 46",3,0,0,0,0,0,FALSE
"PRECINCT 47",3,0,0,0,0,0,FALSE
"PRECINCT 48",3,0,0,0,0,0,FALSE
"PRECINCT 49",3,0,0,0,0,0,FALSE
"PRECINCT 50",3,0,0,0,0,0,FALSE
"PRECINCT 51",3,0,0,0,0,0,FALSE
"PRECINCT 52",3,0,0,0,0,0,FALSE
"PRECINCT 53",3,0,0,0,0,0,FALSE
"PRECINCT 54",3,0,0,0,0,0,FALSE
"PRECINCT 55",3,0,0,0,0,0,FALSE
"PRECINCT 56",3,0,0,0,0,0,FALSE
"PRECINCT 57",3,0,0,0,0,0,FALSE
"PRECINCT 58",3,0,0,0,0,0,FALSE
"PRECINCT 59",3,0,0,0,0,0,FALSE
"PRECINCT 60",3,0,0,0,0,0,FALSE
"PRECINCT 61",3,0,0,0,0,0,FALSE
"PRECINCT 62",3,0,0,0,0,0,FALSE
"PRECINCT 63",3,0,0,0,0,0,FALSE
"PRECINCT 64",3,0,0,0,0,0,FALSE
"PRECINCT 65",3,0,0,0,0,0,FALSE
"PRECINCT 66",3,0,0,0,0,0,FALSE
"PRECINCT 67",3,0,0,0,0,0,FALSE
"PRECINCT 68",3,0,0,0,0,0,FALSE
"PRECINCT 69",3,0,0,0,0,0,FALSE
"PRECINCT 70",3,0,0,0,0,0,FALSE
"PRECINCT 71",3,0,0,0,0,0,FALSE
"PRECINCT 72",3,0,0,0,0,0,FALSE
"PRECINCT 73",3,0,0,0,0,0,FALSE
"PRECINCT 74",3,0,0,0,0,0,FALSE
"PRECINCT 75",3,0,0,0,0,0,FALSE
"PRECINCT 76",3,0,0,0,0,0,FALSE
"PRECINCT 77",3,0,0,0,0,0,FALSE
"PRECINCT 78",3,0,0,0,0,0,FALSE
"PRECINCT 79",3,0,0,0,0,0,FALSE
"PRECINCT 80",3,0,0,0,0,0,FALSE
"PRECINCT 81",3,0,0,0,0,0,FALSE
"PRECINCT 82",3,0,0,0,0,0,FALSE
"PRECINCT 83",3,0,0,0,0,0,FALSE
"PRECINCT 84",3,0,0,0,0,0,FALSE
"PRECINCT 85",3,0,0,0,0,0,FALSE
"PRECINCT 86",3,0,0,0,0,0,FALSE
"PRECINCT 87",3,0,0,0,0,0,FALSE
"PRECINCT 88",3,0,0,0,0,0,FALSE
"PRECINCT 89",3,0,0,0,0,0,FALSE
"PRECINCT 90",3,0,0,0,0,0,FALSE
"PRECINCT 91",3,0,0,0,0,0,FALSE
"PRECINCT 92",3,0,0,0,0,0,FALSE
"PRECINCT 93",3,0,0,0,0,0,FALSE
"PRECINCT 94",3,0,0,0,0,0,FALSE
"PRECINCT 95",3,0,0,0,0,0,FALSE
"PRECINCT 96",3,0,0,0,0,0,FALSE
"PRECINCT 97",3,0,0,0,0,0,FALSE
"PRECINCT 98",3,0,0,0,0,0,FALSE
"PRECINCT 99",3,0,0,0,0,0,FALSE
"PRECINCT 100",3,0,0,0,0,0,FALSE
"PRECINCT 101",3,0,0,0,0,0,FALSE
"PRECINCT 102",3,0,0,0,0,0,FALSE
"PRECINCT 103",3,0,0,0,0,0,FALSE
"PRECINCT 104",3,0,0,0,0,0,FALSE
"PRECINCT 105",3,0,0,0,0,0,FALSE
"PRECINCT 106",3,0,0,0,0,0,FALSE
"PRECINCT 107",3,0,0,0,0,0,FALSE
"PRECINCT 108",3,0,0,0,0,0,FALSE
"PRECINCT 109",3,0,0,0,0,0,FALSE
"PRECINCT 110",3,0,0,0,0,0,FALSE
"PRECINCT 111",3,0,0,0,0,0,FALSE
"PRECINCT 112",3,0,0,0,0,0,FALSE
"PRECINCT 113",3,0,0,0,0,0,FALSE
"PRECINCT 114",3,0,0,0,0,0,FALSE
"PRECINCT 115",3,0,0,0,0,0,FALSE
"PRECINCT 116",3,0,0,0,0,0,FALSE
"PRECINCT 117",3,0,0,0,0,0,FALSE
"PRECINCT 118",3,0,0,0,0,0,FALSE
"PRECINCT 119",3,0,0,0,0,0,FALSE
"PRECINCT 120",3,0,0,0,0,0,FALSE
"PRECINCT 121",3,0,0,0,0,0,FALSE
"PRECINCT 122",3,0,0,0,0,0,FALSE
"PRECINCT 123",3,0,0,0,0,0,FALSE
"PRECINCT 124",3,0,0,0,0,0,FALSE
"PRECINCT 125",3,0,0,0,0,0,FALSE
"PRECINCT 126",3,0,0,0,0,0,FALSE
"PRECINCT 127",3,0,0,0,0,0,FALSE
"PRECINCT 128",3,0,0,0,0,0,FALSE
"PRECINCT 129",3,0,0,0,0,0,FALSE
"PRECINCT 130",3,0,0,0,0,0,FALSE
"PRECINCT 131",3,0,0,0,0,0,FALSE
"PRECINCT 132",3,0,0,0,0,0,FALSE
"PRECINCT 133",3,0,0,0,0,0,FALSE
"PRECINCT 134",3,0,0,0,0,0,FALSE
"PRECINCT 135",3,0,0,0,0,0,FALSE
"PRECINCT 136",3,0,0,0,0,0,FALSE
"PRECINCT 137",3,0,0,0,0,0,FALSE
"PRECINCT 138",3,0,0,0,0,0,FALSE
"PRECINCT 139",3,0,0,0,0,0,FALSE
"PRECINCT 140",3,0,0,0,0,0,FALSE
"PRECINCT 141",3,0,0,0,0,0,FALSE
"PRECINCT 142",3,0,0,0,0,0,FALSE
"PRECINCT 143",3,0,0,0,0,0,FALSE
