"N.chi.m","N.chi.s","N.iota.m","N.iota.s","Z","a","chi.m","chi.s","iota.m","iota.s","mu.nu","mu.tau","p.a","p.w","w"
1,1,0,0,1,1,0.999,1,0,0,0.5,0.5,0.5,0,0
1,1,0,0,1,1,0.999,1,0,0,0.5,0.5,0.5,0,0
1,1,0,0,1,1,0.999,1,0,0,0.5,0.5,0.5,0,0
1,1,1,0,1,1,0.999,1,0.999,0,0.5,0.5,0.5,0,0
1,0,1,0,1,1,0.999,0,0.999,0,0.5,0.5,0.5,0,0
1,1,0,0,1,1,0.999,1,0,0,0.5,0.5,0.5,0,0
1,1,0,1,1,1,0.999,1,0,1,0.5,0.5,0.5,0,0
1,1,0,0,1,1,0.999,1,0,0,0.5,0.5,0.5,0,0
1,1,0,1,1,1,0.999,1,0,1,0.5,0.5,0.5,0,0
0,1,0,0,1,1,0,1,0,0,0.5,0.5,0.5,0,0
1,1,0,0,1,1,0.999,1,0,0,0.5,0.5,0.5,0,0
1,1,1,0,1,1,0.999,1,0.999,0,0.5,0.5,0.5,0,0
1,1,0,0,1,1,0.999,1,0,0,0.5,0.5,0.5,0,0
1,0,0,1,1,1,0.999,0,0,1,0.5,0.5,0.5,0,0
1,1,1,0,1,1,0.999,1,0.999,0,0.5,0.5,0.5,0,0
1,1,0,0,1,1,0.999,1,0,0,0.5,0.5,0.5,0,0
1,1,0,0,1,1,0.999,1,0,0,0.5,0.5,0.5,0,0
1,1,1,1,1,1,0.999,1,0.999,1,0.5,0.5,0.5,0,0
0,0,1,1,1,1,0,0,0.999,1,0.5,0.5,0.5,0,0
1,1,0,0,1,1,0.999,1,0,0,0.5,0.5,0.5,0,0
1,0,1,1,1,1,0.999,0,0.999,1,0.5,0.5,0.5,0,0
1,1,0,1,1,1,0.999,1,0,1,0.5,0.5,0.5,0,0
1,1,0,0,1,1,0.999,1,0,0,0.5,0.5,0.5,0,0
1,1,0,0,1,1,0.999,1,0,0,0.5,0.5,0.5,0,0
1,1,0,1,1,1,0.999,1,0,1,0.5,0.5,0.5,0,0
1,1,0,0,1,1,0.999,1,0,0,0.5,0.5,0.5,0,0
1,1,1,1,1,1,0.999,1,0.999,1,0.5,0.5,0.5,0,0
1,1,1,0,1,1,0.999,1,0.999,0,0.5,0.5,0.5,0,0
1,1,0,0,1,1,0.999,1,0,0,0.5,0.5,0.5,0,0
0,1,0,0,1,1,0,1,0,0,0.5,0.5,0.5,0,0
0,1,0,0,1,1,0,1,0,0,0.5,0.5,0.5,0,0
0,1,0,0,1,1,0,1,0,0,0.5,0.5,0.5,0,0
1,1,0,0,1,1,0.999,1,0,0,0.5,0.5,0.5,0,0
1,1,1,0,1,1,0.999,1,0.999,0,0.5,0.5,0.5,0,0
1,1,0,1,1,1,0.999,1,0,1,0.5,0.5,0.5,0,0
0,1,1,1,1,1,0,1,0.999,1,0.5,0.5,0.5,0,0
0,1,1,0,1,1,0,1,0.999,0,0.5,0.5,0.5,0,0
1,1,0,1,1,1,0.999,1,0,1,0.5,0.5,0.5,0,0
1,1,0,0,1,1,0.999,1,0,0,0.5,0.5,0.5,0,0
1,1,0,1,1,1,0.999,1,0,1,0.5,0.5,0.5,0,0
1,1,0,0,1,1,0.999,1,0,0,0.5,0.5,0.5,0,0
1,1,0,1,1,1,0.999,1,0,1,0.5,0.5,0.5,0,0
1,1,0,0,1,1,0.999,1,0,0,0.5,0.5,0.5,0,0
1,1,0,0,1,1,0.999,1,0,0,0.5,0.5,0.5,0,0
1,1,1,0,1,1,0.999,1,0.999,0,0.5,0.5,0.5,0,0
0,0,1,1,1,1,0,0,0.999,1,0.5,0.5,0.5,0,0
1,1,0,0,1,1,0.999,1,0,0,0.5,0.5,0.5,0,0
1,1,1,1,1,1,0.999,1,0.999,1,0.5,0.5,0.5,0,0
1,1,0,0,1,1,0.999,1,0,0,0.5,0.5,0.5,0,0
1,1,1,1,1,1,0.999,1,0.999,1,0.5,0.5,0.5,0,0
1,0,1,0,1,1,0.999,0,0.999,0,0.5,0.5,0.5,0,0
0,1,1,0,1,1,0,1,0.999,0,0.5,0.5,0.5,0,0
0,1,0,0,1,1,0,1,0,0,0.5,0.5,0.5,0,0
1,1,0,0,1,1,0.999,1,0,0,0.5,0.5,0.5,0,0
1,1,0,0,1,1,0.999,1,0,0,0.5,0.5,0.5,0,0
1,1,0,0,1,1,0.999,1,0,0,0.5,0.5,0.5,0,0
1,1,1,1,1,1,0.999,1,0.999,1,0.5,0.5,0.5,0,0
0,1,1,0,1,1,0,1,0.999,0,0.5,0.5,0.5,0,0
1,0,0,0,1,1,0.999,0,0,0,0.5,0.5,0.5,0,0
1,1,1,1,1,1,0.999,1,0.999,1,0.5,0.5,0.5,0,0
0,0,0,1,1,1,0,0,0,1,0.5,0.5,0.5,0,0
1,1,0,0,1,1,0.999,1,0,0,0.5,0.5,0.5,0,0
1,1,0,1,1,1,0.999,1,0,1,0.5,0.5,0.5,0,0
1,1,0,1,1,1,0.999,1,0,1,0.5,0.5,0.5,0,0
