"target","group","mandatory","mean","sd","q025","q50","q975","rhat","ess_bulk","ess_tail","mcse_mean","chain1","chain2","chain3","chain4","chain_mean_range","range_limit","sampled_constant","analytic_constant","diagnostic_pass","precision_label","ess_bulk_per_internal_generation_second","ess_tail_per_internal_generation_second","id","bulk_ESS_per_total_compute_second","tail_ESS_per_total_compute_second"
"pi[1]","global",TRUE,0.975905487517543,0.0190499341129106,0.926858211080851,0.981526272865214,0.997653677537211,1.443422307191,7.90905200645856,32.8852636101125,0.00726247283394676,0.951709321373404,0.986495032609145,0.985957960266734,0.979459635820891,0.0347857112357411,NA,FALSE,FALSE,FALSE,"inconclusive",0.0775914531889746,0.322619624947146,"A_JAGS_2k",0.0633140115631808,0.263255059995643
"pi[2]","global",TRUE,0.0172516302993655,0.0181925247512789,0.000373004706881548,0.0101473246102953,0.0658621459876211,1.57114868426811,6.8947196023378,29.2960298838351,0.00741336352101864,0.0420446208260989,0.00624824018595634,0.00682422147898248,0.0138894387064244,0.0357963806401426,NA,FALSE,FALSE,FALSE,"inconclusive",0.0676403838082035,0.287407584309492,"A_JAGS_2k",0.0551940177243532,0.234522313585212
"pi[3]","global",TRUE,0.00684288218309104,0.00664231383490946,0.000180116006071,0.00487783602834325,0.0243125483770761,1.0030245239667,1984.01217486318,1987.696574552,0.000177140000166818,0.00624605780049738,0.00725672720489912,0.00721781825428202,0.00665092547268565,0.00101066940440174,NA,FALSE,FALSE,TRUE,"diagnostics_met_only",19.4640758040966,19.5002214667818,"A_JAGS_2k",15.8825317722276,15.912026346838
"tau.alpha","global",TRUE,-0.899814442357492,0.029987101680966,-0.958743719588988,-0.89973890944023,-0.842456927718523,1.06442733943458,41.4046316761021,666.163631343205,0.00466379678812211,-0.915200280877048,-0.891260006762023,-0.892144479848492,-0.900653001942408,0.0239402741150251,NA,FALSE,FALSE,FALSE,"inconclusive",0.406198560570793,6.53537290883339,"A_JAGS_2k",0.331454809826671,5.33281255748374
"nu.alpha","global",TRUE,1.43764154116092,0.0981003118046302,1.24747393286835,1.43728574871675,1.63271413125137,1.00914535510327,2815.01933686773,6358.87208870627,0.0018417836329117,1.41723506874325,1.44821474827554,1.44662726324828,1.43848908437663,0.030979679532291,NA,FALSE,FALSE,TRUE,"diagnostics_met_only",27.6166398860782,62.3834722040799,"A_JAGS_2k",22.5349595247923,50.9044194707997
"iota.m.alpha","global",TRUE,-0.117669918673342,0.863023832241953,-1.12204726879819,-0.37124127123438,1.43403099910615,2.88150938317725,4.5969442364704,25.4765729900377,0.42887087002548,-1.03289516119784,-0.258767907140267,1.28672012898097,-0.465736735336235,2.31961529017881,NA,FALSE,FALSE,FALSE,"inconclusive",0.0450981461804968,0.249936948063784,"A_JAGS_2k",0.0367997302717837,0.203946571038383
"iota.s.alpha","global",TRUE,-0.0604231693499543,0.834608236149175,-1.27215547285503,-0.0870218738925332,1.18054202369973,3.11873978379331,4.49032517722073,13.6475615394494,0.41487471449398,-1.18662649704413,0.272513483427045,1.06579824100679,-0.393377904789521,2.25242473805093,NA,FALSE,FALSE,FALSE,"inconclusive",0.0440521639644148,0.133888882190572,"A_JAGS_2k",0.035946217063794,0.10925226795984
"chi.m.alpha","global",TRUE,-0.457632602605541,0.373284110883004,-1.11272053307491,-0.514580142116147,0.204711642656637,2.76720679747442,4.66182403750366,19.9847794161245,0.17919399111327,-0.74788843251287,-0.419826113995938,0.0772248794255526,-0.740040743338909,0.825113311938423,NA,FALSE,FALSE,FALSE,"inconclusive",0.0457346469950914,0.196059916573054,"A_JAGS_2k",0.0373191098977467,0.159983339849942
"chi.s.alpha","global",TRUE,-0.218869611613367,0.865999856828553,-1.96020268095818,-0.05198564942061,0.784306572758458,3.03117086492714,4.51901170659202,11.5097488689621,0.424159306206697,-1.45776953799933,0.667318495828844,0.435936271914251,-0.52096367619723,2.12508803382817,NA,FALSE,FALSE,FALSE,"inconclusive",0.0443335920671822,0.112915952487561,"A_JAGS_2k",0.0361758601677764,0.0921385233506736
"beta.tau1","global",TRUE,0.00138414492191564,0.00984474617626533,-0.0177146578430026,0.0014763447490035,0.0205269985991981,1.01962241307611,275.002903270413,667.321128421074,0.000595302257499923,0.00218953275868218,0.00076166505135157,-0.000319687692577446,0.00290506957020626,0.00322475726278371,NA,FALSE,FALSE,FALSE,"inconclusive",2.69790549847362,6.54672848978804,"A_JAGS_2k",2.20146952926253,5.34207862164828
"beta.nu1","global",TRUE,0.000239915145022593,0.00976342901165473,-0.0190576519840526,0.000317708713782291,0.01945648202521,1.00175248088175,2028.07950849506,3513.10335492561,0.000216849993195245,-7.48606960466268e-05,-8.6699978647786e-05,0.000641306802439281,0.000479914452345504,0.000728006781087067,NA,FALSE,FALSE,TRUE,"diagnostics_met_only",19.8963967006933,34.4651665318605,"A_JAGS_2k",16.2353022014585,28.1233030526001
"beta.iota.m1","global",TRUE,-0.000243185737990662,0.00965091826387817,-0.0191251496280275,-0.000297835334723151,0.0183721791058699,1.00432209454982,579.889703952721,1316.40659601841,0.000401167476200188,-0.000206180661302332,-0.000578900667029248,-0.000168238404159256,-1.94232194718133e-05,0.000559477447557435,NA,FALSE,FALSE,TRUE,"diagnostics_met_only",5.68898583322922,12.9145567242711,"A_JAGS_2k",4.6421674040644,10.5381760512
"beta.iota.s1","global",TRUE,-9.50961775426896e-05,0.0102815456254297,-0.020558462620827,-5.42747087296708e-05,0.0202799346829476,1.00537146592845,565.126949245962,950.48217326138,0.000432791372952469,-0.000512562046013718,-1.13490563824957e-05,-0.000208193321082871,0.000351719713308327,0.000864281759322045,NA,FALSE,FALSE,TRUE,"diagnostics_met_only",5.54415639098578,9.32466912511655,"A_JAGS_2k",4.52398772571043,7.6088561890004
"beta.chi.m1","global",TRUE,-0.000301786355533043,0.009846970701783,-0.0196948152408367,-0.000341636148251271,0.0193891806385373,1.0013640081113,1300.66074945633,2205.71985415134,0.000273103720976359,0.000263775231258149,-0.000230697055804863,-0.000948858551318139,-0.000291365046267318,0.00121263378257629,NA,FALSE,FALSE,TRUE,"diagnostics_met_only",12.76008269686,21.6391305394904,"A_JAGS_2k",10.4121264676988,17.6573592178727
"beta.chi.s1","global",TRUE,0.000492182736928773,0.0101460243537409,-0.0194915740608546,0.000452455699913721,0.0201820310974036,1.00449255896151,1323.51297187957,2292.70695107303,0.000278622780055749,-0.000114104518656682,0.00176546440174889,0.000556432317096351,-0.000239061252473465,0.00200452565422235,NA,FALSE,FALSE,TRUE,"diagnostics_met_only",12.9842735537375,22.492514137592,"A_JAGS_2k",10.5950644321436,18.3537134782632
"tb","global",TRUE,0.09742625996967,0.0126123157392043,0.0756479626773496,0.0965242582506873,0.124910966029163,1.04806067687259,58.0480614000159,308.262656325145,0.00157269201617752,0.0919143966562636,0.0999175545785111,0.100601132180508,0.0972719564633966,0.00868673552424441,NA,FALSE,FALSE,FALSE,"inconclusive",0.569478293372207,3.02419903784038,"A_JAGS_2k",0.464689779217485,2.46772247434068
"nb","global",TRUE,1.24179599300792,0.15872767981662,0.959121551856418,1.23077030365103,1.58301265066941,1.00398771618648,2097.99874506071,3435.46207775537,0.00348733981309514,1.26275471275163,1.23277972857799,1.2396423574893,1.23200717321274,0.0307475395388905,NA,FALSE,FALSE,TRUE,"diagnostics_met_only",20.5823367054577,33.7034697421356,"A_JAGS_2k",16.7950238152235,27.5017645020226
"imb","global",TRUE,0.115138291864689,0.0951628071784214,0.00238841782176213,0.0938707207601867,0.33169371059888,2.20589960378697,5.09322901439656,17.5980718198464,0.0416175014816759,0.0461726106565166,0.0886125424013489,0.0984437052814416,0.227324309119449,0.181151698462932,NA,FALSE,FALSE,FALSE,"inconclusive",0.0499669290742511,0.172645212689307,"A_JAGS_2k",0.0407726185702281,0.140877126839168
"isb","global",TRUE,0.119197835852836,0.118566900375131,0.00623187850493188,0.0511904346976645,0.381733410799104,2.09610757408965,5.27284558245418,57.3473407491949,0.0526254970323746,0.206434195049691,0.0167326594370596,0.223369797868687,0.0302546910559056,0.206637138431628,NA,FALSE,FALSE,FALSE,"inconclusive",0.0517290505675762,0.562603900141221,"A_JAGS_2k",0.0422104957592581,0.459080328760918
"cmb","global",TRUE,0.175041537425768,0.222501622770031,0.00371843398484172,0.090162027236345,0.794795493114705,1.88007596131099,5.69959497491768,11.7024932905221,0.105068031902093,0.461579315059604,0.0826965504124773,0.0319445988470717,0.123945685383921,0.429634716212532,NA,FALSE,FALSE,FALSE,"inconclusive",0.0559156592131782,0.114806864287192,"A_JAGS_2k",0.0456267352715221,0.0936814924101036
"csb","global",TRUE,0.178843686067888,0.242892337025674,0.000180945796266372,0.0875618874637612,0.975711891554334,2.36748794000581,4.94590469433187,10.9836367890089,0.102966266502385,0.478749280589963,0.0931741182598481,0.0377166020408694,0.105734743380872,0.441032678549093,NA,FALSE,FALSE,FALSE,"inconclusive",0.0485216094487685,0.10775454998439,"A_JAGS_2k",0.0395932491974516,0.0879268597674167
"M_total","global",TRUE,514.136566719402,761.368779102492,0,54.7380254938309,1996.92778086287,3.45062748935555,4.41177089703738,4.01606425702811,378.058407929216,1814.52985548691,0,0,242.016411390798,1814.52985548691,NA,FALSE,FALSE,FALSE,"inconclusive",0.0432815101934367,0.0393994452873299,"A_JAGS_2k",0.0353173696874202,0.0321496354557176
"S_total","global",TRUE,64.0084749998354,105.283213581263,0,0.613427383042019,309.169021983092,3.42694571704495,4.43405163663937,4.01606425702811,50.8991897030602,240.373793924463,0,0,15.6601060748919,240.373793924463,NA,FALSE,FALSE,FALSE,"inconclusive",0.0435000945398831,0.0393994452873299,"A_JAGS_2k",0.0354957327837362,0.0321496354557176
"pi[1]","global",TRUE,0.971392755963609,0.0191225605706846,0.926732974508855,0.975297600402073,0.996645415444658,1.34274645513629,9.26896283524162,81.9702694219007,0.0061695904584357,0.979732721662862,0.955008697325574,0.985166245858851,0.965663359007146,0.0301575485332775,NA,FALSE,FALSE,FALSE,"inconclusive",0.136995267964966,1.21152055782528,"D_JAGS_2k",0.103024412865576,0.911098580254936
"pi[2]","global",TRUE,0.0218714580962566,0.018196805662954,0.000622894592430634,0.0175482542304841,0.0665174284788988,1.44361095216326,7.8775531306883,52.8033532450134,0.00629629336089436,0.0133892112249065,0.0385289191968996,0.00768637570960277,0.0278813262536176,0.0308425434872968,NA,FALSE,FALSE,FALSE,"inconclusive",0.116430232942968,0.780433545352627,"D_JAGS_2k",0.087558910369219,0.586908650093785
"pi[3]","global",TRUE,0.00673578594013484,0.00670259070827852,0.000160312669722712,0.0047030507555661,0.024061149997677,1.00064229097094,2114.34651614039,2665.93568154521,0.000166733238508064,0.0068780671122303,0.00646238347752699,0.00714737843154524,0.00645531473923683,0.000692063692308407,NA,FALSE,FALSE,TRUE,"diagnostics_met_only",31.2500408835542,39.4025285851876,"D_JAGS_2k",23.5009366518904,29.6318437359907
"tau.alpha","global",TRUE,-0.898518631414944,0.0287347571834053,-0.955267335353329,-0.898262108394676,-0.842140367443476,1.03349726002261,88.8772248740195,2323.12055922643,0.00304582759790659,-0.893713544218656,-0.907793409686619,-0.893006183708841,-0.899561388045659,0.0147872259777775,NA,FALSE,FALSE,FALSE,"inconclusive",1.3136053573659,34.3357211786521,"D_JAGS_2k",0.98786930884581,25.8214576845925
"nu.alpha","global",TRUE,1.4352957108406,0.0920603909927284,1.25677173883275,1.43485990028768,1.61691642198193,1.00615679086578,3662.03108982079,6946.83129799456,0.00151799368506187,1.4399604132181,1.42099132997001,1.44622509446482,1.43400600570944,0.0252337644948091,NA,FALSE,FALSE,TRUE,"diagnostics_met_only",54.124818425055,102.674164530876,"D_JAGS_2k",40.7034324800416,77.2139481486486
"iota.m.alpha","global",TRUE,-0.866767800486575,1.05555665090666,-2.43108478765227,-1.16488383567277,1.52008937522972,2.22293601705227,5.11785008027163,13.9380806906254,0.49280849006124,-1.45719690857945,-1.1406452508211,0.711794050125922,-1.58102309267168,2.2928171427976,NA,FALSE,FALSE,FALSE,"inconclusive",0.0756418226735782,0.206004828487347,"D_JAGS_2k",0.0568848434313829,0.154921602896606
"iota.s.alpha","global",TRUE,-0.0645021142990125,0.851474925486575,-1.42798766348263,-0.0372827594948266,1.53467403751143,2.01364948173891,5.39548553424248,13.6070897407868,0.38001023888393,0.567859129433524,-0.628468331021726,0.640823828820602,-0.838223084428453,1.47904691324905,NA,FALSE,FALSE,FALSE,"inconclusive",0.0797452746011983,0.201112782346573,"D_JAGS_2k",0.0599707582359241,0.151242642383216
"chi.m.alpha","global",TRUE,-0.340223357549678,0.982867561769932,-1.6418871829624,-0.60754744586438,1.66678122154064,1.74904090660871,6.16427807134452,12.7936067825896,0.43726876460649,-0.455647981881638,-0.991254760538189,1.07759958993087,-0.99159027770975,2.06918986764062,NA,FALSE,FALSE,FALSE,"inconclusive",0.0911080280723115,0.189089504464884,"D_JAGS_2k",0.0685158782410697,0.142200788873374
"chi.s.alpha","global",TRUE,0.265143474340561,0.935433421341218,-1.52233352353537,0.486259153589557,1.51182552379975,2.11118278200715,5.22392913336387,14.0923951955501,0.437469775394925,0.296218071168773,0.77433754983763,-1.11506099264502,1.10507926900086,2.22014026164587,NA,FALSE,FALSE,FALSE,"inconclusive",0.0772096710469246,0.208285596824518,"D_JAGS_2k",0.0580639108584969,0.156636806803354
"beta.tau1","global",TRUE,-0.000486958258995282,0.00908200166798478,-0.0175892018196158,-0.000831853085215955,0.0182540248399977,1.01997058616793,359.490084719651,619.117839303092,0.000480754471260582,8.91805026567811e-05,-0.00246035903653594,0.00178431763361982,-0.00136097213572178,0.00424467667015576,NA,FALSE,FALSE,FALSE,"inconclusive",5.31326334589117,9.15056148188847,"D_JAGS_2k",3.99572806230513,6.88148750001353
"beta.nu1","global",TRUE,-5.11275586592362e-05,0.0098646801036713,-0.0189865710152931,-0.000279302103355843,0.0199249419742805,1.00414762498061,896.011167569415,1909.40253956408,0.000330191234972002,-0.000511658370327617,-8.79030745397376e-05,0.000301333367375412,9.37178428549964e-05,0.000812991737703029,NA,FALSE,FALSE,TRUE,"diagnostics_met_only",13.2430447918151,28.2209689703378,"D_JAGS_2k",9.95915358607994,21.2229867633838
"beta.iota.m1","global",TRUE,-0.000104045407991158,0.00989344600735361,-0.0191552008337664,-0.00011361300783177,0.0196634948684728,1.00116392463526,4182.93102373158,4199.66193800034,0.000153375615452469,-0.000305419486147434,-0.000584300561316176,0.000696383041365519,-0.000222844625866537,0.0012806836026817,NA,FALSE,FALSE,TRUE,"diagnostics_met_only",61.8237192942783,62.071002202225,"D_JAGS_2k",46.4932291171405,46.6791930324008
"beta.iota.s1","global",TRUE,6.93388387309438e-05,0.010035705357521,-0.0191987452906414,0.000251695916556432,0.0199167655267762,1.00056878154291,5187.00052461797,4819.31791418674,0.000139671546694021,-5.09613239655417e-05,-0.000269337233288174,-1.64540170520716e-05,0.000614107929229561,0.000883445162517735,NA,FALSE,FALSE,TRUE,"diagnostics_met_only",76.6638662205762,71.2295173470896,"D_JAGS_2k",57.6534498067465,53.5666619175412
"beta.chi.m1","global",TRUE,-3.10133444453723e-05,0.00998368101988498,-0.0192478653044018,-1.14457609069441e-05,0.01966703578528,1.00035487073957,5161.08433762583,4727.78976533946,0.000139035383849219,-0.000154523302730293,0.000150958134070514,-0.00013764847745489,1.71602683331788e-05,0.000305481436800807,NA,FALSE,FALSE,TRUE,"diagnostics_met_only",76.2808249844933,69.8767313341827,"D_JAGS_2k",57.3653916932294,52.5493276199203
"beta.chi.s1","global",TRUE,-0.000222310435968539,0.0100203495945455,-0.0199759036478211,-7.06247318714523e-05,0.0192063154173193,1.00099408688695,4620.40721342161,4107.49417494214,0.00014779397100004,-0.000176069317296757,-0.000421971120146966,-0.000146179832479958,-0.000145021473950476,0.00027694964619649,NA,FALSE,FALSE,TRUE,"diagnostics_met_only",68.289617248579,60.7087626914695,"D_JAGS_2k",51.3557718186951,45.6547494303506
"tb","global",TRUE,0.0991087143965251,0.0126892456526183,0.0774180921982976,0.0982125656239795,0.127241052638599,1.00845364393644,1546.57952928975,3572.18723240976,0.00031090272493848,0.101180822579929,0.0984876343804476,0.0991886789574303,0.0975777216682945,0.0036031009116341,NA,FALSE,FALSE,TRUE,"diagnostics_met_only",22.8584449857337,52.7969262390777,"D_JAGS_2k",17.1902132727498,39.7048190619193
"nb","global",TRUE,1.19158983037108,0.135836838652641,0.950221386801538,1.18115795844678,1.4876004771389,1.00162616252992,3977.0370141325,3747.51648965305,0.00219031554780252,1.19361811726106,1.18188986500067,1.19891027466062,1.19194106456198,0.0170204096599433,NA,FALSE,FALSE,TRUE,"diagnostics_met_only",58.7806058932663,55.3882926093062,"D_JAGS_2k",44.2047196227628,41.6536016934527
"imb","global",TRUE,0.198901277885575,0.155838378131993,0.0070107569808163,0.162596781525677,0.602452850022485,1.36309903080833,9.85080368436377,39.5292678671722,0.0476337694228411,0.254884677765218,0.101450614464045,0.2742601022664,0.165009717046638,0.172809487802355,NA,FALSE,FALSE,FALSE,"inconclusive",0.145594875542999,0.584242567391953,"D_JAGS_2k",0.109491567058287,0.439367347286957
"isb","global",TRUE,0.167584028857753,0.191595433865599,0.00777140454287214,0.120368218918261,0.741686122611276,1.19141226886677,17.3457517349262,74.0555487754995,0.038458512719261,0.11829256367552,0.195325037239268,0.223474432682338,0.133244081833887,0.105181869006818,NA,FALSE,FALSE,FALSE,"inconclusive",0.256370205514805,1.09454098901106,"D_JAGS_2k",0.192797826463206,0.823126553385839
"cmb","global",TRUE,0.202677037329651,0.18517701194272,0.0067505734882929,0.147448018577457,0.676378586077168,1.06041178375991,35.8236598069237,17.9461075025041,0.0282591737316471,0.223010986137933,0.183485502033669,0.198615943705471,0.20559571744153,0.0395254841042639,NA,FALSE,FALSE,FALSE,"inconclusive",0.529473681356859,0.265243463582141,"D_JAGS_2k",0.398179557293288,0.199470773756727
"csb","global",TRUE,0.134107516403557,0.142393525111661,0.00238616903053439,0.0909540788299385,0.539791987008098,1.10042657773157,27.5945053873311,45.4271342201632,0.0280257323510346,0.139643576083485,0.202979661090697,0.0759740250468494,0.117832803393197,0.127005636043848,NA,FALSE,FALSE,FALSE,"inconclusive",0.407846781467818,0.671413030345751,"D_JAGS_2k",0.306712602734441,0.504922062412826
"M_total","global",TRUE,598.355721521761,618.541399837469,0,294.84959139024,1790.66272086162,2.47192994285672,4.84288900094801,4.99167376973706,287.652604074889,168.230358162395,1269.1718712398,0,956.020656684862,1269.1718712398,NA,FALSE,FALSE,FALSE,"inconclusive",0.0715778980024537,0.073776936841175,"D_JAGS_2k",0.0538286542695819,0.0554823952242389
"S_total","global",TRUE,62.4871720915568,65.9818824271372,0,46.5130636638872,227.165490958625,1.93823711116769,5.58517532441094,4.99167376973706,25.901478163196,28.766078847779,118.90770519874,0,102.274904319707,118.90770519874,NA,FALSE,FALSE,FALSE,"inconclusive",0.0825488896438158,0.073776936841175,"D_JAGS_2k",0.062079158021971,0.0554823952242389
"pi[1]","global",TRUE,0.979945057024365,0.0157425682325188,0.938017956470337,0.984170453035951,0.997819259304165,1.18947553095906,14.1201297284195,33.3999250775305,0.00444066482077717,0.965298723959863,0.986143785718483,0.98596730162808,0.982370416791049,0.0208450617586193,NA,FALSE,FALSE,FALSE,"inconclusive",0.0369578854850533,0.0874206278530348,"A_JAGS_20k",0.0238298404200485,0.0563673917979093
"pi[2]","global",TRUE,0.0130498217907478,0.0142455855336193,0.000277950233177244,0.00811309274216137,0.0529837134833629,1.24438068213981,11.6660078528852,29.7307946200838,0.00438547311412759,0.0276121644199036,0.00696450512188795,0.00713927517896502,0.0104833424422345,0.0206476592980157,NA,FALSE,FALSE,FALSE,"inconclusive",0.0305344915795562,0.0778170827097413,"A_JAGS_20k",0.0196881410312938,0.0501751828761091
"pi[3]","global",TRUE,0.00700512118488717,0.006843109317202,0.000180963531834118,0.00492668139992436,0.0252152910431157,1.00022139216238,16996.6307764327,17420.2217717058,5.88730196865463e-05,0.00708911162023484,0.00689170915962836,0.00689342319296017,0.00714624076672535,0.000254531607096987,NA,FALSE,FALSE,TRUE,"diagnostics_met_only",44.4868103869358,45.59551319611,"A_JAGS_20k",28.6843681234515,29.3992415711374
"tau.alpha","global",TRUE,-0.894511568242663,0.0290207020270629,-0.951665045287233,-0.894456089165771,-0.837820123636143,1.01527770325005,186.74169891844,2027.76355124817,0.00212498085452458,-0.902046102126875,-0.891197994598226,-0.890680042787929,-0.894122133457625,0.0113660593389459,NA,FALSE,FALSE,FALSE,"inconclusive",0.488775843894781,5.30744791720717,"A_JAGS_20k",0.315154674254772,3.4221556575772
"nu.alpha","global",TRUE,1.44314152553915,0.0983253830216338,1.25121045363608,1.44233991647686,1.63773644726627,1.00312450815704,28095.6346268288,66323.7326567132,0.000591443329843355,1.43127262593556,1.44826721277204,1.44935900007424,1.44366726337477,0.0180863741386779,NA,FALSE,FALSE,TRUE,"diagnostics_met_only",73.5372313951441,173.59507055623,"A_JAGS_20k",47.4156047100468,111.931263782259
"iota.m.alpha","global",TRUE,-0.110058218236232,0.819401333595854,-1.47499043292663,-0.0226399293204872,1.24084145441434,3.09689211459153,4.48422296877321,11.437920772689,0.396860523318935,-1.24325387170405,0.242944736934972,0.856456640774147,-0.296380378949987,2.0997105124782,NA,FALSE,FALSE,FALSE,"inconclusive",0.0117369600815924,0.0299374987506911,"A_JAGS_20k",0.00756779999964934,0.0193032098141244
"iota.s.alpha","global",TRUE,0.122645029663581,0.84904845762184,-1.19804433869646,-0.018606562924374,2.00287331638064,2.81484982234914,4.61084921146349,11.0137177836854,0.406659088205544,-0.820171055693463,0.00518836928285287,1.37039737046032,-0.0648345653953787,2.19056842615378,NA,FALSE,FALSE,FALSE,"inconclusive",0.0120683903351921,0.028827194115284,"A_JAGS_20k",0.00778150080936828,0.0185873035350682
"chi.m.alpha","global",TRUE,-0.696076601605389,0.716199949342094,-2.50280496503082,-0.622438466293202,0.82753184905662,1.99379042322563,5.4843069960115,11.0627585590748,0.31312012265089,-1.46368035376328,-0.000725733577742775,-0.501803125464676,-0.818097193615853,1.46295462018554,NA,FALSE,FALSE,FALSE,"inconclusive",0.0143545699523936,0.0289555529473769,"A_JAGS_20k",0.00925559205497031,0.018670067211754
"chi.s.alpha","global",TRUE,-0.0492321883349815,0.734996449533052,-1.97366815544605,0.0909645858058382,0.911232337102349,2.04653457508757,5.4596697779898,15.6329289366782,0.315462221391367,-0.490492486233012,0.370590230132093,0.55109916287734,-0.628125660116346,1.17922482299369,NA,FALSE,FALSE,FALSE,"inconclusive",0.0142900847458247,0.0409174709121033,"A_JAGS_20k",0.00921401304789721,0.0263829163771216
"beta.tau1","global",TRUE,-9.87543206138145e-05,0.00999077048232483,-0.0198506023078699,-0.00018671588676686,0.019533796526751,1.00377459683028,2407.26227635484,5204.45285405342,0.000203692441257666,0.000168234677631452,-0.000215750436139919,-0.000841278938626682,0.000493777414679896,0.00133505635330658,NA,FALSE,FALSE,TRUE,"diagnostics_met_only",6.30074406207098,13.6220825369142,"A_JAGS_20k",4.06261677463777,8.78329614324592
"beta.nu1","global",TRUE,3.90527805804682e-05,0.0099733377764884,-0.0195229802238786,5.75026236891553e-05,0.0195096888491031,1.00005832176995,18165.6596722113,31500.4879143346,7.39914376253057e-05,8.80612449346501e-05,5.44115866578669e-05,1.13730198214937e-05,2.36527090786371e-06,8.56959740267864e-05,NA,FALSE,FALSE,TRUE,"diagnostics_met_only",47.5466148568582,82.4490601327923,"A_JAGS_20k",30.6572800278486,53.1618062007907
"beta.iota.m1","global",TRUE,4.22061977512596e-05,0.00986117850699698,-0.0190939256435054,-2.91391860054847e-05,0.0194689209133933,1.00049014110949,5629.05728357745,11502.7028667102,0.000131438321468198,-0.000214300834529262,-4.89023720243299e-05,0.000427432506531937,4.59549102669909e-06,0.0006417333410612,NA,FALSE,FALSE,TRUE,"diagnostics_met_only",14.7334378987003,30.1070587517934,"A_JAGS_20k",9.49987991349545,19.4125393310831
"beta.iota.s1","global",TRUE,-0.000156198882557671,0.00997582177890454,-0.0196658859437941,-0.000157142798843211,0.0194781880784146,1.00087883786099,5180.24435315335,10638.5311069542,0.000138630554951492,-0.000351409491203785,-0.000234248636913247,-0.00040800185283852,0.000368864450724866,0.000776866303563386,NA,FALSE,FALSE,TRUE,"diagnostics_met_only",13.558719450226,27.8451842824534,"A_JAGS_20k",8.74244066072891,17.9541196475124
"beta.chi.m1","global",TRUE,1.76660283631097e-05,0.00997391989952755,-0.0195344909854633,-2.2029175390101e-05,0.0197296885737316,1.00016791454669,15719.1451139795,27007.7883311418,7.95631717120198e-05,-0.000113960125419636,0.00020537535528298,-0.000157890938422245,0.000137139822011341,0.000363266293705225,NA,FALSE,FALSE,TRUE,"diagnostics_met_only",41.1431322671296,70.6899134459032,"A_JAGS_20k",26.5284191300164,45.5797006407246
"beta.chi.s1","global",TRUE,4.54468165564965e-05,0.00998558500866957,-0.0194771736018314,4.94033672773248e-05,0.0195496380338631,1.00025556306656,13033.7944138726,23397.9543455831,8.74655162158142e-05,-7.98955316847301e-06,7.12558429556531e-05,0.0001717910947773,-5.32701183384939e-05,0.000225061213115793,NA,FALSE,FALSE,TRUE,"diagnostics_met_only",34.1145223626461,61.2415702915329,"A_JAGS_20k",21.9964863584202,39.4875634243366
"tb","global",TRUE,0.0985975192971174,0.01253397033101,0.0766773532713198,0.0976483205058247,0.125880741294468,1.01878810045862,141.259426578776,565.596793038547,0.00100399023420191,0.0948929600712198,0.0999873975121784,0.10018928948855,0.0993204301165216,0.00529632941732966,NA,FALSE,FALSE,FALSE,"inconclusive",0.369731001881318,1.4803873554901,"A_JAGS_20k",0.238396506118827,0.954529567322071
"nb","global",TRUE,1.24722618442666,0.162113189566948,0.965278012591215,1.23512778481525,1.59954217613508,1.0070370060704,2190.90723665381,27463.5655714002,0.00320933805393722,1.27748208099567,1.23600901442208,1.24149895028927,1.23391469199961,0.0435673889960639,NA,FALSE,FALSE,TRUE,"diagnostics_met_only",5.734458557959,71.8828602088683,"A_JAGS_20k",3.69748513850472,46.3488932127013
"imb","global",TRUE,0.122682321742294,0.145721745029426,0.00240027100191495,0.0738010250147594,0.580873263891508,1.34073693160888,9.91633233610908,12.5224178354619,0.0534985066615805,0.0981994593946529,0.0493121890121762,0.0747117786670183,0.268505859895329,0.219193670883153,NA,FALSE,FALSE,FALSE,"inconclusive",0.0259549084858637,0.0327760504514002,"A_JAGS_20k",0.0167353007137064,0.0211334615496927
"isb","global",TRUE,0.165369235129358,0.136130173391923,0.00934813833694403,0.128983573652113,0.511684094700947,1.05940422900679,47.3799759252735,126.349400887145,0.0192601412697774,0.165751868594828,0.149437659943523,0.186144475237122,0.160142936741961,0.0367068152935994,NA,FALSE,FALSE,FALSE,"inconclusive",0.124011872285174,0.330705650649492,"A_JAGS_20k",0.0799608280604222,0.213233597581572
"cmb","global",TRUE,0.249231678567652,0.273335155349511,0.00304038212868112,0.133799076609774,0.974418763916564,1.34446331528204,9.48519568111004,75.2441820087877,0.0949186480871964,0.397676945427956,0.098695313402546,0.099228346492784,0.401326108947325,0.302630795544779,NA,FALSE,FALSE,FALSE,"inconclusive",0.0248264557428415,0.196943364939506,"A_JAGS_20k",0.0160076928315223,0.126985862332243
"csb","global",TRUE,0.165887746231065,0.174578725385752,0.00389846435492212,0.107279907722363,0.63907300553515,1.117336165541,37.0888913603395,84.883666576359,0.0274209379269328,0.222801979081486,0.118865805827495,0.169583858002905,0.152299342012374,0.103936173253991,NA,FALSE,FALSE,FALSE,"inconclusive",0.0970760910860585,0.222173654861433,"A_JAGS_20k",0.0625930766552762,0.14325394084107
"M_total","global",TRUE,257.886568986279,456.173063431531,0,0,1730.65505314333,2.23672429098257,5.08286842105605,5.26116309831772,190.432259479439,896.180407591303,0,0,135.365868353381,896.180407591303,NA,FALSE,FALSE,FALSE,"inconclusive",0.0133038486652778,0.0137705153596757,"A_JAGS_20k",0.00857810414489919,0.00887900320097077
"S_total","global",TRUE,69.5064409693999,120.002476463077,0,0,369.68779835464,2.52390232015756,4.79249397800638,5.26116309831772,56.3318426429532,260.845868458809,0,0,17.1798954186303,260.845868458809,NA,FALSE,FALSE,FALSE,"inconclusive",0.0125438255195686,0.0137705153596757,"A_JAGS_20k",0.00808805364444188,0.00887900320097077
"pi[1]","global",TRUE,0.974767052902232,0.0183092469011505,0.929305472657755,0.979083584829295,0.997329241344179,1.17631476599495,15.2378116647484,116.512648414505,0.00462863268863599,0.976892583932612,0.967381914372242,0.984624077441796,0.970169635862282,0.0172421630695543,NA,FALSE,FALSE,FALSE,"inconclusive",0.0590825827323352,0.45176225699382,"D_JAGS_20k",0.0328214165316434,0.250961899841839
"pi[2]","global",TRUE,0.0181768138468471,0.0169649681431566,0.000416198960214641,0.0131388202896642,0.0612092456484173,1.21756530431887,12.9403821641924,103.861155754917,0.004638088047149,0.0160161352257136,0.0256078714332189,0.00841243115041885,0.022670817578037,0.0171954402828,NA,FALSE,FALSE,FALSE,"inconclusive",0.0501746062115118,0.402707781312322,"D_JAGS_20k",0.0278728784968626,0.223711273606052
"pi[3]","global",TRUE,0.00705613325092057,0.00703717876717486,0.000180701288489622,0.00489306502153408,0.0260158650448568,1.00005972328533,17651.9708041984,17819.0418237974,6.09623080612697e-05,0.00709128084167258,0.00701021419454055,0.00696349140778786,0.00715954655968132,0.00019605515189346,NA,FALSE,FALSE,TRUE,"diagnostics_met_only",68.4431628618007,69.0909584609857,"D_JAGS_20k",38.0213838519424,38.3812457300958
"tau.alpha","global",TRUE,-0.896452923257642,0.028913108206951,-0.952968494287649,-0.896365821133437,-0.840055204921068,1.01175254579655,273.819191313807,14979.653406968,0.00174667041794031,-0.895992046073107,-0.900909818895135,-0.891755775641443,-0.897154052420887,0.00915404325369251,NA,FALSE,FALSE,FALSE,"inconclusive",1.06169739989146,58.0816085137974,"D_JAGS_20k",0.58979162692103,32.2653577027175
"nu.alpha","global",TRUE,1.43490394238744,0.0931899263926597,1.25190368631731,1.4353836880643,1.61778903138383,1.00388459766806,2407.55052035794,65653.1521796017,0.00190523362135441,1.43791322962342,1.42707913225903,1.44333072029744,1.43129268736989,0.0162515880384095,NA,FALSE,FALSE,TRUE,"diagnostics_met_only",9.33495609021059,254.561342575431,"D_JAGS_20k",5.18573271465536,141.413314569777
"iota.m.alpha","global",TRUE,-0.880087061550997,0.930397066025121,-2.39782566203098,-1.05821175729364,1.35789013322705,1.31660428279963,10.397988622671,28.0918959541857,0.306709058437418,-1.30074571194998,-1.07830267019325,0.0673868811513674,-1.20868674521213,1.36813259310135,NA,FALSE,FALSE,FALSE,"inconclusive",0.0403168142883715,0.108922580442507,"D_JAGS_20k",0.0223967012576677,0.060508414105743
"iota.s.alpha","global",TRUE,0.0621162698700781,0.917307077623569,-1.53680864873108,0.0985266531250932,2.13429339731103,1.13223674239783,21.5641837333922,80.1523607607313,0.20617818061268,-0.284319780776937,0.380156154374659,0.0869646509098379,0.0656640549727477,0.664475935151596,NA,FALSE,FALSE,FALSE,"inconclusive",0.0836122467920305,0.310780090345478,"D_JAGS_20k",0.0464480774569437,0.172643820280866
"chi.m.alpha","global",TRUE,-0.126761116404833,0.980809705691799,-1.73668544253275,-0.280704722663179,1.98939353700055,1.12253516263992,39.8850067779969,104.476927818079,0.171037725373639,-0.516829522341558,-0.21703397038099,0.423100849285967,-0.196281822182749,0.939930371627525,NA,FALSE,FALSE,FALSE,"inconclusive",0.154648795023,0.40509535537259,"D_JAGS_20k",0.0859101326115302,0.22503761309746
"chi.s.alpha","global",TRUE,0.30124426313158,1.06075716459101,-1.63750853503225,0.360408470544621,2.22930082399639,1.18595309164171,24.5291161104536,44.7702660936198,0.212685996314532,-0.114496715304996,0.580359799216755,-0.0487667328601379,0.787880701474702,0.902377416779697,NA,FALSE,FALSE,FALSE,"inconclusive",0.0951083767034382,0.173590736558604,"D_JAGS_20k",0.0528343803380074,0.0964327151444334
"beta.tau1","global",TRUE,-0.000243621179493083,0.00992752961857216,-0.0196279481274195,-0.000315351819849498,0.0196664063462789,1.00280969158477,2707.94556833618,5897.15362154276,0.000190789379916734,0.000590902354622114,-0.000442374670516278,-0.000480586952309046,-0.000642425449769108,0.00123332780439122,NA,FALSE,FALSE,TRUE,"diagnostics_met_only",10.4996978303659,22.8654267683419,"D_JAGS_20k",5.83276728960983,12.7021477638758
"beta.nu1","global",TRUE,0.00033566050337722,0.00996080533797834,-0.0189973882979869,0.000258989928313186,0.0201366419884301,1.00056670719897,9428.93587579572,18983.0989279373,0.000102586563520491,0.000215950361213233,0.000226416221999505,0.000627021401863304,0.000273254028432841,0.000411071040650071,NA,FALSE,FALSE,TRUE,"diagnostics_met_only",36.5594414878065,73.6044346525579,"D_JAGS_20k",20.3094144118861,40.8885613422176
"beta.iota.m1","global",TRUE,-7.94474329998115e-05,0.00990340858293679,-0.019542589062367,-6.54054701118978e-05,0.0194093110111615,1.00012441284673,49725.2494047935,47784.0157393466,4.44185987272184e-05,-0.000161412171572097,-8.88851445469464e-05,0.0001326678906605,-0.0002001603065407,0.000332828197201199,NA,FALSE,FALSE,TRUE,"diagnostics_met_only",192.803023589098,185.276148919365,"D_JAGS_20k",107.105479366845,102.924167763796
"beta.iota.s1","global",TRUE,5.66489163010979e-05,0.010087147299902,-0.0197425250480184,9.37512035318021e-05,0.0198802013856086,1.00001870073309,49886.4265914238,46282.5126689746,4.51800559681746e-05,-3.74292329183358e-05,7.80168720605313e-05,3.61476128735726e-05,0.000149860413188619,0.000187289646106955,NA,FALSE,FALSE,TRUE,"diagnostics_met_only",193.427966636903,179.454270992934,"D_JAGS_20k",107.45264624974,99.6900119164559
"beta.chi.m1","global",TRUE,5.30730445020006e-06,0.0100099611826718,-0.0195805359195619,-1.20393075025713e-05,0.0196411099467821,0.999984176154357,48779.661449111,44075.0101966255,4.53314728583517e-05,-5.3448021526483e-05,1.61670830205952e-05,7.64136974042362e-05,-1.79035410975477e-05,0.000129861718930719,NA,FALSE,FALSE,TRUE,"diagnostics_met_only",189.136632387299,170.894974532004,"D_JAGS_20k",105.068734403488,94.9351718033432
"beta.chi.s1","global",TRUE,-7.49789445510048e-05,0.00999183559515998,-0.0197652066924775,-3.55570356857527e-05,0.0193822063299879,1.00001019161562,48796.5947417533,45192.0296594319,4.52178259140586e-05,-0.00012735664535248,-8.91850896726376e-05,-3.39297431432262e-05,-4.94443000356751e-05,9.34269022092535e-05,NA,FALSE,FALSE,TRUE,"diagnostics_met_only",189.202288971425,175.226068541885,"D_JAGS_20k",105.105207793716,97.3411708975265
"tb","global",TRUE,0.0987702979944584,0.012347346578747,0.0773175169594772,0.0978286082706987,0.125787679399206,1.00521119184813,1659.38757000536,19340.7630800464,0.000282650776112684,0.0996098377094762,0.0971646388983554,0.0996663933321628,0.0986403220378383,0.00250175443380739,NA,FALSE,FALSE,TRUE,"diagnostics_met_only",6.43405401949293,74.9912297070124,"D_JAGS_20k",3.57423046175159,41.6589504488087
"nb","global",TRUE,1.20156975383277,0.13685214336333,0.96030031677658,1.19249679544712,1.49629238655886,1.00060298114198,35990.0064951658,37712.595698075,0.000725523724396395,1.19872416021866,1.19826499388131,1.20248230128441,1.20680755994673,0.00854256606541948,NA,FALSE,FALSE,TRUE,"diagnostics_met_only",139.546450833695,146.225560756687,"D_JAGS_20k",77.5205141094577,81.2308774467597
"imb","global",TRUE,0.209755082084393,0.1877575666217,0.00592969437082577,0.156606475410801,0.670831413109437,1.07409723019991,61.2768579603793,266.986434442734,0.0237492906308791,0.256343183903222,0.192469074865028,0.195608316410384,0.19459975315894,0.0638741090381941,NA,FALSE,FALSE,FALSE,"inconclusive",0.237592845329438,1.03520429628794,"D_JAGS_20k",0.131987015138185,0.57507424070712
"isb","global",TRUE,0.187190592195577,0.186239836447495,0.00426926050852836,0.133040200567967,0.707132801404587,1.0229254335684,178.213269076738,198.990070516481,0.0121441658399145,0.177846568635441,0.194038087855899,0.192287300875754,0.184590411415214,0.0161915192204583,NA,FALSE,FALSE,FALSE,"inconclusive",0.690998185689949,0.771557462637621,"D_JAGS_20k",0.383861676763285,0.428613775637603
"cmb","global",TRUE,0.200120811920854,0.2057261447668,0.00400051941620485,0.137205999641414,0.736533250257575,1.01149957598602,186.679300013938,250.251237491816,0.0128437248784499,0.215704039739508,0.20270080905521,0.203775781334104,0.178302617554595,0.037401422184913,NA,FALSE,FALSE,FALSE,"inconclusive",0.72382409168397,0.970315801788305,"D_JAGS_20k",0.402097046373637,0.539027537811068
"csb","global",TRUE,0.177501732575868,0.168556349366796,0.00715752192249641,0.124768051766564,0.612629192408646,1.00819528047404,194.487958440425,441.754916089421,0.0113035519850175,0.188586408681092,0.186080897338248,0.163034186919616,0.172305437364519,0.0255522217614758,NA,FALSE,FALSE,FALSE,"inconclusive",0.75410112342986,1.71284577808831,"D_JAGS_20k",0.418916471393961,0.951516032936312
"M_total","global",TRUE,382.697891146164,449.500764455281,0,190.768345382417,1412.98448223759,1.51763934751628,7.35928613792273,11.1846436147469,171.88727218576,247.893270752055,780.840377329869,36.6960572333801,465.361859269223,744.144320096489,NA,FALSE,FALSE,FALSE,"inconclusive",0.0285346506218239,0.0433669641178676,"D_JAGS_20k",0.0158515015818907,0.0240911132723109
"S_total","global",TRUE,106.463178203242,151.219492371318,0,28.7730087508764,527.394397563286,1.42109502458394,8.53228234142949,11.1846436147469,51.1464349703882,54.4760945559009,199.27121041802,5.0083226303708,167.097085208643,194.262887787649,NA,FALSE,FALSE,FALSE,"inconclusive",0.0330827869791417,0.0433669641178676,"D_JAGS_20k",0.0183780715272587,0.0240911132723109
