"Z","r_im","r_is","r_cm","r_cs","indicator_Z1","indicator_Z2","indicator_Z3","M_candidate","S_candidate","margin_lower","margin_upper","weight","posterior","observed_margin_compatible","leader_capacity_necessary","physical_counterfactual_validated","prior","m","s","M_independent","S_independent","probability","margin_lower_algebraic","margin_upper_algebraic","Dobs_compatible_with_observed_W"
1,0,0,0,0,1,0,0,0,0,1,1,0.00135803571428571,0.00630396553003254,FALSE,TRUE,FALSE,0.00543214285714286,0,0,0,0,0.00630396553003253,1,1,FALSE
1,0,0,0,1,1,0,0,0,0,1,1,0.00769553571428572,0.035722471336851,FALSE,TRUE,FALSE,0.0307821428571429,0,0,0,0,0.035722471336851,1,1,FALSE
1,0,0,1,0,1,0,0,0,0,1,1,0.00769553571428572,0.035722471336851,FALSE,TRUE,FALSE,0.0307821428571429,0,0,0,0,0.035722471336851,1,1,FALSE
1,0,0,1,1,1,0,0,0,0,1,1,0.0436080357142857,0.202427337575489,FALSE,TRUE,FALSE,0.174432142857143,0,0,0,0,0.202427337575489,1,1,FALSE
1,0,1,0,0,1,0,0,0,0,1,1,0.00073125,0.00339444297770983,FALSE,TRUE,FALSE,0.002925,0,0,0,0,0.00339444297770983,1,1,FALSE
1,0,1,0,1,1,0,0,0,0,1,1,0.00414375,0.019235176873689,FALSE,TRUE,FALSE,0.016575,0,0,0,0,0.019235176873689,1,1,FALSE
1,0,1,1,0,1,0,0,0,0,1,1,0.00414375,0.019235176873689,FALSE,TRUE,FALSE,0.016575,0,0,0,0,0.019235176873689,1,1,FALSE
1,0,1,1,1,1,0,0,0,0,1,1,0.02348125,0.108999335617571,FALSE,TRUE,FALSE,0.093925,0,0,0,0,0.108999335617571,1,1,FALSE
1,1,0,0,0,1,0,0,0,0,1,1,0.00073125,0.00339444297770983,FALSE,TRUE,FALSE,0.002925,0,0,0,0,0.00339444297770983,1,1,FALSE
1,1,0,0,1,1,0,0,0,0,1,1,0.00414375,0.019235176873689,FALSE,TRUE,FALSE,0.016575,0,0,0,0,0.019235176873689,1,1,FALSE
1,1,0,1,0,1,0,0,0,0,1,1,0.00414375,0.019235176873689,FALSE,TRUE,FALSE,0.016575,0,0,0,0,0.019235176873689,1,1,FALSE
1,1,0,1,1,1,0,0,0,0,1,1,0.02348125,0.108999335617571,FALSE,TRUE,FALSE,0.093925,0,0,0,0,0.108999335617571,1,1,FALSE
1,1,1,0,0,1,0,0,0,0,1,1,0.00039375,0.0018277769879976,FALSE,TRUE,FALSE,0.001575,0,0,0,0,0.0018277769879976,1,1,FALSE
1,1,1,0,1,1,0,0,0,0,1,1,0.00223125,0.0103574029319864,FALSE,TRUE,FALSE,0.008925,0,0,0,0,0.0103574029319864,1,1,FALSE
1,1,1,1,0,1,0,0,0,0,1,1,0.00223125,0.0103574029319864,FALSE,TRUE,FALSE,0.008925,0,0,0,0,0.0103574029319864,1,1,FALSE
1,1,1,1,1,1,0,0,0,0,1,1,0.01264375,0.0586919499479229,FALSE,TRUE,FALSE,0.050575,0,0,0,0,0.0586919499479229,1,1,FALSE
2,0,0,0,0,0,1,0,0,0,1,1,0.000679017857142857,0.00315198276501627,FALSE,TRUE,FALSE,0.00271607142857143,0,0,0,0,0.00315198276501627,1,1,FALSE
2,0,0,0,1,0,1,0,0,0,1,1,0.00384776785714286,0.0178612356684255,FALSE,TRUE,FALSE,0.0153910714285714,0,0,0,0,0.0178612356684255,1,1,FALSE
2,0,0,1,0,0,1,0,0,0,1,1,0.00384776785714286,0.0178612356684255,FALSE,TRUE,FALSE,0.0153910714285714,0,0,0,0,0.0178612356684255,1,1,FALSE
2,0,0,1,1,0,1,0,0,0,1,1,0.0218040178571429,0.101213668787745,FALSE,TRUE,FALSE,0.0872160714285714,0,0,0,0,0.101213668787745,1,1,FALSE
2,0,1,0,0,0,1,0,0,0.25,0.5,0.75,0,0,FALSE,FALSE,FALSE,0.0014625,0,1,0,0.25,0,0.5,0.75,FALSE
2,0,1,0,1,0,1,0,0,0.25,0.5,0.75,0,0,FALSE,FALSE,FALSE,0.0082875,0,1,0,0.25,0,0.5,0.75,FALSE
2,0,1,1,0,0,1,0,0,0.25,0.5,0.75,0,0,FALSE,FALSE,FALSE,0.0082875,0,1,0,0.25,0,0.5,0.75,FALSE
2,0,1,1,1,0,1,0,0,0.25,0.5,0.75,0,0,FALSE,FALSE,FALSE,0.0469625,0,1,0,0.25,0,0.5,0.75,FALSE
2,1,0,0,0,0,1,0,0.4995,0,0.5005,0.5005,0.000730884375,0.00339274575622097,FALSE,FALSE,FALSE,0.0014625,0.999,0,0.4995,0,0.00339274575622097,0.5005,0.5005,FALSE
2,1,0,0,1,0,1,0,0.4995,0,0.5005,0.5005,0.004141678125,0.0192255592852522,FALSE,FALSE,FALSE,0.0082875,0.999,0,0.4995,0,0.0192255592852522,0.5005,0.5005,FALSE
2,1,0,1,0,0,1,0,0.4995,0,0.5005,0.5005,0.004141678125,0.0192255592852522,FALSE,FALSE,FALSE,0.0082875,0.999,0,0.4995,0,0.0192255592852522,0.5005,0.5005,FALSE
2,1,0,1,1,0,1,0,0.4995,0,0.5005,0.5005,0.023469509375,0.108944835949762,FALSE,FALSE,FALSE,0.0469625,0.999,0,0.4995,0,0.108944835949762,0.5005,0.5005,FALSE
2,1,1,0,0,0,1,0,0.4995,0.25,0.000499999999999945,0.2505,0,0,FALSE,FALSE,FALSE,0.0007875,0.999,1,0.4995,0.25,0,0.000499999999999945,0.2505,FALSE
2,1,1,0,1,0,1,0,0.4995,0.25,0.000499999999999945,0.2505,0,0,FALSE,FALSE,FALSE,0.0044625,0.999,1,0.4995,0.25,0,0.000499999999999945,0.2505,FALSE
2,1,1,1,0,0,1,0,0.4995,0.25,0.000499999999999945,0.2505,0,0,FALSE,FALSE,FALSE,0.0044625,0.999,1,0.4995,0.25,0,0.000499999999999945,0.2505,FALSE
2,1,1,1,1,0,1,0,0.4995,0.25,0.000499999999999945,0.2505,0,0,FALSE,FALSE,FALSE,0.0252875,0.999,1,0.4995,0.25,0,0.000499999999999945,0.2505,FALSE
3,0,0,0,0,0,0,1,0,0,1,1,0.000339508928571429,0.00157599138250813,FALSE,TRUE,FALSE,0.00135803571428571,0,0,0,0,0.00157599138250813,1,1,FALSE
3,0,0,0,1,0,0,1,0,0.25,0.5,0.75,0,0,FALSE,FALSE,FALSE,0.00769553571428572,0,1,0,0.25,0,0.5,0.75,FALSE
3,0,0,1,0,0,0,1,0.4995,0,0.5005,0.5005,0.00384584397321429,0.0178523050505913,FALSE,FALSE,FALSE,0.00769553571428572,0.999,0,0.4995,0,0.0178523050505913,0.5005,0.5005,FALSE
3,0,0,1,1,0,0,1,0.4995,0.25,0.000499999999999945,0.2505,0,0,FALSE,FALSE,FALSE,0.0436080357142857,0.999,1,0.4995,0.25,0,0.000499999999999945,0.2505,FALSE
3,0,1,0,0,0,0,1,0,0,1,1,0.0001828125,0.000848610744427456,FALSE,TRUE,FALSE,0.00073125,0,0,0,0,0.000848610744427457,1,1,FALSE
3,0,1,0,1,0,0,1,0,0.25,0.5,0.75,0,0,FALSE,FALSE,FALSE,0.00414375,0,1,0,0.25,0,0.5,0.75,FALSE
3,0,1,1,0,0,0,1,0.4995,0,0.5005,0.5005,0.0020708390625,0.00961277964262608,FALSE,FALSE,FALSE,0.00414375,0.999,0,0.4995,0,0.00961277964262608,0.5005,0.5005,FALSE
3,0,1,1,1,0,0,1,0.4995,0.25,0.000499999999999945,0.2505,0,0,FALSE,FALSE,FALSE,0.02348125,0.999,1,0.4995,0.25,0,0.000499999999999945,0.2505,FALSE
3,1,0,0,0,0,0,1,0,0,1,1,0.0001828125,0.000848610744427456,FALSE,TRUE,FALSE,0.00073125,0,0,0,0,0.000848610744427457,1,1,FALSE
3,1,0,0,1,0,0,1,0,0.25,0.5,0.75,0,0,FALSE,FALSE,FALSE,0.00414375,0,1,0,0.25,0,0.5,0.75,FALSE
3,1,0,1,0,0,0,1,0.4995,0,0.5005,0.5005,0.0020708390625,0.00961277964262608,FALSE,FALSE,FALSE,0.00414375,0.999,0,0.4995,0,0.00961277964262608,0.5005,0.5005,FALSE
3,1,0,1,1,0,0,1,0.4995,0.25,0.000499999999999945,0.2505,0,0,FALSE,FALSE,FALSE,0.02348125,0.999,1,0.4995,0.25,0,0.000499999999999945,0.2505,FALSE
3,1,1,0,0,0,0,1,0,0,1,1,9.84375e-05,0.0004569442469994,FALSE,TRUE,FALSE,0.00039375,0,0,0,0,0.0004569442469994,1,1,FALSE
3,1,1,0,1,0,0,1,0,0.25,0.5,0.75,0,0,FALSE,FALSE,FALSE,0.00223125,0,1,0,0.25,0,0.5,0.75,FALSE
3,1,1,1,0,0,0,1,0.4995,0,0.5005,0.5005,0.0011150671875,0.0051761121152602,FALSE,FALSE,FALSE,0.00223125,0.999,0,0.4995,0,0.0051761121152602,0.5005,0.5005,FALSE
3,1,1,1,1,0,0,1,0.4995,0.25,0.000499999999999945,0.2505,0,0,FALSE,FALSE,FALSE,0.01264375,0.999,1,0.4995,0.25,0,0.000499999999999945,0.2505,FALSE
