"cfg","N","A","W","reduced","brute","error"
1,1,0,0,0.2531668902678,0.2531668902678,0
1,1,0,1,0.4000408187322,0.4000408187322,5.55111512312578e-17
1,1,1,0,0.34678344762,0.34678344762,5.55111512312578e-17
1,1,1,1,8.46371449370054e-18,0,8.46371449370054e-18
1,2,0,0,0.095103298412103,0.0951032984121029,1.38777878078145e-17
1,2,0,1,0.108841229435363,0.108841229435363,0
1,2,0,2,0.245408354347361,0.245408354347361,2.77555756156289e-17
1,2,1,0,0.235487834020689,0.235487834020689,8.32667268468867e-17
1,2,1,1,0.137625819596365,0.137625819596365,2.77555756156289e-17
1,2,1,2,0.0346429281566488,0.0346429281566487,1.38777878078145e-17
1,2,2,0,0.141524424251188,0.141524424251188,5.55111512312578e-17
1,2,2,1,0.000945366263765118,0.000945366263765118,2.16840434497101e-19
1,2,2,2,0.000409949018127441,0.000409949018127441,5.42101086242752e-20
1,3,0,0,0.0350248057831922,0.0350248057831922,0
1,3,0,1,0.0569097432403856,0.0569097432403856,6.93889390390723e-18
1,3,0,2,0.048443338722428,0.048443338722428,2.08166817117217e-17
1,3,0,3,0.183080479425292,0.183080479425292,8.32667268468867e-17
1,3,1,0,0.125121172435039,0.125121172435039,2.77555756156289e-17
1,3,1,1,0.133303584543008,0.133303584543008,8.32667268468867e-17
1,3,1,2,0.0817154437107922,0.0817154437107922,2.77555756156289e-17
1,3,1,3,0.0314035163453008,0.0314035163453008,6.93889390390723e-18
1,3,2,0,0.14978658113213,0.14978658113213,1.11022302462516e-16
1,3,2,1,0.0753225749898314,0.0753225749898314,0
1,3,2,2,0.0187443215821026,0.0187443215821026,0
1,3,2,3,0.00236694160155865,0.00236694160155865,1.30104260698261e-18
1,3,3,0,0.0580116425817247,0.0580116425817247,2.77555756156289e-17
1,3,3,1,0.0005438507786189,0.0005438507786189,6.50521303491303e-19
1,3,3,2,0.000142379816969442,0.000142379816969442,8.13151629364128e-20
1,3,3,3,2.54781107818508e-05,2.54781107818508e-05,6.7762635780344e-21
1,4,0,0,0.0131861383901826,0.0131861383901826,1.21430643318376e-17
1,4,0,1,0.0266203666872322,0.0266203666872323,3.12250225675825e-17
1,4,0,2,0.0274530919342443,0.0274530919342443,6.93889390390723e-18
1,4,0,3,0.0274880440814221,0.0274880440814221,1.04083408558608e-17
1,4,0,4,0.149253516430124,0.149253516430124,1.38777878078145e-16
1,4,1,0,0.0618834328223643,0.0618834328223643,6.93889390390723e-18
1,4,1,1,0.0898584525576781,0.0898584525576781,1.38777878078145e-17
1,4,1,2,0.0735650951267432,0.0735650951267432,2.77555756156289e-17
1,4,1,3,0.0556923251895382,0.0556923251895382,1.38777878078145e-17
1,4,1,4,0.0273014541714653,0.0273014541714653,1.04083408558608e-17
1,4,2,0,0.108837204703793,0.108837204703793,9.71445146547012e-17
1,4,2,1,0.103504923992568,0.103504923992568,5.55111512312578e-17
1,4,2,2,0.0534100827676084,0.0534100827676084,4.16333634234434e-17
1,4,2,3,0.0193997896637437,0.0193997896637437,2.42861286636753e-17
1,4,2,4,0.00363307519984743,0.00363307519984744,3.90312782094782e-18
1,4,3,0,0.0841073222339516,0.0841073222339516,5.55111512312578e-17
1,4,3,1,0.0391639282362723,0.0391639282362723,6.93889390390723e-18
1,4,3,2,0.00956349773855553,0.00956349773855554,1.04083408558608e-17
1,4,3,3,0.0014992746188509,0.0014992746188509,2.16840434497101e-19
1,4,3,4,0.000125215001318566,0.000125215001318566,0
1,4,4,0,0.0240602937695946,0.0240602937695946,6.93889390390723e-18
1,4,4,1,0.000277028819492158,0.000277028819492158,1.62630325872826e-19
1,4,4,2,6.31994182724607e-05,6.31994182724607e-05,4.06575814682064e-20
1,4,4,3,1.03802864443886e-05,1.03802864443886e-05,5.0821976835258e-21
1,4,4,4,1.32900109970385e-06,1.32900109970385e-06,8.470329472543e-22
2,1,0,0,0.0748029385147,0.0748029385147,2.77555756156289e-17
2,1,0,1,0.8481789864853,0.8481789864853,1.11022302462516e-16
2,1,1,0,0.07696555877,0.07696555877,0
2,1,1,1,0,0,0
2,2,0,0,0.00699238811974472,0.00699238811974472,8.67361737988404e-19
2,2,0,1,0.121519113147899,0.121519113147899,2.77555756156289e-17
2,2,0,2,0.729517713832543,0.729517713832542,2.22044604925031e-16
2,2,1,0,0.0386752316742496,0.0386752316742496,2.08166817117217e-17
2,2,1,1,0.0642640343634485,0.0642640343634485,5.55111512312578e-17
2,2,1,2,0.0268842691258296,0.0268842691258296,2.42861286636753e-17
2,2,2,0,0.0118384342516156,0.0118384342516156,1.73472347597681e-18
2,2,2,1,0.000190997242345025,0.000190997242345025,2.71050543121376e-20
2,2,2,2,1.15414719324878e-05,1.15414719324878e-05,1.6940658945086e-21
2,3,0,0,0.000649132513481384,0.000649132513481384,2.16840434497101e-19
2,3,0,1,0.0165861524046019,0.0165861524046019,6.93889390390723e-18
2,3,0,2,0.149989224593745,0.149989224593745,1.11022302462516e-16
2,3,0,3,0.634983493214327,0.634983493214327,1.11022302462516e-16
2,3,1,0,0.0103278151183088,0.0103278151183088,3.46944695195361e-18
2,3,1,1,0.0469670697086759,0.0469670697086759,1.38777878078145e-17
2,3,1,2,0.0718952668205026,0.0718952668205026,4.16333634234434e-17
2,3,1,3,0.0371302607384074,0.0371302607384074,6.93889390390723e-18
2,3,2,0,0.00989494788988891,0.0098949478898889,1.73472347597681e-18
2,3,2,1,0.0129303022585218,0.0129303022585218,0
2,3,2,2,0.00573046410544125,0.00573046410544126,2.60208521396521e-18
2,3,2,3,0.000870689210852627,0.000870689210852628,5.42101086242752e-19
2,3,3,0,0.00185918544216623,0.00185918544216623,6.50521303491303e-19
2,3,3,1,2.37077517846148e-05,2.37077517846149e-05,1.35525271560688e-20
2,3,3,2,3.57627379426915e-06,3.57627379426915e-06,4.2351647362715e-21
2,3,3,3,2.73689451281643e-07,2.73689451281644e-07,7.94093388050907e-22
2,4,0,0,6.16191971788544e-05,6.16191971788545e-05,8.13151629364128e-20
2,4,0,1,0.002059637666244,0.002059637666244,3.03576608295941e-18
2,4,0,2,0.0266526348427,0.0266526348427,0
2,4,0,3,0.166253662723609,0.166253662723609,1.11022302462516e-16
2,4,0,4,0.559036746626571,0.55903674662657,4.44089209850063e-16
2,4,1,0,0.00204993704126467,0.00204993704126467,2.16840434497101e-18
2,4,1,1,0.0170567870310597,0.0170567870310597,3.46944695195361e-18
2,4,1,2,0.0537584576847903,0.0537584576847903,5.55111512312578e-17
2,4,1,3,0.0763084219409651,0.0763084219409652,8.32667268468867e-17
2,4,1,4,0.0413239566092629,0.0413239566092628,8.32667268468867e-17
2,4,2,0,0.00439774849764299,0.00439774849764299,6.93889390390723e-18
2,4,2,1,0.0144048623009729,0.0144048623009729,2.08166817117217e-17
2,4,2,2,0.0178434474226696,0.0178434474226696,6.93889390390723e-18
2,4,2,3,0.00995755161174935,0.00995755161174935,0
2,4,2,4,0.00213024480823917,0.00213024480823917,8.67361737988404e-19
2,4,3,0,0.00221466798802769,0.00221466798802769,1.73472347597681e-18
2,4,3,1,0.00258216391227971,0.00258216391227971,2.60208521396521e-18
2,4,3,2,0.0011421592818316,0.0011421592818316,2.38524477946811e-18
2,4,3,3,0.000230076092530483,0.000230076092530483,1.35525271560688e-19
2,4,3,4,1.83576372771836e-05,1.83576372771836e-05,0
2,4,4,0,0.000303859901783749,0.000303859901783749,1.62630325872826e-19
2,4,4,1,2.45917545803612e-06,2.45917545803611e-06,2.11758236813575e-21
2,4,4,2,4.2347329572778e-07,4.2347329572778e-07,0
2,4,4,3,6.02957640552926e-08,6.02957640552926e-08,0
2,4,4,4,5.29386377792919e-09,5.2938637779292e-09,8.27180612553028e-25
3,1,0,0,0.03764262075,0.03764262075,6.93889390390723e-18
3,1,0,1,0.14807152925,0.14807152925,2.77555756156289e-17
3,1,1,0,0.8142841875,0.8142841875,2.22044604925031e-16
3,1,1,1,0,0,0
3,2,0,0,0.00244781662447144,0.00244781662447144,0
3,2,0,1,0.00147036038929947,0.00147036038929947,1.0842021724855e-18
3,2,0,2,0.122003624485304,0.122003624485304,0
3,2,1,0,0.0804728415196626,0.0804728415196626,4.16333634234434e-17
3,2,1,1,0.0269121387687762,0.0269121387687762,1.04083408558608e-17
3,2,1,2,0.0122760208696626,0.0122760208696626,6.93889390390723e-18
3,2,2,0,0.753944490031016,0.753944490031016,4.44089209850063e-16
3,2,2,1,0.0002846069797655,0.0002846069797655,1.62630325872826e-19
3,2,2,2,0.00018427967261725,0.00018427967261725,5.42101086242752e-20
3,3,0,0,0.000212873597105443,0.000212873597105443,1.0842021724855e-19
3,3,0,1,0.000691863431899462,0.000691863431899462,3.25260651745651e-19
3,3,0,2,0.0013698853069519,0.0013698853069519,8.67361737988404e-19
3,3,0,3,0.0991121195150809,0.0991121195150809,4.16333634234434e-17
3,3,1,0,0.00686697768903941,0.00686697768903941,2.60208521396521e-18
3,3,1,1,0.0114623941101015,0.0114623941101015,1.04083408558608e-17
3,3,1,2,0.0219330491010479,0.0219330491010478,1.38777878078145e-17
3,3,1,3,0.0144741302747053,0.0144741302747053,6.93889390390723e-18
3,3,2,0,0.109697991017715,0.109697991017715,9.71445146547012e-17
3,3,2,1,0.0225726563163014,0.0225726563163014,1.04083408558608e-17
3,3,2,2,0.00974773556604335,0.00974773556604335,1.73472347597681e-18
3,3,2,3,0.00168194050745936,0.00168194050745936,0
3,3,3,0,0.699702971322041,0.69970297132204,3.33066907387547e-16
3,3,3,1,0.000309151816291608,0.000309151816291605,3.25260651745651e-18
3,3,3,2,0.000122378244389984,0.000122378244389984,8.13151629364128e-20
3,3,3,3,3.45206675621997e-05,3.45206675621997e-05,1.35525271560688e-20
3,4,0,0,2.03129997326994e-05,2.03129997326994e-05,3.3881317890172e-21
3,4,0,1,0.000158721503373347,0.000158721503373347,8.13151629364128e-20
3,4,0,2,0.000683680463216513,0.000683680463216513,2.16840434497101e-19
3,4,0,3,0.00137362582103393,0.00137362582103394,8.67361737988404e-19
3,4,0,4,0.0804584594453423,0.0804584594453423,4.16333634234434e-17
3,4,1,0,0.00054550402574057,0.00054550402574057,3.25260651745651e-19
3,4,1,1,0.00248735710192071,0.0024873571019207,2.16840434497101e-18
3,4,1,2,0.0107347500074581,0.0107347500074581,1.73472347597681e-18
3,4,1,3,0.0211831369422952,0.0211831369422952,3.46944695195361e-18
3,4,1,4,0.0157883260232233,0.0157883260232233,6.93889390390723e-18
3,4,2,0,0.0119445630622925,0.0119445630622925,1.73472347597681e-18
3,4,2,1,0.0107540980507071,0.0107540980507071,1.04083408558608e-17
3,4,2,2,0.0151485591653445,0.0151485591653445,1.04083408558608e-17
3,4,2,3,0.0101120245046736,0.0101120245046736,8.67361737988404e-18
3,4,2,4,0.00264485863353156,0.00264485863353156,8.67361737988404e-19
3,4,3,0,0.132724734653692,0.132724734653692,5.55111512312578e-17
3,4,3,1,0.017789384579101,0.017789384579101,6.93889390390723e-18
3,4,3,2,0.00682878305688826,0.00682878305688826,3.46944695195361e-18
3,4,3,3,0.00147735370986312,0.00147735370986312,1.0842021724855e-18
3,4,3,4,0.00015703666065978,0.00015703666065978,8.13151629364128e-20
3,4,4,0,0.656513603512913,0.656513603512913,0
3,4,4,1,0.000338046939216615,0.000338046939216614,7.58941520739853e-19
3,4,4,2,9.8589995825311e-05,9.8589995825311e-05,5.42101086242752e-20
3,4,4,3,2.0310870081248e-05,2.0310870081248e-05,0
3,4,4,4,4.33373895022916e-06,4.33373895022916e-06,8.470329472543e-22
