"N","grid","t","v","m","s","total","observed","sequential","conditional_joint","joint_functional","marginal_A","marginal_W","covariance_error"
1,1,0,0,0,0,1,0,0,0,0,0,0,0
1,2,0.37,0,0,0,1,0,0,0,0,0,0,0
1,3,1,0,0,0,1,0,0,0,0,0,0,0
1,4,0,0.61,0,0,1,0,0,0,0,0,0,0
1,5,0.37,0.61,0,0,1,2.77555756156289e-17,2.77555756156289e-17,0,0,0,0,0
1,6,1,0.61,0,0,1,0,0,0,0,0,0,0
1,7,0,1,0,0,1,0,0,0,0,0,0,0
1,8,0.37,1,0,0,1,0,0,0,0,0,0,0
1,9,1,1,0,0,1,0,0,0,0,0,0,0
1,10,0,0,0.23,0,1,0,2.77555756156289e-17,0,0,2.77555756156289e-17,0,0
1,11,0.37,0,0.23,0,1,2.77555756156289e-17,5.55111512312578e-17,0,0,1.11022302462516e-16,0,0
1,12,1,0,0.23,0,1,0,0,0,0,0,0,0
1,13,0,0.61,0.23,0,1,0,2.77555756156289e-17,0,0,2.77555756156289e-17,0,0
1,14,0.37,0.61,0.23,0,1,0,5.55111512312578e-17,0,1.11022302462516e-16,1.11022302462516e-16,1.11022302462516e-16,0
1,15,1,0.61,0.23,0,1,0,0,0,0,0,0,0
1,16,0,1,0.23,0,1,0,2.77555756156289e-17,0,0,2.77555756156289e-17,0,0
1,17,0.37,1,0.23,0,1,0,1.11022302462516e-16,0,1.11022302462516e-16,1.11022302462516e-16,5.55111512312578e-17,0
1,18,1,1,0.23,0,1,0,0,0,0,0,0,0
1,19,0,0,1,0,1,0,0,0,0,0,0,0
1,20,0.37,0,1,0,1,0,0,0,0,0,0,0
1,21,1,0,1,0,1,0,0,0,0,0,0,0
1,22,0,0.61,1,0,1,0,0,0,0,0,0,0
1,23,0.37,0.61,1,0,1,0,2.77555756156289e-17,0,5.55111512312578e-17,0,2.77555756156289e-17,0
1,24,1,0.61,1,0,1,0,0,0,0,0,0,0
1,25,0,1,1,0,1,0,0,0,0,0,0,0
1,26,0.37,1,1,0,1,0,0,0,0,0,0,0
1,27,1,1,1,0,1,0,0,0,0,0,0,0
1,28,0,0,0,0.41,1,0,0,0,0,0,0,0
1,29,0.37,0,0,0.41,1,2.77555756156289e-17,5.55111512312578e-17,0,0,0,0,0
1,30,1,0,0,0.41,1,0,0,0,0,0,0,0
1,31,0,0.61,0,0.41,1,0,0,0,0,0,0,0
1,32,0.37,0.61,0,0.41,1,5.55111512312578e-17,5.55111512312578e-17,0,0,0,0,0
1,33,1,0.61,0,0.41,1,0,5.55111512312578e-17,0,0,0,5.55111512312578e-17,0
1,34,0,1,0,0.41,1,0,0,0,0,0,0,0
1,35,0.37,1,0,0.41,1,0,0,0,0,0,0,0
1,36,1,1,0,0.41,1,0,0,0,0,0,0,0
1,37,0,0,0.23,0.41,1,0,2.77555756156289e-17,0,0,2.77555756156289e-17,0,0
1,38,0.37,0,0.23,0.41,1,5.55111512312578e-17,5.55111512312578e-17,0,0,1.11022302462516e-16,0,0
1,39,1,0,0.23,0.41,1,0,0,0,0,0,0,0
1,40,0,0.61,0.23,0.41,1,0,2.77555756156289e-17,0,0,2.77555756156289e-17,0,0
1,41,0.37,0.61,0.23,0.41,1,1.38777878078145e-17,1.11022302462516e-16,0,0,1.11022302462516e-16,1.11022302462516e-16,0
1,42,1,0.61,0.23,0.41,1,0,5.55111512312578e-17,0,0,0,5.55111512312578e-17,0
1,43,0,1,0.23,0.41,1,0,2.77555756156289e-17,0,0,2.77555756156289e-17,0,0
1,44,0.37,1,0.23,0.41,1,0,1.11022302462516e-16,0,1.11022302462516e-16,1.11022302462516e-16,5.55111512312578e-17,0
1,45,1,1,0.23,0.41,1,0,0,0,0,0,0,0
1,46,0,0,1,0.41,1,0,0,0,0,0,0,0
1,47,0.37,0,1,0.41,1,2.77555756156289e-17,1.11022302462516e-16,2.77555756156289e-17,0,0,8.32667268468867e-17,0
1,48,1,0,1,0.41,1,0,0,0,0,0,0,0
1,49,0,0.61,1,0.41,1,0,0,0,0,0,0,0
1,50,0.37,0.61,1,0.41,1,1.38777878078145e-17,1.38777878078145e-17,0,0,0,0,0
1,51,1,0.61,1,0.41,1,0,5.55111512312578e-17,0,0,0,5.55111512312578e-17,0
1,52,0,1,1,0.41,1,0,0,0,0,0,0,0
1,53,0.37,1,1,0.41,1,0,0,0,0,0,0,0
1,54,1,1,1,0.41,1,0,0,0,0,0,0,0
1,55,0,0,0,1,1,0,0,0,0,0,0,0
1,56,0.37,0,0,1,1,0,0,0,0,0,0,0
1,57,1,0,0,1,1,0,0,0,0,0,0,0
1,58,0,0.61,0,1,1,0,0,0,0,0,0,0
1,59,0.37,0.61,0,1,1,0,0,0,0,0,0,0
1,60,1,0.61,0,1,1,0,0,0,0,0,0,0
1,61,0,1,0,1,1,0,0,0,0,0,0,0
1,62,0.37,1,0,1,1,0,0,0,0,0,0,0
1,63,1,1,0,1,1,0,0,0,0,0,0,0
1,64,0,0,0.23,1,1,0,2.77555756156289e-17,0,0,2.77555756156289e-17,0,0
1,65,0.37,0,0.23,1,1,0,1.11022302462516e-16,0,0,1.11022302462516e-16,5.55111512312578e-17,0
1,66,1,0,0.23,1,1,0,0,0,0,0,0,0
1,67,0,0.61,0.23,1,1,0,2.77555756156289e-17,0,0,2.77555756156289e-17,0,0
1,68,0.37,0.61,0.23,1,1,0,1.11022302462516e-16,0,5.55111512312578e-17,1.11022302462516e-16,5.55111512312578e-17,0
1,69,1,0.61,0.23,1,1,0,0,0,0,0,0,0
1,70,0,1,0.23,1,1,0,2.77555756156289e-17,0,0,2.77555756156289e-17,0,0
1,71,0.37,1,0.23,1,1,0,1.11022302462516e-16,0,1.11022302462516e-16,1.11022302462516e-16,5.55111512312578e-17,0
1,72,1,1,0.23,1,1,0,0,0,0,0,0,0
1,73,0,0,1,1,1,0,0,0,0,0,0,0
1,74,0.37,0,1,1,1,0,0,0,0,0,0,0
1,75,1,0,1,1,1,0,0,0,0,0,0,0
1,76,0,0.61,1,1,1,0,0,0,0,0,0,0
1,77,0.37,0.61,1,1,1,0,0,2.77555756156289e-17,2.77555756156289e-17,0,0,0
1,78,1,0.61,1,1,1,0,0,0,0,0,0,0
1,79,0,1,1,1,1,0,0,0,0,0,0,0
1,80,0.37,1,1,1,1,0,0,0,0,0,0,0
1,81,1,1,1,1,1,0,0,0,0,0,0,0
1,82,0.6,0.4,0.2,0.3,1,0,1.11022302462516e-16,5.55111512312578e-17,1.11022302462516e-16,0,0,0
1,83,0.5,0.5,0.999,0,1,1.0842021724855e-19,5.55111512312578e-17,0,5.55111512312578e-17,0,5.55111512312578e-17,0
1,84,0.6,0.5,0.25,0.333333333333333,1,0,2.77555756156289e-17,0,0,0,0,0
2,1,0,0,0,0,1,0,0,0,0,0,0,0
2,2,0.37,0,0,0,1,0,5.55111512312578e-17,0,0,5.55111512312578e-17,0,0
2,3,1,0,0,0,1,0,0,0,0,0,0,0
2,4,0,0.61,0,0,1,0,0,0,0,0,0,0
2,5,0.37,0.61,0,0,1,5.55111512312578e-17,5.55111512312578e-17,0,0,0,5.55111512312578e-17,1.11022302462516e-16
2,6,1,0.61,0,0,1,2.77555756156289e-17,5.55111512312578e-17,0,0,0,5.55111512312578e-17,0
2,7,0,1,0,0,1,0,0,0,0,0,0,0
2,8,0.37,1,0,0,1,0,5.55111512312578e-17,0,0,5.55111512312578e-17,5.55111512312578e-17,1.11022302462516e-16
2,9,1,1,0,0,1,0,0,0,0,0,0,0
2,10,0,0,0.23,0,1,5.55111512312578e-17,5.55111512312578e-17,0,0,1.11022302462516e-16,5.55111512312578e-17,0
2,11,0.37,0,0.23,0,1,5.55111512312578e-17,5.55111512312578e-17,0,0,5.55111512312578e-17,1.11022302462516e-16,0
2,12,1,0,0.23,0,1,0,0,0,0,0,0,0
2,13,0,0.61,0.23,0,1,5.55111512312578e-17,5.55111512312578e-17,0,0,1.11022302462516e-16,5.55111512312578e-17,0
2,14,0.37,0.61,0.23,0,1,5.55111512312578e-17,1.11022302462516e-16,1.11022302462516e-16,1.11022302462516e-16,5.55111512312578e-17,1.11022302462516e-16,1.11022302462516e-16
2,15,1,0.61,0.23,0,1,2.77555756156289e-17,5.55111512312578e-17,0,0,0,5.55111512312578e-17,0
2,16,0,1,0.23,0,1,5.55111512312578e-17,5.55111512312578e-17,0,0,1.11022302462516e-16,5.55111512312578e-17,0
2,17,0.37,1,0.23,0,1,5.55111512312578e-17,1.11022302462516e-16,2.22044604925031e-16,1.11022302462516e-16,5.55111512312578e-17,1.66533453693773e-16,2.77555756156289e-16
2,18,1,1,0.23,0,1,0,0,0,0,0,0,0
2,19,0,0,1,0,1,0,0,0,0,0,0,0
2,20,0.37,0,1,0,1,0,5.55111512312578e-17,0,0,0,5.55111512312578e-17,0
2,21,1,0,1,0,1,0,0,0,0,0,0,0
2,22,0,0.61,1,0,1,0,0,0,0,0,0,0
2,23,0.37,0.61,1,0,1,1.11022302462516e-16,5.55111512312578e-17,1.11022302462516e-16,1.11022302462516e-16,0,1.11022302462516e-16,0
2,24,1,0.61,1,0,1,2.77555756156289e-17,5.55111512312578e-17,0,0,0,5.55111512312578e-17,0
2,25,0,1,1,0,1,0,0,0,0,0,0,0
2,26,0.37,1,1,0,1,0,0,0,5.55111512312578e-17,0,0,0
2,27,1,1,1,0,1,0,0,0,0,0,0,0
2,28,0,0,0,0.41,1,0,0,0,0,0,0,0
2,29,0.37,0,0,0.41,1,1.38777878078145e-17,5.55111512312578e-17,0,0,1.11022302462516e-16,1.11022302462516e-16,0
2,30,1,0,0,0.41,1,1.11022302462516e-16,1.66533453693773e-16,0,0,0,1.66533453693773e-16,0
2,31,0,0.61,0,0.41,1,0,0,0,0,0,0,0
2,32,0.37,0.61,0,0.41,1,5.55111512312578e-17,2.77555756156289e-17,1.11022302462516e-16,1.11022302462516e-16,5.55111512312578e-17,1.11022302462516e-16,2.22044604925031e-16
2,33,1,0.61,0,0.41,1,1.11022302462516e-16,5.55111512312578e-17,1.11022302462516e-16,5.55111512312578e-17,0,1.11022302462516e-16,0
2,34,0,1,0,0.41,1,0,0,0,0,0,0,0
2,35,0.37,1,0,0.41,1,0,5.55111512312578e-17,0,0,5.55111512312578e-17,5.55111512312578e-17,1.11022302462516e-16
2,36,1,1,0,0.41,1,0,0,0,0,0,0,0
2,37,0,0,0.23,0.41,1,5.55111512312578e-17,5.55111512312578e-17,0,0,1.11022302462516e-16,5.55111512312578e-17,0
2,38,0.37,0,0.23,0.41,1,8.32667268468867e-17,1.11022302462516e-16,1.66533453693773e-16,0,1.11022302462516e-16,1.66533453693773e-16,1.66533453693773e-16
2,39,1,0,0.23,0.41,1,1.11022302462516e-16,1.66533453693773e-16,0,0,0,1.66533453693773e-16,0
2,40,0,0.61,0.23,0.41,1,5.55111512312578e-17,5.55111512312578e-17,0,0,1.11022302462516e-16,5.55111512312578e-17,0
2,41,0.37,0.61,0.23,0.41,1,5.55111512312578e-17,5.55111512312578e-17,1.11022302462516e-16,1.11022302462516e-16,1.66533453693773e-16,1.11022302462516e-16,1.66533453693773e-16
2,42,1,0.61,0.23,0.41,1,1.11022302462516e-16,5.55111512312578e-17,1.11022302462516e-16,5.55111512312578e-17,0,1.11022302462516e-16,0
2,43,0,1,0.23,0.41,1,5.55111512312578e-17,5.55111512312578e-17,0,0,1.11022302462516e-16,5.55111512312578e-17,0
2,44,0.37,1,0.23,0.41,1,5.55111512312578e-17,1.11022302462516e-16,2.22044604925031e-16,1.11022302462516e-16,5.55111512312578e-17,1.66533453693773e-16,2.77555756156289e-16
2,45,1,1,0.23,0.41,1,0,0,0,0,0,0,0
2,46,0,0,1,0.41,1,0,0,0,0,0,0,0
2,47,0.37,0,1,0.41,1,1.11022302462516e-16,2.22044604925031e-16,1.11022302462516e-16,0,2.22044604925031e-16,1.66533453693773e-16,0
2,48,1,0,1,0.41,1,1.11022302462516e-16,1.66533453693773e-16,0,0,0,1.66533453693773e-16,0
2,49,0,0.61,1,0.41,1,0,0,0,0,0,0,0
2,50,0.37,0.61,1,0.41,1,5.55111512312578e-17,1.11022302462516e-16,5.55111512312578e-17,1.11022302462516e-16,1.11022302462516e-16,1.11022302462516e-16,0
2,51,1,0.61,1,0.41,1,1.11022302462516e-16,5.55111512312578e-17,1.11022302462516e-16,5.55111512312578e-17,0,1.11022302462516e-16,0
2,52,0,1,1,0.41,1,0,0,0,0,0,0,0
2,53,0.37,1,1,0.41,1,0,0,0,5.55111512312578e-17,0,0,0
2,54,1,1,1,0.41,1,0,0,0,0,0,0,0
2,55,0,0,0,1,1,0,0,0,0,0,0,0
2,56,0.37,0,0,1,1,0,5.55111512312578e-17,0,0,5.55111512312578e-17,5.55111512312578e-17,1.11022302462516e-16
2,57,1,0,0,1,1,0,0,0,0,0,0,0
2,58,0,0.61,0,1,1,0,0,0,0,0,0,0
2,59,0.37,0.61,0,1,1,5.55111512312578e-17,5.55111512312578e-17,5.55111512312578e-17,5.55111512312578e-17,0,0,1.66533453693773e-16
2,60,1,0.61,0,1,1,0,0,2.77555756156289e-17,5.55111512312578e-17,0,0,0
2,61,0,1,0,1,1,0,0,0,0,0,0,0
2,62,0.37,1,0,1,1,0,5.55111512312578e-17,0,0,5.55111512312578e-17,5.55111512312578e-17,1.11022302462516e-16
2,63,1,1,0,1,1,0,0,0,0,0,0,0
2,64,0,0,0.23,1,1,5.55111512312578e-17,5.55111512312578e-17,0,0,1.11022302462516e-16,5.55111512312578e-17,0
2,65,0.37,0,0.23,1,1,5.55111512312578e-17,1.11022302462516e-16,1.11022302462516e-16,0,5.55111512312578e-17,1.11022302462516e-16,1.66533453693773e-16
2,66,1,0,0.23,1,1,0,0,0,0,0,0,0
2,67,0,0.61,0.23,1,1,5.55111512312578e-17,5.55111512312578e-17,0,0,1.11022302462516e-16,5.55111512312578e-17,0
2,68,0.37,0.61,0.23,1,1,5.55111512312578e-17,1.11022302462516e-16,5.55111512312578e-17,2.22044604925031e-16,5.55111512312578e-17,1.11022302462516e-16,4.9960036108132e-16
2,69,1,0.61,0.23,1,1,0,0,2.77555756156289e-17,5.55111512312578e-17,0,0,0
2,70,0,1,0.23,1,1,5.55111512312578e-17,5.55111512312578e-17,0,0,1.11022302462516e-16,5.55111512312578e-17,0
2,71,0.37,1,0.23,1,1,5.55111512312578e-17,1.11022302462516e-16,2.22044604925031e-16,1.11022302462516e-16,5.55111512312578e-17,1.66533453693773e-16,2.77555756156289e-16
2,72,1,1,0.23,1,1,0,0,0,0,0,0,0
2,73,0,0,1,1,1,0,0,0,0,0,0,0
2,74,0.37,0,1,1,1,0,0,0,0,0,0,0
2,75,1,0,1,1,1,0,0,0,0,0,0,0
2,76,0,0.61,1,1,1,0,0,0,0,0,0,0
2,77,0.37,0.61,1,1,1,0,0,5.55111512312578e-17,1.11022302462516e-16,0,0,0
2,78,1,0.61,1,1,1,0,0,2.77555756156289e-17,5.55111512312578e-17,0,0,0
2,79,0,1,1,1,1,0,0,0,0,0,0,0
2,80,0.37,1,1,1,1,0,0,0,5.55111512312578e-17,0,0,0
2,81,1,1,1,1,1,0,0,0,0,0,0,0
2,82,0.6,0.4,0.2,0.3,1,8.32667268468867e-17,1.66533453693773e-16,5.55111512312578e-17,1.11022302462516e-16,1.66533453693773e-16,1.66533453693773e-16,0
2,83,0.5,0.5,0.999,0,1,1.11022302462516e-16,1.11022302462516e-16,2.22044604925031e-16,2.22044604925031e-16,1.11022302462516e-16,5.55111512312578e-17,1.0842021724855e-19
2,84,0.6,0.5,0.25,0.333333333333333,1,8.32667268468867e-17,5.55111512312578e-17,1.11022302462516e-16,1.11022302462516e-16,1.11022302462516e-16,1.66533453693773e-16,1.66533453693773e-16
3,1,0,0,0,0,1,0,0,0,0,0,0,0
3,2,0.37,0,0,0,1,1.38777878078145e-17,1.38777878078145e-17,0,0,0,1.11022302462516e-16,0
3,3,1,0,0,0,1,0,0,0,0,0,0,0
3,4,0,0.61,0,0,1,0,0,0,0,0,0,0
3,5,0.37,0.61,0,0,1,5.55111512312578e-17,2.77555756156289e-17,0,0,5.55111512312578e-17,5.55111512312578e-17,2.22044604925031e-16
3,6,1,0.61,0,0,1,5.55111512312578e-17,0,0,0,0,5.55111512312578e-17,0
3,7,0,1,0,0,1,0,0,0,0,0,0,0
3,8,0.37,1,0,0,1,1.38777878078145e-17,1.38777878078145e-17,0,0,0,0,2.22044604925031e-16
3,9,1,1,0,0,1,0,0,0,0,0,0,0
3,10,0,0,0.23,0,1,5.55111512312578e-17,1.11022302462516e-16,0,0,1.11022302462516e-16,5.55111512312578e-17,1.11022302462516e-16
3,11,0.37,0,0.23,0,1,5.55111512312578e-17,1.11022302462516e-16,0,0,2.22044604925031e-16,6.93889390390723e-18,1.38777878078145e-16
3,12,1,0,0.23,0,1,0,0,0,0,0,0,0
3,13,0,0.61,0.23,0,1,5.55111512312578e-17,1.11022302462516e-16,0,0,1.11022302462516e-16,5.55111512312578e-17,1.11022302462516e-16
3,14,0.37,0.61,0.23,0,1,2.77555756156289e-17,1.11022302462516e-16,1.11022302462516e-16,2.22044604925031e-16,2.22044604925031e-16,1.66533453693773e-16,8.88178419700125e-16
3,15,1,0.61,0.23,0,1,5.55111512312578e-17,0,0,0,0,5.55111512312578e-17,0
3,16,0,1,0.23,0,1,5.55111512312578e-17,1.11022302462516e-16,0,0,1.11022302462516e-16,5.55111512312578e-17,1.11022302462516e-16
3,17,0.37,1,0.23,0,1,5.55111512312578e-17,1.66533453693773e-16,2.22044604925031e-16,2.22044604925031e-16,2.22044604925031e-16,1.66533453693773e-16,7.7715611723761e-16
3,18,1,1,0.23,0,1,0,0,0,0,0,0,0
3,19,0,0,1,0,1,0,0,0,0,0,0,0
3,20,0.37,0,1,0,1,1.38777878078145e-17,1.38777878078145e-17,0,0,1.11022302462516e-16,0,0
3,21,1,0,1,0,1,0,0,0,0,0,0,0
3,22,0,0.61,1,0,1,0,0,0,0,0,0,0
3,23,0.37,0.61,1,0,1,1.11022302462516e-16,2.08166817117217e-17,1.66533453693773e-16,1.11022302462516e-16,2.22044604925031e-16,1.11022302462516e-16,0
3,24,1,0.61,1,0,1,5.55111512312578e-17,0,0,0,0,5.55111512312578e-17,0
3,25,0,1,1,0,1,0,0,0,0,0,0,0
3,26,0.37,1,1,0,1,0,0,1.38777878078145e-17,0,0,0,0
3,27,1,1,1,0,1,0,0,0,0,0,0,0
3,28,0,0,0,0.41,1,0,0,0,0,0,0,0
3,29,0.37,0,0,0.41,1,5.55111512312578e-17,1.11022302462516e-16,0,0,2.08166817117217e-17,5.55111512312578e-17,2.22044604925031e-16
3,30,1,0,0,0.41,1,5.55111512312578e-17,8.32667268468867e-17,0,0,2.22044604925031e-16,8.32667268468867e-17,0
3,31,0,0.61,0,0.41,1,0,0,0,0,0,0,0
3,32,0.37,0.61,0,0.41,1,5.55111512312578e-17,8.32667268468867e-17,1.66533453693773e-16,1.11022302462516e-16,5.55111512312578e-17,2.77555756156289e-16,5.55111512312578e-16
3,33,1,0.61,0,0.41,1,1.66533453693773e-16,5.55111512312578e-17,2.22044604925031e-16,1.66533453693773e-16,2.22044604925031e-16,1.11022302462516e-16,0
3,34,0,1,0,0.41,1,0,0,0,0,0,0,0
3,35,0.37,1,0,0.41,1,1.38777878078145e-17,1.38777878078145e-17,0,0,0,0,2.22044604925031e-16
3,36,1,1,0,0.41,1,0,0,0,0,0,0,0
3,37,0,0,0.23,0.41,1,5.55111512312578e-17,1.11022302462516e-16,0,0,1.11022302462516e-16,5.55111512312578e-17,1.11022302462516e-16
3,38,0.37,0,0.23,0.41,1,8.32667268468867e-17,1.11022302462516e-16,2.22044604925031e-16,0,3.33066907387547e-16,2.77555756156289e-16,3.33066907387547e-16
3,39,1,0,0.23,0.41,1,5.55111512312578e-17,8.32667268468867e-17,0,0,2.22044604925031e-16,8.32667268468867e-17,0
3,40,0,0.61,0.23,0.41,1,5.55111512312578e-17,1.11022302462516e-16,0,0,1.11022302462516e-16,5.55111512312578e-17,1.11022302462516e-16
3,41,0.37,0.61,0.23,0.41,1,5.55111512312578e-17,1.11022302462516e-16,1.66533453693773e-16,2.77555756156289e-16,3.33066907387547e-16,2.22044604925031e-16,1.77635683940025e-15
3,42,1,0.61,0.23,0.41,1,1.66533453693773e-16,5.55111512312578e-17,2.22044604925031e-16,1.66533453693773e-16,2.22044604925031e-16,1.11022302462516e-16,0
3,43,0,1,0.23,0.41,1,5.55111512312578e-17,1.11022302462516e-16,0,0,1.11022302462516e-16,5.55111512312578e-17,1.11022302462516e-16
3,44,0.37,1,0.23,0.41,1,5.55111512312578e-17,1.66533453693773e-16,2.22044604925031e-16,2.22044604925031e-16,2.22044604925031e-16,1.66533453693773e-16,7.7715611723761e-16
3,45,1,1,0.23,0.41,1,0,0,0,0,0,0,0
3,46,0,0,1,0.41,1,0,0,0,0,0,0,0
3,47,0.37,0,1,0.41,1,5.55111512312578e-17,1.38777878078145e-16,2.22044604925031e-16,0,3.33066907387547e-16,1.11022302462516e-16,0
3,48,1,0,1,0.41,1,5.55111512312578e-17,8.32667268468867e-17,0,0,2.22044604925031e-16,8.32667268468867e-17,0
3,49,0,0.61,1,0.41,1,0,0,0,0,0,0,0
3,50,0.37,0.61,1,0.41,1,1.66533453693773e-16,5.55111512312578e-17,2.77555756156289e-16,4.44089209850063e-16,2.22044604925031e-16,1.11022302462516e-16,0
3,51,1,0.61,1,0.41,1,1.66533453693773e-16,5.55111512312578e-17,2.22044604925031e-16,1.66533453693773e-16,2.22044604925031e-16,1.11022302462516e-16,0
3,52,0,1,1,0.41,1,0,0,0,0,0,0,0
3,53,0.37,1,1,0.41,1,0,0,1.38777878078145e-17,0,0,0,0
3,54,1,1,1,0.41,1,0,0,0,0,0,0,0
3,55,0,0,0,1,1,0,0,0,0,0,0,0
3,56,0.37,0,0,1,1,1.38777878078145e-17,1.38777878078145e-17,0,0,0,0,2.22044604925031e-16
3,57,1,0,0,1,1,0,0,0,0,0,0,0
3,58,0,0.61,0,1,1,0,0,0,0,0,0,0
3,59,0.37,0.61,0,1,1,5.55111512312578e-17,1.38777878078145e-17,5.55111512312578e-17,5.55111512312578e-17,5.55111512312578e-17,5.55111512312578e-17,2.22044604925031e-16
3,60,1,0.61,0,1,1,0,0,5.55111512312578e-17,5.55111512312578e-17,0,0,0
3,61,0,1,0,1,1,0,0,0,0,0,0,0
3,62,0.37,1,0,1,1,1.38777878078145e-17,1.38777878078145e-17,0,0,0,0,2.22044604925031e-16
3,63,1,1,0,1,1,0,0,0,0,0,0,0
3,64,0,0,0.23,1,1,5.55111512312578e-17,1.11022302462516e-16,0,0,1.11022302462516e-16,5.55111512312578e-17,1.11022302462516e-16
3,65,0.37,0,0.23,1,1,5.55111512312578e-17,1.66533453693773e-16,2.22044604925031e-16,0,2.22044604925031e-16,1.66533453693773e-16,1.11022302462516e-16
3,66,1,0,0.23,1,1,0,0,0,0,0,0,0
3,67,0,0.61,0.23,1,1,5.55111512312578e-17,1.11022302462516e-16,0,0,1.11022302462516e-16,5.55111512312578e-17,1.11022302462516e-16
3,68,0.37,0.61,0.23,1,1,5.55111512312578e-17,1.66533453693773e-16,1.11022302462516e-16,1.66533453693773e-16,2.22044604925031e-16,1.66533453693773e-16,7.7715611723761e-16
3,69,1,0.61,0.23,1,1,0,0,5.55111512312578e-17,5.55111512312578e-17,0,0,0
3,70,0,1,0.23,1,1,5.55111512312578e-17,1.11022302462516e-16,0,0,1.11022302462516e-16,5.55111512312578e-17,1.11022302462516e-16
3,71,0.37,1,0.23,1,1,5.55111512312578e-17,1.66533453693773e-16,2.22044604925031e-16,2.22044604925031e-16,2.22044604925031e-16,1.66533453693773e-16,7.7715611723761e-16
3,72,1,1,0.23,1,1,0,0,0,0,0,0,0
3,73,0,0,1,1,1,0,0,0,0,0,0,0
3,74,0.37,0,1,1,1,1.11022302462516e-16,0,5.55111512312578e-17,0,1.11022302462516e-16,1.11022302462516e-16,0
3,75,1,0,1,1,1,0,0,0,0,0,0,0
3,76,0,0.61,1,1,1,0,0,0,0,0,0,0
3,77,0.37,0.61,1,1,1,2.22044604925031e-16,0,1.11022302462516e-16,1.66533453693773e-16,2.22044604925031e-16,2.22044604925031e-16,0
3,78,1,0.61,1,1,1,0,0,5.55111512312578e-17,5.55111512312578e-17,0,0,0
3,79,0,1,1,1,1,0,0,0,0,0,0,0
3,80,0.37,1,1,1,1,0,0,1.38777878078145e-17,0,0,0,0
3,81,1,1,1,1,1,0,0,0,0,0,0,0
3,82,0.6,0.4,0.2,0.3,1,1.38777878078145e-16,8.32667268468867e-17,1.11022302462516e-16,2.22044604925031e-16,2.77555756156289e-16,3.88578058618805e-16,1.0547118733939e-15
3,83,0.5,0.5,0.999,0,1,1.11022302462516e-16,1.11022302462516e-16,2.77555756156289e-16,1.66533453693773e-16,1.11022302462516e-16,1.11022302462516e-16,8.67361737988404e-19
3,84,0.6,0.5,0.25,0.333333333333333,1,1.38777878078145e-16,5.55111512312578e-17,1.66533453693773e-16,2.77555756156289e-16,2.22044604925031e-16,1.11022302462516e-16,4.44089209850063e-16
4,1,0,0,0,0,1,0,0,0,0,0,0,0
4,2,0.37,0,0,0,1,1.11022302462516e-16,1.11022302462516e-16,0,0,8.32667268468867e-17,1.11022302462516e-16,0
4,3,1,0,0,0,1,0,0,0,0,0,0,0
4,4,0,0.61,0,0,1,0,0,0,0,0,0,0
4,5,0.37,0.61,0,0,0.999999999999999,1.11022302462516e-16,8.32667268468867e-17,0,0,1.11022302462516e-16,2.22044604925031e-16,1.88737914186277e-15
4,6,1,0.61,0,0,1,1.11022302462516e-16,8.32667268468867e-17,0,0,0,1.66533453693773e-16,0
4,7,0,1,0,0,1,0,0,0,0,0,0,0
4,8,0.37,1,0,0,1,1.11022302462516e-16,1.11022302462516e-16,0,0,8.32667268468867e-17,8.32667268468867e-17,1.66533453693773e-15
4,9,1,1,0,0,1,0,0,0,0,0,0,0
4,10,0,0,0.23,0,1,5.55111512312578e-17,1.38777878078145e-16,0,0,8.32667268468867e-17,5.55111512312578e-17,7.7715611723761e-16
4,11,0.37,0,0.23,0,1,4.16333634234434e-17,6.59194920871187e-17,0,0,1.11022302462516e-16,1.11022302462516e-16,1.38777878078145e-15
4,12,1,0,0.23,0,1,0,0,0,0,0,0,0
4,13,0,0.61,0.23,0,1,5.55111512312578e-17,1.38777878078145e-16,0,0,8.32667268468867e-17,5.55111512312578e-17,7.7715611723761e-16
4,14,0.37,0.61,0.23,0,1,5.55111512312578e-17,5.55111512312578e-17,2.77555756156289e-16,2.77555756156289e-16,3.33066907387547e-16,2.22044604925031e-16,4.66293670342566e-15
4,15,1,0.61,0.23,0,1,1.11022302462516e-16,8.32667268468867e-17,0,0,0,1.66533453693773e-16,0
4,16,0,1,0.23,0,1,5.55111512312578e-17,1.38777878078145e-16,0,0,8.32667268468867e-17,5.55111512312578e-17,7.7715611723761e-16
4,17,0.37,1,0.23,0,1,2.22044604925031e-16,2.22044604925031e-16,3.33066907387547e-16,2.22044604925031e-16,1.11022302462516e-16,1.38777878078145e-16,1.88737914186277e-15
4,18,1,1,0.23,0,1,0,0,0,0,0,0,0
4,19,0,0,1,0,1,0,0,0,0,0,0,0
4,20,0.37,0,1,0,1,1.11022302462516e-16,1.11022302462516e-16,0,0,1.11022302462516e-16,8.32667268468867e-17,0
4,21,1,0,1,0,1,0,0,0,0,0,0,0
4,22,0,0.61,1,0,1,0,0,0,0,0,0,0
4,23,0.37,0.61,1,0,1,1.66533453693773e-16,1.11022302462516e-16,2.22044604925031e-16,1.66533453693773e-16,5.55111512312578e-16,1.11022302462516e-16,0
4,24,1,0.61,1,0,1,1.11022302462516e-16,8.32667268468867e-17,0,0,0,1.66533453693773e-16,0
4,25,0,1,1,0,1,0,0,0,0,0,0,0
4,26,0.37,1,1,0,1,0,0,1.11022302462516e-16,8.32667268468867e-17,0,0,0
4,27,1,1,1,0,1,0,0,0,0,0,0,0
4,28,0,0,0,0.41,1,0,0,0,0,0,0,0
4,29,0.37,0,0,0.41,1,8.32667268468867e-17,1.11022302462516e-16,0,0,8.32667268468867e-17,1.2490009027033e-16,2.38697950294409e-15
4,30,1,0,0,0.41,1,8.32667268468867e-17,1.66533453693773e-16,0,0,4.44089209850063e-16,1.11022302462516e-16,0
4,31,0,0.61,0,0.41,1,0,0,0,0,0,0,0
4,32,0.37,0.61,0,0.41,1,5.55111512312578e-17,8.32667268468867e-17,3.33066907387547e-16,3.33066907387547e-16,1.11022302462516e-16,1.66533453693773e-16,3.33066907387547e-16
4,33,1,0.61,0,0.41,0.999999999999999,3.88578058618805e-16,2.77555756156289e-16,4.44089209850063e-16,3.88578058618805e-16,8.88178419700125e-16,1.11022302462516e-16,0
4,34,0,1,0,0.41,1,0,0,0,0,0,0,0
4,35,0.37,1,0,0.41,1,1.11022302462516e-16,1.11022302462516e-16,0,0,8.32667268468867e-17,8.32667268468867e-17,1.66533453693773e-15
4,36,1,1,0,0.41,1,0,0,0,0,0,0,0
4,37,0,0,0.23,0.41,1,5.55111512312578e-17,1.38777878078145e-16,0,0,8.32667268468867e-17,5.55111512312578e-17,7.7715611723761e-16
4,38,0.37,0,0.23,0.41,0.999999999999998,1.66533453693773e-16,1.38777878078145e-16,5.55111512312578e-16,0,2.22044604925031e-16,1.66533453693773e-16,2.66453525910038e-15
4,39,1,0,0.23,0.41,1,8.32667268468867e-17,1.66533453693773e-16,0,0,4.44089209850063e-16,1.11022302462516e-16,0
4,40,0,0.61,0.23,0.41,1,5.55111512312578e-17,1.38777878078145e-16,0,0,8.32667268468867e-17,5.55111512312578e-17,7.7715611723761e-16
4,41,0.37,0.61,0.23,0.41,1,2.22044604925031e-16,1.11022302462516e-16,6.66133814775094e-16,1.11022302462516e-15,2.22044604925031e-16,7.7715611723761e-16,9.65894031423886e-15
4,42,1,0.61,0.23,0.41,0.999999999999999,3.88578058618805e-16,2.77555756156289e-16,4.44089209850063e-16,3.88578058618805e-16,8.88178419700125e-16,1.11022302462516e-16,0
4,43,0,1,0.23,0.41,1,5.55111512312578e-17,1.38777878078145e-16,0,0,8.32667268468867e-17,5.55111512312578e-17,7.7715611723761e-16
4,44,0.37,1,0.23,0.41,1,2.22044604925031e-16,2.22044604925031e-16,3.33066907387547e-16,2.22044604925031e-16,1.11022302462516e-16,1.38777878078145e-16,1.88737914186277e-15
4,45,1,1,0.23,0.41,1,0,0,0,0,0,0,0
4,46,0,0,1,0.41,1,0,0,0,0,0,0,0
4,47,0.37,0,1,0.41,1,2.22044604925031e-16,2.77555756156289e-16,2.77555756156289e-16,0,2.22044604925031e-16,1.38777878078145e-16,0
4,48,1,0,1,0.41,1,8.32667268468867e-17,1.66533453693773e-16,0,0,4.44089209850063e-16,1.11022302462516e-16,0
4,49,0,0.61,1,0.41,1,0,0,0,0,0,0,0
4,50,0.37,0.61,1,0.41,1,5.55111512312578e-16,3.3881317890172e-20,4.44089209850063e-16,5.55111512312578e-16,1.77635683940025e-15,5.55111512312578e-16,0
4,51,1,0.61,1,0.41,0.999999999999999,3.88578058618805e-16,2.77555756156289e-16,4.44089209850063e-16,3.88578058618805e-16,8.88178419700125e-16,1.11022302462516e-16,0
4,52,0,1,1,0.41,1,0,0,0,0,0,0,0
4,53,0.37,1,1,0.41,1,0,0,1.11022302462516e-16,8.32667268468867e-17,0,0,0
4,54,1,1,1,0.41,1,0,0,0,0,0,0,0
4,55,0,0,0,1,1,0,0,0,0,0,0,0
4,56,0.37,0,0,1,1,1.11022302462516e-16,1.11022302462516e-16,0,0,8.32667268468867e-17,8.32667268468867e-17,1.66533453693773e-15
4,57,1,0,0,1,1,0,0,0,0,0,0,0
4,58,0,0.61,0,1,1,0,0,0,0,0,0,0
4,59,0.37,0.61,0,1,0.999999999999999,2.22044604925031e-16,1.11022302462516e-16,2.22044604925031e-16,1.66533453693773e-16,1.11022302462516e-16,1.11022302462516e-16,1.22124532708767e-15
4,60,1,0.61,0,1,1,0,0,1.11022302462516e-16,1.66533453693773e-16,0,0,0
4,61,0,1,0,1,1,0,0,0,0,0,0,0
4,62,0.37,1,0,1,1,1.11022302462516e-16,1.11022302462516e-16,0,0,8.32667268468867e-17,8.32667268468867e-17,1.66533453693773e-15
4,63,1,1,0,1,1,0,0,0,0,0,0,0
4,64,0,0,0.23,1,1,5.55111512312578e-17,1.38777878078145e-16,0,0,8.32667268468867e-17,5.55111512312578e-17,7.7715611723761e-16
4,65,0.37,0,0.23,1,1,2.22044604925031e-16,2.22044604925031e-16,3.33066907387547e-16,0,1.11022302462516e-16,1.2490009027033e-16,5.55111512312578e-16
4,66,1,0,0.23,1,1,0,0,0,0,0,0,0
4,67,0,0.61,0.23,1,1,5.55111512312578e-17,1.38777878078145e-16,0,0,8.32667268468867e-17,5.55111512312578e-17,7.7715611723761e-16
4,68,0.37,0.61,0.23,1,1,2.22044604925031e-16,2.22044604925031e-16,2.77555756156289e-16,3.88578058618805e-16,3.33066907387547e-16,3.88578058618805e-16,4.9960036108132e-15
4,69,1,0.61,0.23,1,1,0,0,1.11022302462516e-16,1.66533453693773e-16,0,0,0
4,70,0,1,0.23,1,1,5.55111512312578e-17,1.38777878078145e-16,0,0,8.32667268468867e-17,5.55111512312578e-17,7.7715611723761e-16
4,71,0.37,1,0.23,1,1,2.22044604925031e-16,2.22044604925031e-16,3.33066907387547e-16,2.22044604925031e-16,1.11022302462516e-16,1.38777878078145e-16,1.88737914186277e-15
4,72,1,1,0.23,1,1,0,0,0,0,0,0,0
4,73,0,0,1,1,1,0,0,0,0,0,0,0
4,74,0.37,0,1,1,1,1.11022302462516e-16,0,5.55111512312578e-17,0,1.11022302462516e-16,1.11022302462516e-16,0
4,75,1,0,1,1,1,0,0,0,0,0,0,0
4,76,0,0.61,1,1,1,0,0,0,0,0,0,0
4,77,0.37,0.61,1,1,1,5.55111512312578e-16,0,8.32667268468867e-17,1.66533453693773e-16,5.55111512312578e-16,5.55111512312578e-16,0
4,78,1,0.61,1,1,1,0,0,1.11022302462516e-16,1.66533453693773e-16,0,0,0
4,79,0,1,1,1,1,0,0,0,0,0,0,0
4,80,0.37,1,1,1,1,0,0,1.11022302462516e-16,8.32667268468867e-17,0,0,0
4,81,1,1,1,1,1,0,0,0,0,0,0,0
4,82,0.6,0.4,0.2,0.3,1,1.2490009027033e-16,9.71445146547012e-17,3.60822483003176e-16,5.55111512312578e-16,7.7715611723761e-16,3.88578058618805e-16,3.10862446895044e-15
4,83,0.5,0.5,0.999,0,1,2.22044604925031e-16,2.22044604925031e-16,3.88578058618805e-16,2.77555756156289e-16,4.44089209850063e-16,1.11022302462516e-16,1.14925430283463e-17
4,84,0.6,0.5,0.25,0.333333333333333,1,2.22044604925031e-16,1.2490009027033e-16,6.10622663543836e-16,7.7715611723761e-16,6.10622663543836e-16,2.4980018054066e-16,6.21724893790088e-15
