"id","group","targets","failed","undefined","max_Rhat","min_bulk_ESS","min_tail_ESS"
"A_JAGS_2k","global",23,15,0,3.45062748935555,4.41177089703738,4.01606425702811
"A_JAGS_2k","local_continuous",1144,586,0,3.16679181292479,4.49843464971929,10.9161933453458
"A_JAGS_2k","class_count",3,3,3,NA,4.01606425702811,NA
"A_JAGS_2k","class_indicator",429,429,429,NA,4.01606425702811,NA
"A_JAGS_2k","A_auxiliary",572,572,0,3.15649802817254,4.50238400471932,11.081607622933
"D_JAGS_2k","global",23,14,0,2.47192994285672,4.84288900094801,4.99167376973706
"D_JAGS_2k","local_continuous",1287,603,0,1.83522165775566,5.75741737225816,11.3804211287996
"D_JAGS_2k","class_count",3,3,2,2.47004119927807,4.87539267039444,4.99167376973706
"D_JAGS_2k","class_indicator",429,401,390,12.036652382551,4.04421208928225,19.7706518200916
"A_JAGS_20k","global",23,14,0,3.09689211459153,4.48422296877321,5.26116309831772
"A_JAGS_20k","local_continuous",1144,591,0,2.3035396538852,4.95843647392808,11.2699510216558
"A_JAGS_20k","class_count",3,3,2,2.17859631739698,5.16934816435554,5.26116309831772
"A_JAGS_20k","class_indicator",429,417,406,2.30315203228476,4.0016006402561,15.9618187501931
"A_JAGS_20k","A_auxiliary",572,572,0,2.29108258733805,4.97131121098368,11.5491759615474
"D_JAGS_20k","global",23,13,0,1.51763934751628,7.35928613792273,11.1846436147469
"D_JAGS_20k","local_continuous",1287,611,0,1.28258265624781,10.3848689100033,11.3589000894662
"D_JAGS_20k","class_count",3,3,2,1.45629912472736,7.96091949095941,11.1846436147469
"D_JAGS_20k","class_indicator",429,368,350,2.83206625800198,4.60189308323162,21.5331226609238
"D_Stan_2k","global",23,10,0,2.69279480328346,4.69041823012559,18.0753347851395
"D_Stan_2k","local_continuous",1287,582,0,1.88016135997174,5.6511949915501,16.4797284427928
"D_Stan_2k","class_count",3,3,2,2.26423933450406,5.0754604352903,18.8598093820876
"D_Stan_2k","class_indicator",429,429,418,2.8217992585141,4.6047972076178,29.6044072258373
