"N","A","W","reduced","full","error"
1,0,0,0.29980728,0.29980728,0
1,0,1,0.36812472,0.36812472,0
1,1,0,0.3320468,0.3320468,1.66533453693773e-16
1,1,1,0,0,0
2,0,0,0.107204586579648,0.107204586579648,1.38777878078145e-17
2,0,1,0.167760686949504,0.167760686949504,0
2,0,2,0.188629943430848,0.188629943430848,8.32667268468867e-17
2,1,0,0.2348866423792,0.2348866423792,1.38777878078145e-16
2,1,1,0.1442381007584,0.1442381007584,8.32667268468867e-17
2,1,2,0.0295714423792,0.0295714423792,3.46944695195361e-18
2,2,0,0.1253914672416,0.1253914672416,0
2,2,1,0.001543488,0.001543488,0
2,2,2,0.000745056,0.000745056,0
3,0,0,0.0374655398790251,0.0374655398790251,4.16333634234434e-17
3,0,1,0.0862812882989631,0.0862812882989632,1.38777878078145e-17
3,0,2,0.0855006197263901,0.0855006197263902,9.71445146547012e-17
3,0,3,0.123622296581245,0.123622296581245,0
3,1,0,0.124433888064853,0.124433888064852,1.38777878078145e-17
3,1,1,0.157667597125115,0.157667597125115,1.38777878078145e-16
3,1,2,0.0828851027942303,0.0828851027942302,9.71445146547012e-17
3,1,3,0.0220972292548202,0.0220972292548201,3.12250225675825e-17
3,2,0,0.137934099219899,0.137934099219899,8.32667268468867e-17
3,2,1,0.074445082308248,0.0744450823082481,4.16333634234434e-17
3,2,2,0.016490559035724,0.016490559035724,1.73472347597681e-17
3,2,3,0.00218308209208733,0.00218308209208733,8.67361737988404e-19
3,3,0,0.0479323045690665,0.0479323045690664,2.77555756156289e-17
3,3,1,0.0007222331392,0.0007222331392,3.25260651745651e-19
3,3,2,0.0002369722368,0.0002369722368,0
3,3,3,4.42497024e-05,4.42497024e-05,6.7762635780344e-21
