SG_UF,NR_TURNO,metric,raw_sections,official_munzona,difference
AC,1,abstencoes_reportadas,131835,131835,0
AC,1,aptos,587738,587738,0
AC,1,brancos,4664,4664,0
AC,1,comparecimento,455903,455903,0
AC,1,nominais,440917,440917,0
AC,1,not_installed,0,0,0
AC,1,nulos,10322,10322,0
AC,1,sections,2124,2124,0
AL,1,abstencoes_reportadas,520520,520520,0
AL,1,aptos,2326491,2326491,0
AL,1,brancos,28792,28792,0
AL,1,comparecimento,1805971,1805971,0
AL,1,nominais,1724217,1724217,0
AL,1,not_installed,0,0,0
AL,1,nulos,52962,52962,0
AL,1,sections,6626,6626,0
AM,1,abstencoes_reportadas,533069,533069,0
AM,1,aptos,2646924,2646924,0
AM,1,brancos,19570,19570,0
AM,1,comparecimento,2113771,2113771,0
AM,1,nominais,2056676,2056676,0
AM,1,not_installed,1,1,0
AM,1,nulos,37525,37525,0
AM,1,sections,7454,7454,0
AP,1,abstencoes_reportadas,107323,107323,0
AP,1,aptos,550165,550165,0
AP,1,brancos,3289,3289,0
AP,1,comparecimento,442842,442842,0
AP,1,nominais,432161,432161,0
AP,1,not_installed,0,0,0
AP,1,nulos,7392,7392,0
AP,1,sections,1740,1740,0
BA,1,abstencoes_reportadas,2408564,2408564,0
BA,1,aptos,11283405,11283405,0
BA,1,brancos,123450,123450,0
BA,1,comparecimento,8874841,8874841,0
BA,1,nominais,8423008,8423008,0
BA,1,not_installed,0,0,0
BA,1,nulos,328383,328383,0
BA,1,sections,34424,34424,0
CE,1,abstencoes_reportadas,1190122,1190122,0
CE,1,aptos,6818732,6818732,0
CE,1,brancos,72246,72246,0
CE,1,comparecimento,5628610,5628610,0
CE,1,nominais,5429264,5429264,0
CE,1,not_installed,0,0,0
CE,1,nulos,127100,127100,0
CE,1,sections,22796,22796,0
DF,1,abstencoes_reportadas,387096,387096,0
DF,1,aptos,2206996,2206996,0
DF,1,brancos,25162,25162,0
DF,1,comparecimento,1819900,1819900,0
DF,1,nominais,1762575,1762575,0
DF,1,not_installed,0,0,0
DF,1,nulos,32163,32163,0
DF,1,sections,6748,6748,0
ES,1,abstencoes_reportadas,606490,606490,0
ES,1,aptos,2922379,2922379,0
ES,1,brancos,39541,39541,0
ES,1,comparecimento,2315889,2315889,0
ES,1,nominais,2221130,2221130,0
ES,1,not_installed,0,0,0
ES,1,nulos,55218,55218,0
ES,1,sections,9239,9239,0
GO,1,abstencoes_reportadas,1057695,1057695,0
GO,1,aptos,4870292,4870292,0
GO,1,brancos,48539,48539,0
GO,1,comparecimento,3812597,3812597,0
GO,1,nominais,3681469,3681469,0
GO,1,not_installed,0,0,0
GO,1,nulos,82589,82589,0
GO,1,sections,14620,14620,0
MA,1,abstencoes_reportadas,1118852,1118852,0
MA,1,aptos,5039287,5039287,0
MA,1,brancos,35605,35605,0
MA,1,comparecimento,3920435,3920435,0
MA,1,nominais,3781645,3781645,0
MA,1,not_installed,0,0,0
MA,1,nulos,103185,103185,0
MA,1,sections,16423,16423,0
MG,1,abstencoes_reportadas,3628600,3628600,0
MG,1,aptos,16283828,16283828,0
MG,1,brancos,229425,229425,0
MG,1,comparecimento,12655228,12655228,0
MG,1,nominais,12016633,12016633,0
MG,1,not_installed,0,0,0
MG,1,nulos,409170,409170,0
MG,1,sections,49981,49981,0
MS,1,abstencoes_reportadas,440783,440783,0
MS,1,aptos,1995932,1995932,0
MS,1,brancos,17651,17651,0
MS,1,comparecimento,1555149,1555149,0
MS,1,nominais,1506989,1506989,0
MS,1,not_installed,0,0,0
MS,1,nulos,30509,30509,0
MS,1,sections,6912,6912,0
MT,1,abstencoes_reportadas,577424,577424,0
MT,1,aptos,2469604,2469604,0
MT,1,brancos,18680,18680,0
MT,1,comparecimento,1892180,1892180,0
MT,1,nominais,1842888,1842888,0
MT,1,not_installed,0,0,0
MT,1,nulos,30612,30612,0
MT,1,sections,7652,7652,0
PA,1,abstencoes_reportadas,1289969,1289969,0
PA,1,aptos,6079280,6079280,0
PA,1,brancos,40902,40902,0
PA,1,comparecimento,4789311,4789311,0
PA,1,nominais,4679936,4679936,0
PA,1,not_installed,0,0,0
PA,1,nulos,68473,68473,0
PA,1,sections,18235,18235,0
PB,1,abstencoes_reportadas,534574,534574,0
PB,1,aptos,3092053,3092053,0
PB,1,brancos,41922,41922,0
PB,1,comparecimento,2557479,2557479,0
PB,1,nominais,2421688,2421688,0
PB,1,not_installed,0,0,0
PB,1,nulos,93869,93869,0
PB,1,sections,9602,9602,0
PE,1,abstencoes_reportadas,1277050,1277050,0
PE,1,aptos,7015421,7015421,0
PE,1,brancos,90092,90092,0
PE,1,comparecimento,5738371,5738371,0
PE,1,nominais,5452009,5452009,0
PE,1,not_installed,0,0,0
PE,1,nulos,196270,196270,0
PE,1,sections,20572,20572,0
PI,1,abstencoes_reportadas,454788,454788,0
PI,1,aptos,2570433,2570433,0
PI,1,brancos,19477,19477,0
PI,1,comparecimento,2115645,2115645,0
PI,1,nominais,2044386,2044386,0
PI,1,not_installed,0,0,0
PI,1,nulos,51782,51782,0
PI,1,sections,8963,8963,0
PR,1,abstencoes_reportadas,1651892,1651892,0
PR,1,aptos,8480435,8480435,0
PR,1,brancos,108894,108894,0
PR,1,comparecimento,6828543,6828543,0
PR,1,nominais,6566764,6566764,0
PR,1,not_installed,0,0,0
PR,1,nulos,152885,152885,0
PR,1,sections,25721,25721,0
RJ,1,abstencoes_reportadas,2916893,2916893,0
RJ,1,aptos,12826356,12826356,0
RJ,1,brancos,159773,159773,0
RJ,1,comparecimento,9909463,9909463,0
RJ,1,nominais,9456677,9456677,0
RJ,1,not_installed,0,0,0
RJ,1,nulos,293013,293013,0
RJ,1,sections,34068,34068,0
RN,1,abstencoes_reportadas,464112,464112,0
RN,1,aptos,2554716,2554716,0
RN,1,brancos,26151,26151,0
RN,1,comparecimento,2090604,2090604,0
RN,1,nominais,2007264,2007264,0
RN,1,not_installed,0,0,0
RN,1,nulos,57189,57189,0
RN,1,sections,7674,7674,0
RO,1,abstencoes_reportadas,303171,303171,0
RO,1,aptos,1229998,1229998,0
RO,1,brancos,9350,9350,0
RO,1,comparecimento,926827,926827,0
RO,1,nominais,903235,903235,0
RO,1,not_installed,0,0,0
RO,1,nulos,14242,14242,0
RO,1,sections,4198,4198,0
RR,1,abstencoes_reportadas,61228,61228,0
RR,1,aptos,366632,366632,0
RR,1,brancos,2255,2255,0
RR,1,comparecimento,305404,305404,0
RR,1,nominais,298369,298369,0
RR,1,not_installed,0,0,0
RR,1,nulos,4780,4780,0
RR,1,sections,1268,1268,0
RS,1,abstencoes_reportadas,1699416,1699416,0
RS,1,aptos,8589432,8589432,0
RS,1,brancos,129345,129345,0
RS,1,comparecimento,6890016,6890016,0
RS,1,nominais,6637752,6637752,0
RS,1,not_installed,0,0,0
RS,1,nulos,122919,122919,0
RS,1,sections,27201,27201,0
SC,1,abstencoes_reportadas,1014004,1014004,0
SC,1,aptos,5501478,5501478,0
SC,1,brancos,66871,66871,0
SC,1,comparecimento,4487474,4487474,0
SC,1,nominais,4330984,4330984,0
SC,1,not_installed,0,0,0
SC,1,nulos,89619,89619,0
SC,1,sections,16242,16242,0
SE,1,abstencoes_reportadas,306652,306652,0
SE,1,aptos,1671376,1671376,0
SE,1,brancos,20224,20224,0
SE,1,comparecimento,1364724,1364724,0
SE,1,nominais,1298432,1298432,0
SE,1,not_installed,0,0,0
SE,1,nulos,46068,46068,0
SE,1,sections,5498,5498,0
SP,1,abstencoes_reportadas,7495213,7495213,0
SP,1,aptos,34684927,34684927,0
SP,1,brancos,571257,571257,0
SP,1,comparecimento,27189714,27189714,0
SP,1,nominais,25656334,25656334,0
SP,1,not_installed,0,0,0
SP,1,nulos,962123,962123,0
SP,1,sections,101073,101073,0
TO,1,abstencoes_reportadas,202897,202897,0
TO,1,aptos,1094346,1094346,0
TO,1,brancos,6795,6795,0
TO,1,comparecimento,891449,891449,0
TO,1,nominais,861792,861792,0
TO,1,not_installed,0,0,0
TO,1,nulos,22862,22862,0
TO,1,sections,3957,3957,0
ZZ,1,abstencoes_reportadas,390750,390750,0
ZZ,1,aptos,695355,695355,0
ZZ,1,brancos,4857,4857,0
ZZ,1,comparecimento,304032,304032,0
ZZ,1,nominais,294525,294525,0
ZZ,1,not_installed,46,46,0
ZZ,1,nulos,4650,4650,0
ZZ,1,sections,1064,1064,0
AC,2,abstencoes_reportadas,167005,167005,0
AC,2,aptos,587765,587765,0
AC,2,brancos,4722,4722,0
AC,2,comparecimento,420760,420760,0
AC,2,nominais,409316,409316,0
AC,2,not_installed,0,0,0
AC,2,nulos,6722,6722,0
AC,2,sections,2124,2124,0
AL,2,abstencoes_reportadas,540826,540826,0
AL,2,aptos,2325814,2325814,0
AL,2,brancos,23376,23376,0
AL,2,comparecimento,1784988,1784988,0
AL,2,nominais,1664658,1664658,0
AL,2,not_installed,0,0,0
AL,2,nulos,96954,96954,0
AL,2,sections,6626,6626,0
AM,2,abstencoes_reportadas,579164,579164,0
AM,2,aptos,2647123,2647123,0
AM,2,brancos,21594,21594,0
AM,2,comparecimento,2067875,2067875,0
AM,2,nominais,1966732,1966732,0
AM,2,not_installed,1,1,0
AM,2,nulos,79549,79549,0
AM,2,sections,7454,7454,0
AP,2,abstencoes_reportadas,149448,149448,0
AP,2,aptos,550131,550131,0
AP,2,brancos,4018,4018,0
AP,2,comparecimento,400683,400683,0
AP,2,nominais,390465,390465,0
AP,2,not_installed,0,0,0
AP,2,nulos,6200,6200,0
AP,2,sections,1740,1740,0
BA,2,abstencoes_reportadas,2311271,2311271,0
BA,2,aptos,11282999,11282999,0
BA,2,brancos,121221,121221,0
BA,2,comparecimento,8971728,8971728,0
BA,2,nominais,8454843,8454843,0
BA,2,not_installed,0,0,0
BA,2,nulos,395664,395664,0
BA,2,sections,34424,34424,0
CE,2,abstencoes_reportadas,1168794,1168794,0
CE,2,aptos,6818192,6818192,0
CE,2,brancos,67045,67045,0
CE,2,comparecimento,5649398,5649398,0
CE,2,nominais,5442368,5442368,0
CE,2,not_installed,0,0,0
CE,2,nulos,139985,139985,0
CE,2,sections,22796,22796,0
DF,2,abstencoes_reportadas,369136,369136,0
DF,2,aptos,2207628,2207628,0
DF,2,brancos,29663,29663,0
DF,2,comparecimento,1838492,1838492,0
DF,2,nominais,1770626,1770626,0
DF,2,not_installed,0,0,0
DF,2,nulos,38203,38203,0
DF,2,sections,6748,6748,0
ES,2,abstencoes_reportadas,599995,599995,0
ES,2,aptos,2922264,2922264,0
ES,2,brancos,37214,37214,0
ES,2,comparecimento,2322269,2322269,0
ES,2,nominais,2208912,2208912,0
ES,2,not_installed,0,0,0
ES,2,nulos,76143,76143,0
ES,2,sections,9239,9239,0
GO,2,abstencoes_reportadas,1010270,1010270,0
GO,2,aptos,4870621,4870621,0
GO,2,brancos,43610,43610,0
GO,2,comparecimento,3860351,3860351,0
GO,2,nominais,3735156,3735156,0
GO,2,not_installed,0,0,0
GO,2,nulos,81585,81585,0
GO,2,sections,14620,14620,0
MA,2,abstencoes_reportadas,1184503,1184503,0
MA,2,aptos,5039307,5039307,0
MA,2,brancos,35807,35807,0
MA,2,comparecimento,3854804,3854804,0
MA,2,nominais,3751174,3751174,0
MA,2,not_installed,0,0,0
MA,2,nulos,67823,67823,0
MA,2,sections,16423,16423,0
MG,2,abstencoes_reportadas,3418331,3418331,0
MG,2,aptos,16284615,16284615,0
MG,2,brancos,183206,183206,0
MG,2,comparecimento,12866284,12866284,0
MG,2,nominais,12332270,12332270,0
MG,2,not_installed,0,0,0
MG,2,nulos,350808,350808,0
MG,2,sections,49981,49981,0
MS,2,abstencoes_reportadas,446193,446193,0
MS,2,aptos,1996066,1996066,0
MS,2,brancos,18062,18062,0
MS,2,comparecimento,1549873,1549873,0
MS,2,nominais,1480153,1480153,0
MS,2,not_installed,0,0,0
MS,2,nulos,51658,51658,0
MS,2,sections,6912,6912,0
MT,2,abstencoes_reportadas,556566,556566,0
MT,2,aptos,2469797,2469797,0
MT,2,brancos,16317,16317,0
MT,2,comparecimento,1913231,1913231,0
MT,2,nominais,1869516,1869516,0
MT,2,not_installed,0,0,0
MT,2,nulos,27398,27398,0
MT,2,sections,7652,7652,0
PA,2,abstencoes_reportadas,1377117,1377117,0
PA,2,aptos,6078857,6078857,0
PA,2,brancos,43602,43602,0
PA,2,comparecimento,4701740,4701740,0
PA,2,nominais,4582979,4582979,0
PA,2,not_installed,0,0,0
PA,2,nulos,75159,75159,0
PA,2,sections,18235,18235,0
PB,2,abstencoes_reportadas,517504,517504,0
PB,2,aptos,3091719,3091719,0
PB,2,brancos,35467,35467,0
PB,2,comparecimento,2574215,2574215,0
PB,2,nominais,2404455,2404455,0
PB,2,not_installed,0,0,0
PB,2,nulos,134293,134293,0
PB,2,sections,9602,9602,0
PE,2,abstencoes_reportadas,1214351,1214351,0
PE,2,aptos,7015086,7015086,0
PE,2,brancos,74435,74435,0
PE,2,comparecimento,5800735,5800735,0
PE,2,nominais,5439765,5439765,0
PE,2,not_installed,0,0,0
PE,2,nulos,286535,286535,0
PE,2,sections,20572,20572,0
PI,2,abstencoes_reportadas,481723,481723,0
PI,2,aptos,2570253,2570253,0
PI,2,brancos,19027,19027,0
PI,2,comparecimento,2088530,2088530,0
PI,2,nominais,2018448,2018448,0
PI,2,not_installed,0,0,0
PI,2,nulos,51055,51055,0
PI,2,sections,8963,8963,0
PR,2,abstencoes_reportadas,1580206,1580206,0
PR,2,aptos,8480626,8480626,0
PR,2,brancos,95555,95555,0
PR,2,comparecimento,6900420,6900420,0
PR,2,nominais,6665948,6665948,0
PR,2,not_installed,0,0,0
PR,2,nulos,138917,138917,0
PR,2,sections,25721,25721,0
RJ,2,abstencoes_reportadas,2853222,2853222,0
RJ,2,aptos,12827044,12827044,0
RJ,2,brancos,126645,126645,0
RJ,2,comparecimento,9973822,9973822,0
RJ,2,nominais,9560111,9560111,0
RJ,2,not_installed,0,0,0
RJ,2,nulos,287066,287066,0
RJ,2,sections,34068,34068,0
RN,2,abstencoes_reportadas,445527,445527,0
RN,2,aptos,2554326,2554326,0
RN,2,brancos,20585,20585,0
RN,2,comparecimento,2108799,2108799,0
RN,2,nominais,2038166,2038166,0
RN,2,not_installed,0,0,0
RN,2,nulos,50048,50048,0
RN,2,sections,7674,7674,0
RO,2,abstencoes_reportadas,303655,303655,0
RO,2,aptos,1230172,1230172,0
RO,2,brancos,9428,9428,0
RO,2,comparecimento,926517,926517,0
RO,2,nominais,896140,896140,0
RO,2,not_installed,0,0,0
RO,2,nulos,20949,20949,0
RO,2,sections,4198,4198,0
RR,2,abstencoes_reportadas,80372,80372,0
RR,2,aptos,366641,366641,0
RR,2,brancos,2173,2173,0
RR,2,comparecimento,286269,286269,0
RR,2,nominais,280646,280646,0
RR,2,not_installed,0,0,0
RR,2,nulos,3450,3450,0
RR,2,sections,1268,1268,0
RS,2,abstencoes_reportadas,1658832,1658832,0
RS,2,aptos,8589684,8589684,0
RS,2,brancos,122456,122456,0
RS,2,comparecimento,6930852,6930852,0
RS,2,nominais,6625036,6625036,0
RS,2,not_installed,0,0,0
RS,2,nulos,183360,183360,0
RS,2,sections,27201,27201,0
SC,2,abstencoes_reportadas,958467,958467,0
SC,2,aptos,5501284,5501284,0
SC,2,brancos,56475,56475,0
SC,2,comparecimento,4542817,4542817,0
SC,2,nominais,4399548,4399548,0
SC,2,not_installed,0,0,0
SC,2,nulos,86794,86794,0
SC,2,sections,16242,16242,0
SE,2,abstencoes_reportadas,315774,315774,0
SE,2,aptos,1671241,1671241,0
SE,2,brancos,18240,18240,0
SE,2,comparecimento,1355467,1355467,0
SE,2,nominais,1284037,1284037,0
SE,2,not_installed,0,0,0
SE,2,nulos,53190,53190,0
SE,2,sections,5498,5498,0
SP,2,abstencoes_reportadas,7304385,7304385,0
SP,2,aptos,34684876,34684876,0
SP,2,brancos,526677,526677,0
SP,2,comparecimento,27380491,27380491,0
SP,2,nominais,25736469,25736469,0
SP,2,not_installed,0,0,0
SP,2,nulos,1117345,1117345,0
SP,2,sections,101073,101073,0
TO,2,abstencoes_reportadas,223064,223064,0
TO,2,aptos,1094302,1094302,0
TO,2,brancos,7158,7158,0
TO,2,comparecimento,871238,871238,0
TO,2,nominais,846247,846247,0
TO,2,not_installed,0,0,0
TO,2,nulos,17833,17833,0
TO,2,sections,3957,3957,0
ZZ,2,abstencoes_reportadas,384857,384857,0
ZZ,2,aptos,695578,695578,0
ZZ,2,brancos,5900,5900,0
ZZ,2,comparecimento,310148,310148,0
ZZ,2,nominais,298169,298169,0
ZZ,2,not_installed,46,46,0
ZZ,2,nulos,6079,6079,0
ZZ,2,sections,1064,1064,0
