SG_UF,NR_TURNO,NR_CANDIDATO,raw_sections,official_munzona,difference
AC,1,12,12314,12314,0
AC,1,13,129022,129022,0
AC,1,14,279,279,0
AC,1,15,20122,20122,0
AC,1,16,77,77,0
AC,1,21,144,144,0
AC,1,22,275582,275582,0
AC,1,27,44,44,0
AC,1,30,825,825,0
AC,1,44,2444,2444,0
AC,1,80,64,64,0
AL,1,12,43542,43542,0
AL,1,13,974156,974156,0
AL,1,14,3020,3020,0
AL,1,15,67411,67411,0
AL,1,16,325,325,0
AL,1,21,494,494,0
AL,1,22,621515,621515,0
AL,1,27,139,139,0
AL,1,30,2450,2450,0
AL,1,44,10683,10683,0
AL,1,80,482,482,0
AM,1,12,44527,44527,0
AM,1,13,1019684,1019684,0
AM,1,14,1373,1373,0
AM,1,15,87060,87060,0
AM,1,16,393,393,0
AM,1,21,476,476,0
AM,1,22,880198,880198,0
AM,1,27,267,267,0
AM,1,30,5212,5212,0
AM,1,44,17002,17002,0
AM,1,80,484,484,0
AP,1,12,14670,14670,0
AP,1,13,197382,197382,0
AP,1,14,359,359,0
AP,1,15,27497,27497,0
AP,1,16,144,144,0
AP,1,21,130,130,0
AP,1,22,187621,187621,0
AP,1,27,62,62,0
AP,1,30,1236,1236,0
AP,1,44,2955,2955,0
AP,1,80,105,105,0
BA,1,12,217224,217224,0
BA,1,13,5873081,5873081,0
BA,1,14,4898,4898,0
BA,1,15,197305,197305,0
BA,1,16,1148,1148,0
BA,1,21,2423,2423,0
BA,1,22,2047599,2047599,0
BA,1,27,753,753,0
BA,1,30,11605,11605,0
BA,1,44,65046,65046,0
BA,1,80,1926,1926,0
CE,1,12,369222,369222,0
CE,1,13,3578355,3578355,0
CE,1,14,2278,2278,0
CE,1,15,66214,66214,0
CE,1,16,717,717,0
CE,1,21,1579,1579,0
CE,1,22,1377827,1377827,0
CE,1,27,416,416,0
CE,1,30,7030,7030,0
CE,1,44,24497,24497,0
CE,1,80,1129,1129,0
DF,1,12,74308,74308,0
DF,1,13,649534,649534,0
DF,1,14,1554,1554,0
DF,1,15,105377,105377,0
DF,1,16,454,454,0
DF,1,21,894,894,0
DF,1,22,910397,910397,0
DF,1,27,518,518,0
DF,1,30,10342,10342,0
DF,1,44,7935,7935,0
DF,1,80,1262,1262,0
ES,1,12,56221,56221,0
ES,1,13,897348,897348,0
ES,1,14,1752,1752,0
ES,1,15,85325,85325,0
ES,1,16,437,437,0
ES,1,21,683,683,0
ES,1,22,1160030,1160030,0
ES,1,27,377,377,0
ES,1,30,8341,8341,0
ES,1,44,9944,9944,0
ES,1,80,672,672,0
GO,1,12,90695,90695,0
GO,1,13,1454723,1454723,0
GO,1,14,2303,2303,0
GO,1,15,170742,170742,0
GO,1,16,498,498,0
GO,1,21,1073,1073,0
GO,1,22,1920203,1920203,0
GO,1,27,397,397,0
GO,1,30,11145,11145,0
GO,1,44,28570,28570,0
GO,1,80,1120,1120,0
MA,1,12,96095,96095,0
MA,1,13,2603454,2603454,0
MA,1,14,4357,4357,0
MA,1,15,78254,78254,0
MA,1,16,799,799,0
MA,1,21,727,727,0
MA,1,22,983861,983861,0
MA,1,27,391,391,0
MA,1,30,4368,4368,0
MA,1,44,8709,8709,0
MA,1,80,630,630,0
MG,1,12,310324,310324,0
MG,1,13,5802571,5802571,0
MG,1,14,7309,7309,0
MG,1,15,500658,500658,0
MG,1,16,2612,2612,0
MG,1,21,4431,4431,0
MG,1,22,5239264,5239264,0
MG,1,27,1588,1588,0
MG,1,30,98526,98526,0
MG,1,44,44109,44109,0
MG,1,80,5241,5241,0
MS,1,12,29314,29314,0
MS,1,13,588323,588323,0
MS,1,14,1057,1057,0
MS,1,15,79719,79719,0
MS,1,16,222,222,0
MS,1,21,371,371,0
MS,1,22,794206,794206,0
MS,1,27,152,152,0
MS,1,30,5193,5193,0
MS,1,44,8082,8082,0
MS,1,80,350,350,0
MT,1,12,29437,29437,0
MT,1,13,633748,633748,0
MT,1,14,2545,2545,0
MT,1,15,55989,55989,0
MT,1,16,250,250,0
MT,1,21,406,406,0
MT,1,22,1102866,1102866,0
MT,1,27,195,195,0
MT,1,30,4371,4371,0
MT,1,44,12715,12715,0
MT,1,80,366,366,0
PA,1,12,116057,116057,0
PA,1,13,2443730,2443730,0
PA,1,14,2783,2783,0
PA,1,15,204075,204075,0
PA,1,16,918,918,0
PA,1,21,920,920,0
PA,1,22,1884673,1884673,0
PA,1,27,349,349,0
PA,1,30,6130,6130,0
PA,1,44,19297,19297,0
PA,1,80,1004,1004,0
PB,1,12,76225,76225,0
PB,1,13,1554868,1554868,0
PB,1,14,1489,1489,0
PB,1,15,57154,57154,0
PB,1,16,332,332,0
PB,1,21,634,634,0
PB,1,22,717416,717416,0
PB,1,27,283,283,0
PB,1,30,3996,3996,0
PB,1,44,8713,8713,0
PB,1,80,578,578,0
PE,1,12,130015,130015,0
PE,1,13,3558322,3558322,0
PE,1,14,2991,2991,0
PE,1,15,96570,96570,0
PE,1,16,765,765,0
PE,1,21,1419,1419,0
PE,1,22,1630938,1630938,0
PE,1,27,456,456,0
PE,1,30,8633,8633,0
PE,1,44,20686,20686,0
PE,1,80,1214,1214,0
PI,1,12,59321,59321,0
PI,1,13,1518008,1518008,0
PI,1,14,1122,1122,0
PI,1,15,42179,42179,0
PI,1,16,317,317,0
PI,1,21,427,427,0
PI,1,22,406897,406897,0
PI,1,27,150,150,0
PI,1,30,2562,2562,0
PI,1,44,13053,13053,0
PI,1,80,350,350,0
PR,1,12,180599,180599,0
PR,1,13,2363492,2363492,0
PR,1,14,5161,5161,0
PR,1,15,309685,309685,0
PR,1,16,1170,1170,0
PR,1,21,2744,2744,0
PR,1,22,3628612,3628612,0
PR,1,27,1104,1104,0
PR,1,30,37983,37983,0
PR,1,44,34125,34125,0
PR,1,80,2089,2089,0
RJ,1,12,301489,301489,0
RJ,1,13,3847143,3847143,0
RJ,1,14,7760,7760,0
RJ,1,15,365969,365969,0
RJ,1,16,2643,2643,0
RJ,1,21,4458,4458,0
RJ,1,22,4831246,4831246,0
RJ,1,27,1546,1546,0
RJ,1,30,43091,43091,0
RJ,1,44,44252,44252,0
RJ,1,80,7080,7080,0
RN,1,12,71740,71740,0
RN,1,13,1264179,1264179,0
RN,1,14,860,860,0
RN,1,15,38633,38633,0
RN,1,16,422,422,0
RN,1,21,606,606,0
RN,1,22,622731,622731,0
RN,1,27,243,243,0
RN,1,30,2937,2937,0
RN,1,44,4326,4326,0
RN,1,80,587,587,0
RO,1,12,19353,19353,0
RO,1,13,261749,261749,0
RO,1,14,749,749,0
RO,1,15,31217,31217,0
RO,1,16,139,139,0
RO,1,21,232,232,0
RO,1,22,581306,581306,0
RO,1,27,111,111,0
RO,1,30,2398,2398,0
RO,1,44,5777,5777,0
RO,1,80,204,204,0
RR,1,12,6709,6709,0
RR,1,13,68760,68760,0
RR,1,14,190,190,0
RR,1,15,12956,12956,0
RR,1,16,75,75,0
RR,1,21,64,64,0
RR,1,22,207587,207587,0
RR,1,27,37,37,0
RR,1,30,794,794,0
RR,1,44,1138,1138,0
RR,1,80,59,59,0
RS,1,12,190945,190945,0
RS,1,13,2806672,2806672,0
RS,1,14,4394,4394,0
RS,1,15,317957,317957,0
RS,1,16,1337,1337,0
RS,1,21,2399,2399,0
RS,1,22,3245023,3245023,0
RS,1,27,885,885,0
RS,1,30,40601,40601,0
RS,1,44,25207,25207,0
RS,1,80,2332,2332,0
SC,1,12,88672,88672,0
SC,1,13,1279216,1279216,0
SC,1,14,3369,3369,0
SC,1,15,191310,191310,0
SC,1,16,838,838,0
SC,1,21,1812,1812,0
SC,1,22,2694406,2694406,0
SC,1,27,567,567,0
SC,1,30,48980,48980,0
SC,1,44,20132,20132,0
SC,1,80,1682,1682,0
SE,1,12,40247,40247,0
SE,1,13,828716,828716,0
SE,1,14,631,631,0
SE,1,15,42073,42073,0
SE,1,16,589,589,0
SE,1,21,364,364,0
SE,1,22,378610,378610,0
SE,1,27,196,196,0
SE,1,30,2194,2194,0
SE,1,44,4416,4416,0
SE,1,80,396,396,0
SP,1,12,898540,898540,0
SP,1,13,10490032,10490032,0
SP,1,14,15784,15784,0
SP,1,15,1625596,1625596,0
SP,1,16,7450,7450,0
SP,1,21,14943,14943,0
SP,1,22,12239989,12239989,0
SP,1,27,5015,5015,0
SP,1,30,183719,183719,0
SP,1,44,153601,153601,0
SP,1,80,21665,21665,0
TO,1,12,18141,18141,0
TO,1,13,434303,434303,0
TO,1,14,418,418,0
TO,1,15,25209,25209,0
TO,1,16,90,90,0
TO,1,21,149,149,0
TO,1,22,379194,379194,0
TO,1,27,105,105,0
TO,1,30,1266,1266,0
TO,1,44,2788,2788,0
TO,1,80,129,129,0
ZZ,1,12,13341,13341,0
ZZ,1,13,138933,138933,0
ZZ,1,14,344,344,0
ZZ,1,15,13167,13167,0
ZZ,1,16,464,464,0
ZZ,1,21,618,618,0
ZZ,1,22,122548,122548,0
ZZ,1,27,258,258,0
ZZ,1,30,3780,3780,0
ZZ,1,44,753,753,0
ZZ,1,80,319,319,0
AC,2,13,121566,121566,0
AC,2,22,287750,287750,0
AL,2,13,976831,976831,0
AL,2,22,687827,687827,0
AM,2,13,1004991,1004991,0
AM,2,22,961741,961741,0
AP,2,13,189918,189918,0
AP,2,22,200547,200547,0
BA,2,13,6097815,6097815,0
BA,2,22,2357028,2357028,0
CE,2,13,3807891,3807891,0
CE,2,22,1634477,1634477,0
DF,2,13,729295,729295,0
DF,2,22,1041331,1041331,0
ES,2,13,926767,926767,0
ES,2,22,1282145,1282145,0
GO,2,13,1542115,1542115,0
GO,2,22,2193041,2193041,0
MA,2,13,2668425,2668425,0
MA,2,22,1082749,1082749,0
MG,2,13,6190960,6190960,0
MG,2,22,6141310,6141310,0
MS,2,13,599547,599547,0
MS,2,22,880606,880606,0
MT,2,13,652786,652786,0
MT,2,22,1216730,1216730,0
PA,2,13,2509084,2509084,0
PA,2,22,2073895,2073895,0
PB,2,13,1601953,1601953,0
PB,2,22,802502,802502,0
PE,2,13,3640933,3640933,0
PE,2,22,1798832,1798832,0
PI,2,13,1551383,1551383,0
PI,2,22,467065,467065,0
PR,2,13,2506605,2506605,0
PR,2,22,4159343,4159343,0
RJ,2,13,4156217,4156217,0
RJ,2,22,5403894,5403894,0
RN,2,13,1326785,1326785,0
RN,2,22,711381,711381,0
RO,2,13,262904,262904,0
RO,2,22,633236,633236,0
RR,2,13,67128,67128,0
RR,2,22,213518,213518,0
RS,2,13,2891851,2891851,0
RS,2,22,3733185,3733185,0
SC,2,13,1351918,1351918,0
SC,2,22,3047630,3047630,0
SE,2,13,862951,862951,0
SE,2,22,421086,421086,0
SP,2,13,11519882,11519882,0
SP,2,22,14216587,14216587,0
TO,2,13,434593,434593,0
TO,2,22,411654,411654,0
ZZ,2,13,152905,152905,0
ZZ,2,22,145264,145264,0
