"target","exact","mc_mean","mcse","tolerance","difference","rhat","ess_bulk","ess_tail","constant","mean_pass","diagnostic_pass"
"Z",1.38284509030503,1.38225,0.00750848878577799,0.0450509327146679,0.000595090305031132,1.00002224263466,5405.22416488764,4477.53299137056,FALSE,TRUE,TRUE
"r_im",0.398981812168353,0.396125,0.00545189481293266,0.032711368877596,0.00285681216835293,0.999886029808892,7461.73431124114,NA,FALSE,TRUE,FALSE
"r_is",0.248193111891865,0.247125,0.00544593914812938,0.0326756348887763,0.00106811189186487,1.00020832622997,5930.43967667792,NA,FALSE,TRUE,FALSE
"r_cm",0.853167462917057,0.865625,0.00366304089381263,0.0219782453628758,0.0124575370829427,0.999923480289889,7692.62401110769,NA,FALSE,TRUE,FALSE
"r_cs",0.810913486465954,0.809,0.00542363949618846,0.0325418369771307,0.00191348646595335,1.00005336192001,4918.52202691121,NA,FALSE,TRUE,FALSE
"indicator_Z1",0.663139043264435,0.665375000000001,0.00617016316328332,0.0370209789796999,0.00223595673556631,1.00040623707253,5693.7513779477,NA,FALSE,TRUE,FALSE
"indicator_Z2",0.290876823166099,0.287000000000001,0.00602126307134632,0.036127578428078,0.00387682316609866,1.00108781922583,5571.91984922931,NA,FALSE,TRUE,FALSE
"indicator_Z3",0.0459841335694661,0.047625,0.00287151405163164,0.0172290843097898,0.00164086643053386,1.00039903382341,4477.53299137055,4477.53299137056,FALSE,TRUE,TRUE
"M",0.0964248170254318,0.0939684375000001,0.00254792161217076,0.0152875296730245,0.00245637952543175,0.999875094475792,5850.90592390315,NA,FALSE,TRUE,FALSE
"S",0,0,0,0.001,0,NA,NA,NA,TRUE,TRUE,TRUE
"margin_lower",0.903575182974568,0.9060315625,0.00254792161217076,0.0152875296730245,0.00245637952543176,0.999875094475792,5850.90592390315,NA,FALSE,TRUE,FALSE
"margin_upper",0.903575182974568,0.9060315625,0.00254792161217076,0.0152875296730245,0.00245637952543176,0.999875094475792,5850.90592390315,NA,FALSE,TRUE,FALSE
