"run","target","rhat_recomputed","bulk_recomputed","tail_recomputed","max_abs_difference","metrics_match","iterations","chains","thinning"
"A_JAGS_20k","pi[1]",1.18947553095906,14.1201297284195,33.3999250775305,0.000000000000021316282072803,TRUE,20000,4,1
"A_JAGS_20k","pi[2]",1.24438068213981,11.6660078528852,29.7307946200838,0.0000000000000248689957516035,TRUE,20000,4,1
"A_JAGS_20k","pi[3]",1.00022139216238,16996.6307764327,17420.2217717058,0.0000000000145519152283669,TRUE,20000,4,1
"A_JAGS_20k","tau.alpha",1.01527770325005,186.74169891844,2027.76355124817,0.000000000000454747350886464,TRUE,20000,4,1
"A_JAGS_20k","nu.alpha",1.00312450815704,28095.6346268288,66323.7326567132,0.0000000000363797880709171,TRUE,20000,4,1
"A_JAGS_20k","iota.m.alpha",3.09689211459153,4.48422296877321,11.437920772689,0.0000000000000337507799486048,TRUE,20000,4,1
"A_JAGS_20k","iota.s.alpha",2.81484982234914,4.61084921146349,11.0137177836854,0.000000000000021316282072803,TRUE,20000,4,1
"A_JAGS_20k","chi.m.alpha",1.99379042322563,5.4843069960115,11.0627585590748,0.000000000000028421709430404,TRUE,20000,4,1
"A_JAGS_20k","chi.s.alpha",2.04653457508757,5.4596697779898,15.6329289366782,0.00000000000000399680288865056,TRUE,20000,4,1
"A_JAGS_20k","beta.tau1",1.00377459683028,2407.26227635484,5204.45285405342,0.00000000000136424205265939,TRUE,20000,4,1
"A_JAGS_20k","beta.nu1",1.00005832176995,18165.6596722113,31500.4879143346,0.0000000000472937244921923,TRUE,20000,4,1
"A_JAGS_20k","beta.iota.m1",1.00049014110949,5629.05728357745,11502.7028667102,0.000000000012732925824821,TRUE,20000,4,1
"A_JAGS_20k","beta.iota.s1",1.00087883786099,5180.24435315335,10638.5311069542,0.0000000000472937244921923,TRUE,20000,4,1
"A_JAGS_20k","beta.chi.m1",1.00016791454669,15719.1451139795,27007.7883311418,0.0000000000363797880709171,TRUE,20000,4,1
"A_JAGS_20k","beta.chi.s1",1.00025556306656,13033.7944138726,23397.9543455831,0.0000000000436557456851006,TRUE,20000,4,1
"A_JAGS_20k","tb",1.01878810045862,141.259426578776,565.596793038547,0.000000000000341060513164848,TRUE,20000,4,1
"A_JAGS_20k","nb",1.0070370060704,2190.90723665381,27463.5655714002,0.0000000000218278728425503,TRUE,20000,4,1
"A_JAGS_20k","imb",1.34073693160888,9.91633233610908,12.5224178354619,0.0000000000000444089209850063,TRUE,20000,4,1
"A_JAGS_20k","isb",1.05940422900679,47.3799759252735,126.349400887145,0.000000000000085265128291212,TRUE,20000,4,1
"A_JAGS_20k","cmb",1.34446331528204,9.48519568111004,75.2441820087877,0.000000000000014210854715202,TRUE,20000,4,1
"A_JAGS_20k","csb",1.117336165541,37.0888913603395,84.883666576359,0.000000000000014210854715202,TRUE,20000,4,1
"A_JAGS_20k","M_total",2.23672429098257,5.08286842105605,5.26116309831772,0.00000000000000444089209850063,TRUE,20000,4,1
"A_JAGS_20k","S_total",2.52390232015756,4.79249397800638,5.26116309831772,0.00000000000000444089209850063,TRUE,20000,4,1
"A_JAGS_20k","class_count[1]",2.17859631739698,5.16934816435554,NA,0.00000000000000310862446895044,TRUE,20000,4,1
"A_JAGS_20k","class_count[2]",2.17859631739698,5.16934816435554,5.26116309831772,0.0000000000000035527136788005,TRUE,20000,4,1
"A_JAGS_20k","class_count[3]",NA,NA,NA,NA,TRUE,20000,4,1
"D_JAGS_20k","pi[1]",1.17631476599495,15.2378116647484,116.512648414505,0.0000000000000319744231092045,TRUE,20000,4,1
"D_JAGS_20k","pi[2]",1.21756530431887,12.9403821641924,103.861155754917,0.000000000000085265128291212,TRUE,20000,4,1
"D_JAGS_20k","pi[3]",1.00005972328533,17651.9708041984,17819.0418237974,0.0000000000400177668780088,TRUE,20000,4,1
"D_JAGS_20k","tau.alpha",1.01175254579655,273.819191313807,14979.653406968,0.0000000000418367562815547,TRUE,20000,4,1
"D_JAGS_20k","nu.alpha",1.00388459766806,2407.55052035794,65653.1521796017,0.0000000000145519152283669,TRUE,20000,4,1
"D_JAGS_20k","iota.m.alpha",1.31660428279963,10.397988622671,28.0918959541857,0.0000000000000301980662698043,TRUE,20000,4,1
"D_JAGS_20k","iota.s.alpha",1.13223674239783,21.5641837333922,80.1523607607313,0.000000000000028421709430404,TRUE,20000,4,1
"D_JAGS_20k","chi.m.alpha",1.12253516263992,39.8850067779969,104.476927818079,0.000000000000454747350886464,TRUE,20000,4,1
"D_JAGS_20k","chi.s.alpha",1.18595309164171,24.5291161104536,44.7702660936198,0.000000000000049737991503207,TRUE,20000,4,1
"D_JAGS_20k","beta.tau1",1.00280969158477,2707.94556833618,5897.15362154276,0.000000000000909494701772928,TRUE,20000,4,1
"D_JAGS_20k","beta.nu1",1.00056670719897,9428.93587579572,18983.0989279373,0.0000000000400177668780088,TRUE,20000,4,1
"D_JAGS_20k","beta.iota.m1",1.00012441284673,49725.2494047935,47784.0157393466,0.0000000000291038304567337,TRUE,20000,4,1
"D_JAGS_20k","beta.iota.s1",1.00001870073309,49886.4265914238,46282.5126689746,0.000000000050931703299284,TRUE,20000,4,1
"D_JAGS_20k","beta.chi.m1",0.999984176154357,48779.661449111,44075.0101966255,0.000000000050931703299284,TRUE,20000,4,1
"D_JAGS_20k","beta.chi.s1",1.00001019161562,48796.5947417533,45192.0296594319,0.0000000000291038304567337,TRUE,20000,4,1
"D_JAGS_20k","tb",1.00521119184813,1659.38757000536,19340.7630800464,0.0000000000327418092638254,TRUE,20000,4,1
"D_JAGS_20k","nb",1.00060298114198,35990.0064951658,37712.595698075,0.000000000050931703299284,TRUE,20000,4,1
"D_JAGS_20k","imb",1.07409723019991,61.2768579603793,266.986434442734,0.000000000000454747350886464,TRUE,20000,4,1
"D_JAGS_20k","isb",1.0229254335684,178.213269076738,198.990070516481,0.000000000000227373675443232,TRUE,20000,4,1
"D_JAGS_20k","cmb",1.01149957598602,186.679300013938,250.251237491816,0.000000000000341060513164848,TRUE,20000,4,1
"D_JAGS_20k","csb",1.00819528047404,194.487958440425,441.754916089421,0.000000000000170530256582424,TRUE,20000,4,1
"D_JAGS_20k","M_total",1.51763934751628,7.35928613792273,11.1846436147469,0.0000000000000230926389122033,TRUE,20000,4,1
"D_JAGS_20k","S_total",1.42109502458394,8.53228234142949,11.1846436147469,0.0000000000000230926389122033,TRUE,20000,4,1
"D_JAGS_20k","class_count[1]",1.45629912472736,7.96091949095941,NA,0.00000000000000310862446895044,TRUE,20000,4,1
"D_JAGS_20k","class_count[2]",1.45629912472736,7.96091949095941,11.1846436147469,0.0000000000000230926389122033,TRUE,20000,4,1
"D_JAGS_20k","class_count[3]",NA,NA,NA,NA,TRUE,20000,4,1
"D_Stan_2k","pi[1]",1.46878987067085,7.78202681329727,18.0753347851395,0.0000000000000461852778244065,TRUE,2000,4,1
"D_Stan_2k","pi[2]",1.46940076318001,7.77668390891236,18.2758471348135,0.0000000000000461852778244065,TRUE,2000,4,1
"D_Stan_2k","pi[3]",1.00008652013855,9005.56998207358,4049.83292741056,0.00000000000545696821063757,TRUE,2000,4,1
"D_Stan_2k","tau.alpha",1.04728290893812,99.2872643120668,647.568418599725,0,TRUE,2000,4,1
"D_Stan_2k","nu.alpha",2.10946511124529,5.27132191613643,24.5710846442474,0.0000000000000035527136788005,TRUE,2000,4,1
"D_Stan_2k","iota.m.alpha",1.28882927473101,10.8699713819407,25.5118082459038,0.0000000000000159872115546023,TRUE,2000,4,1
"D_Stan_2k","iota.s.alpha",1.80413197914924,5.8682703596455,29.1425831406889,0.00000000000000377475828372553,TRUE,2000,4,1
"D_Stan_2k","chi.m.alpha",1.00089229609794,16342.9738634003,5370.89153437138,0.0000000000181898940354586,TRUE,2000,4,1
"D_Stan_2k","chi.s.alpha",1.00063363657783,17933.4037962242,5667.6848873864,0.0000000000145519152283669,TRUE,2000,4,1
"D_Stan_2k","beta.tau1",1.0000377493106,15595.0472627129,5582.03592442261,0.0000000000363797880709171,TRUE,2000,4,1
"D_Stan_2k","beta.nu1",1.00013445480766,16724.2994145453,5548.17769563611,0.0000000000436557456851006,TRUE,2000,4,1
"D_Stan_2k","beta.iota.m1",1.00063803442896,16306.0666082131,6035.66366595051,0.0000000000200088834390044,TRUE,2000,4,1
"D_Stan_2k","beta.iota.s1",1.00167079521486,16431.5409181009,5183.4455749201,0.0000000000327418092638254,TRUE,2000,4,1
"D_Stan_2k","beta.chi.m1",1.00075340888841,15188.6304877278,5406.70061998335,0.0000000000181898940354586,TRUE,2000,4,1
"D_Stan_2k","beta.chi.s1",1.00088120556713,15021.0283849692,5494.02429631527,0.0000000000218278728425503,TRUE,2000,4,1
"D_Stan_2k","tb",1.12541517017473,22.7604780479396,110.419337677268,0.000000000000127897692436818,TRUE,2000,4,1
"D_Stan_2k","nb",1.96297316301297,5.46082894000788,30.0889337143992,0.000000000000028421709430404,TRUE,2000,4,1
"D_Stan_2k","imb",1.00923286600999,879.982671581406,1817.66894588624,0.00000000000250111042987555,TRUE,2000,4,1
"D_Stan_2k","isb",1.00114235145271,2690.8802652246,4877.96570424874,0.00000000000227373675443232,TRUE,2000,4,1
"D_Stan_2k","cmb",1.00012430915554,8764.55834113377,3910.88617228593,0.00000000000363797880709171,TRUE,2000,4,1
"D_Stan_2k","csb",0.999855398997999,9446.89690909761,4089.67160563619,0.00000000000272848410531878,TRUE,2000,4,1
"D_Stan_2k","M_total",1.14050955010957,24.5241780786707,85.162736658969,0.000000000000056843418860808,TRUE,2000,4,1
"D_Stan_2k","S_total",2.69279480328346,4.69041823012559,21.5249645690644,0.00000000000000266453525910038,TRUE,2000,4,1
"D_Stan_2k","class_count[1]",2.26423933450406,5.0754604352903,18.8598093820876,0.0000000000000319744231092045,TRUE,2000,4,1
"D_Stan_2k","class_count[2]",2.26423933450406,5.0754604352903,NA,0.000000000000000444089209850063,TRUE,2000,4,1
"D_Stan_2k","class_count[3]",NA,NA,NA,NA,TRUE,2000,4,1
